Thu Jun 25 22:42:16 2026       
+-----------------------------------------------------------------------------------------+
| NVIDIA-SMI 550.54.14              Driver Version: 550.54.14      CUDA Version: 12.4     |
|-----------------------------------------+------------------------+----------------------+
| GPU  Name                 Persistence-M | Bus-Id          Disp.A | Volatile Uncorr. ECC |
| Fan  Temp   Perf          Pwr:Usage/Cap |           Memory-Usage | GPU-Util  Compute M. |
|                                         |                        |               MIG M. |
|=========================================+========================+======================|
|   0  NVIDIA A16                     Off |   00000000:C5:00.0 Off |                    0 |
|  0%   37C    P0             19W /   62W |       0MiB /  15356MiB |      0%      Default |
|                                         |                        |                  N/A |
+-----------------------------------------+------------------------+----------------------+
                                                                                         
+-----------------------------------------------------------------------------------------+
| Processes:                                                                              |
|  GPU   GI   CI        PID   Type   Process name                              GPU Memory |
|        ID   ID                                                               Usage      |
|=========================================================================================|
|  No running processes found                                                             |
+-----------------------------------------------------------------------------------------+
Step: 100, Returns: nan, Epsilon: 0.9998
Step: 200, Returns: nan, Epsilon: 0.9996
Step: 300, Returns: nan, Epsilon: 0.9994
Step: 400, Returns: nan, Epsilon: 0.9992
Step: 500, Returns: nan, Epsilon: 0.9990
Step: 600, Returns: nan, Epsilon: 0.9988
Step: 700, Returns: nan, Epsilon: 0.9986
Step: 800, Returns: -21.000, Epsilon: 0.9984
Step: 900, Returns: -20.750, Epsilon: 0.9982
Step: 1000, Returns: -20.700, Epsilon: 0.9980
Step: 1100, Returns: -20.333, Epsilon: 0.9978
Step: 1200, Returns: -20.250, Epsilon: 0.9976
Step: 1300, Returns: -20.250, Epsilon: 0.9974
Step: 1400, Returns: -20.250, Epsilon: 0.9972
Step: 1500, Returns: -20.250, Epsilon: 0.9970
Step: 1600, Returns: -20.250, Epsilon: 0.9968
Step: 1700, Returns: -20.333, Epsilon: 0.9966
Step: 1800, Returns: -20.350, Epsilon: 0.9964
Step: 1900, Returns: -20.333, Epsilon: 0.9962
Step: 2000, Returns: -20.367, Epsilon: 0.9960
Step: 2100, Returns: -20.355, Epsilon: 0.9958
Step: 2200, Returns: -20.355, Epsilon: 0.9956
Step: 2300, Returns: -20.375, Epsilon: 0.9954
Step: 2400, Returns: -20.375, Epsilon: 0.9952
Step: 2500, Returns: -20.375, Epsilon: 0.9951
Step: 2600, Returns: -20.364, Epsilon: 0.9949
Step: 2700, Returns: -20.432, Epsilon: 0.9947
Step: 2800, Returns: -20.462, Epsilon: 0.9945
Step: 2900, Returns: -20.452, Epsilon: 0.9943
Step: 3000, Returns: -20.383, Epsilon: 0.9941
Step: 3100, Returns: -20.396, Epsilon: 0.9939
Updating target network...
Step: 3200, Returns: -20.396, Epsilon: 0.9937
Step: 3300, Returns: -20.396, Epsilon: 0.9935
Step: 3400, Returns: -20.396, Epsilon: 0.9933
Step: 3500, Returns: -20.420, Epsilon: 0.9931
Step: 3600, Returns: -20.415, Epsilon: 0.9929
Step: 3700, Returns: -20.407, Epsilon: 0.9927
Step: 3800, Returns: -20.439, Epsilon: 0.9925
Step: 3900, Returns: -20.403, Epsilon: 0.9923
Step: 4000, Returns: -20.422, Epsilon: 0.9921
Step: 4100, Returns: -20.422, Epsilon: 0.9919
Step: 4200, Returns: -20.422, Epsilon: 0.9917
Step: 4300, Returns: -20.422, Epsilon: 0.9915
Step: 4400, Returns: -20.418, Epsilon: 0.9913
Step: 4500, Returns: -20.426, Epsilon: 0.9911
Step: 4600, Returns: -20.443, Epsilon: 0.9909
Step: 4700, Returns: -20.444, Epsilon: 0.9907
Step: 4800, Returns: -20.429, Epsilon: 0.9905
Step: 4900, Returns: -20.443, Epsilon: 0.9903
Step: 5000, Returns: -20.438, Epsilon: 0.9901
Step: 5100, Returns: -20.438, Epsilon: 0.9899
Step: 5200, Returns: -20.432, Epsilon: 0.9897
Step: 5300, Returns: -20.427, Epsilon: 0.9895
Step: 5400, Returns: -20.430, Epsilon: 0.9893
Step: 5500, Returns: -20.430, Epsilon: 0.9891
Step: 5600, Returns: -20.437, Epsilon: 0.9889
Updating target network...
Step: 5700, Returns: -20.435, Epsilon: 0.9887
Step: 5800, Returns: -20.447, Epsilon: 0.9885
Step: 5900, Returns: -20.448, Epsilon: 0.9883
Step: 6000, Returns: -20.454, Epsilon: 0.9881
Step: 6100, Returns: -20.454, Epsilon: 0.9879
Step: 6200, Returns: -20.465, Epsilon: 0.9877
Step: 6300, Returns: -20.470, Epsilon: 0.9875
Step: 6400, Returns: -20.450, Epsilon: 0.9873
Step: 6500, Returns: -20.450, Epsilon: 0.9871
Step: 6600, Returns: -20.440, Epsilon: 0.9869
Step: 6700, Returns: -20.450, Epsilon: 0.9867
Step: 6800, Returns: -20.400, Epsilon: 0.9865
Step: 6900, Returns: -20.400, Epsilon: 0.9863
Step: 7000, Returns: -20.420, Epsilon: 0.9861
Step: 7100, Returns: -20.420, Epsilon: 0.9859
Step: 7200, Returns: -20.440, Epsilon: 0.9857
Step: 7300, Returns: -20.420, Epsilon: 0.9855
Step: 7400, Returns: -20.420, Epsilon: 0.9853
Step: 7500, Returns: -20.430, Epsilon: 0.9852
Step: 7600, Returns: -20.420, Epsilon: 0.9850
Step: 7700, Returns: -20.450, Epsilon: 0.9848
Step: 7800, Returns: -20.410, Epsilon: 0.9846
Step: 7900, Returns: -20.400, Epsilon: 0.9844
Step: 8000, Returns: -20.390, Epsilon: 0.9842
Step: 8100, Returns: -20.400, Epsilon: 0.9840
Updating target network...
Step: 8200, Returns: -20.400, Epsilon: 0.9838
Step: 8300, Returns: -20.370, Epsilon: 0.9836
Step: 8400, Returns: -20.360, Epsilon: 0.9834
Step: 8500, Returns: -20.360, Epsilon: 0.9832
Step: 8600, Returns: -20.360, Epsilon: 0.9830
Step: 8700, Returns: -20.370, Epsilon: 0.9828
Step: 8800, Returns: -20.380, Epsilon: 0.9826
Step: 8900, Returns: -20.400, Epsilon: 0.9824
Step: 9000, Returns: -20.400, Epsilon: 0.9822
Step: 9100, Returns: -20.400, Epsilon: 0.9820
Step: 9200, Returns: -20.360, Epsilon: 0.9818
Step: 9300, Returns: -20.360, Epsilon: 0.9816
Step: 9400, Returns: -20.370, Epsilon: 0.9814
Step: 9500, Returns: -20.340, Epsilon: 0.9812
Step: 9600, Returns: -20.350, Epsilon: 0.9810
Step: 9700, Returns: -20.370, Epsilon: 0.9808
Step: 9800, Returns: -20.360, Epsilon: 0.9806
Step: 9900, Returns: -20.360, Epsilon: 0.9804
Step: 10000, Returns: -20.360, Epsilon: 0.9802
Step: 10100, Returns: -20.360, Epsilon: 0.9800
Step: 10200, Returns: -20.330, Epsilon: 0.9798
Step: 10300, Returns: -20.330, Epsilon: 0.9796
Step: 10400, Returns: -20.330, Epsilon: 0.9794
Step: 10500, Returns: -20.330, Epsilon: 0.9792
Step: 10600, Returns: -20.320, Epsilon: 0.9790
Updating target network...
Step: 10700, Returns: -20.330, Epsilon: 0.9788
Step: 10800, Returns: -20.320, Epsilon: 0.9786
Step: 10900, Returns: -20.330, Epsilon: 0.9784
Step: 11000, Returns: -20.340, Epsilon: 0.9782
Step: 11100, Returns: -20.340, Epsilon: 0.9780
Step: 11200, Returns: -20.330, Epsilon: 0.9778
Step: 11300, Returns: -20.330, Epsilon: 0.9776
Step: 11400, Returns: -20.330, Epsilon: 0.9774
Step: 11500, Returns: -20.320, Epsilon: 0.9772
Step: 11600, Returns: -20.320, Epsilon: 0.9770
Step: 11700, Returns: -20.310, Epsilon: 0.9768
Step: 11800, Returns: -20.320, Epsilon: 0.9766
Step: 11900, Returns: -20.310, Epsilon: 0.9764
Step: 12000, Returns: -20.300, Epsilon: 0.9762
Step: 12100, Returns: -20.300, Epsilon: 0.9760
Step: 12200, Returns: -20.280, Epsilon: 0.9758
Step: 12300, Returns: -20.260, Epsilon: 0.9756
Step: 12400, Returns: -20.250, Epsilon: 0.9754
Step: 12500, Returns: -20.260, Epsilon: 0.9753
Step: 12600, Returns: -20.260, Epsilon: 0.9751
Step: 12700, Returns: -20.290, Epsilon: 0.9749
Step: 12800, Returns: -20.280, Epsilon: 0.9747
Step: 12900, Returns: -20.280, Epsilon: 0.9745
Step: 13000, Returns: -20.320, Epsilon: 0.9743
Step: 13100, Returns: -20.320, Epsilon: 0.9741
Updating target network...
Step: 13200, Returns: -20.300, Epsilon: 0.9739
Step: 13300, Returns: -20.300, Epsilon: 0.9737
Step: 13400, Returns: -20.290, Epsilon: 0.9735
Step: 13500, Returns: -20.290, Epsilon: 0.9733
Step: 13600, Returns: -20.300, Epsilon: 0.9731
Step: 13700, Returns: -20.300, Epsilon: 0.9729
Step: 13800, Returns: -20.290, Epsilon: 0.9727
Step: 13900, Returns: -20.280, Epsilon: 0.9725
Step: 14000, Returns: -20.290, Epsilon: 0.9723
Step: 14100, Returns: -20.300, Epsilon: 0.9721
Step: 14200, Returns: -20.300, Epsilon: 0.9719
Step: 14300, Returns: -20.290, Epsilon: 0.9717
Step: 14400, Returns: -20.290, Epsilon: 0.9715
Step: 14500, Returns: -20.290, Epsilon: 0.9713
Step: 14600, Returns: -20.290, Epsilon: 0.9711
Step: 14700, Returns: -20.280, Epsilon: 0.9709
Step: 14800, Returns: -20.270, Epsilon: 0.9707
Step: 14900, Returns: -20.280, Epsilon: 0.9705
Step: 15000, Returns: -20.270, Epsilon: 0.9703
Step: 15100, Returns: -20.260, Epsilon: 0.9701
Step: 15200, Returns: -20.260, Epsilon: 0.9699
Step: 15300, Returns: -20.260, Epsilon: 0.9697
Step: 15400, Returns: -20.250, Epsilon: 0.9695
Step: 15500, Returns: -20.240, Epsilon: 0.9693
Step: 15600, Returns: -20.240, Epsilon: 0.9691
Updating target network...
Step: 15700, Returns: -20.240, Epsilon: 0.9689
Step: 15800, Returns: -20.240, Epsilon: 0.9687
Step: 15900, Returns: -20.230, Epsilon: 0.9685
Step: 16000, Returns: -20.240, Epsilon: 0.9683
Step: 16100, Returns: -20.240, Epsilon: 0.9681
Step: 16200, Returns: -20.210, Epsilon: 0.9679
Step: 16300, Returns: -20.210, Epsilon: 0.9677
Step: 16400, Returns: -20.210, Epsilon: 0.9675
Step: 16500, Returns: -20.220, Epsilon: 0.9673
Step: 16600, Returns: -20.210, Epsilon: 0.9671
Step: 16700, Returns: -20.220, Epsilon: 0.9669
Step: 16800, Returns: -20.210, Epsilon: 0.9667
Step: 16900, Returns: -20.210, Epsilon: 0.9665
Step: 17000, Returns: -20.210, Epsilon: 0.9663
Step: 17100, Returns: -20.170, Epsilon: 0.9661
Step: 17200, Returns: -20.160, Epsilon: 0.9659
Step: 17300, Returns: -20.160, Epsilon: 0.9657
Step: 17400, Returns: -20.160, Epsilon: 0.9655
Step: 17500, Returns: -20.160, Epsilon: 0.9654
Step: 17600, Returns: -20.150, Epsilon: 0.9652
Step: 17700, Returns: -20.150, Epsilon: 0.9650
Step: 17800, Returns: -20.160, Epsilon: 0.9648
Step: 17900, Returns: -20.150, Epsilon: 0.9646
Step: 18000, Returns: -20.170, Epsilon: 0.9644
Step: 18100, Returns: -20.230, Epsilon: 0.9642
Updating target network...
Step: 18200, Returns: -20.230, Epsilon: 0.9640
Step: 18300, Returns: -20.240, Epsilon: 0.9638
Step: 18400, Returns: -20.240, Epsilon: 0.9636
Step: 18500, Returns: -20.240, Epsilon: 0.9634
Step: 18600, Returns: -20.240, Epsilon: 0.9632
Step: 18700, Returns: -20.240, Epsilon: 0.9630
Step: 18800, Returns: -20.240, Epsilon: 0.9628
Step: 18900, Returns: -20.200, Epsilon: 0.9626
Step: 19000, Returns: -20.220, Epsilon: 0.9624
Step: 19100, Returns: -20.240, Epsilon: 0.9622
Step: 19200, Returns: -20.240, Epsilon: 0.9620
Step: 19300, Returns: -20.250, Epsilon: 0.9618
Step: 19400, Returns: -20.280, Epsilon: 0.9616
Step: 19500, Returns: -20.280, Epsilon: 0.9614
Step: 19600, Returns: -20.280, Epsilon: 0.9612
Step: 19700, Returns: -20.280, Epsilon: 0.9610
Step: 19800, Returns: -20.310, Epsilon: 0.9608
Step: 19900, Returns: -20.310, Epsilon: 0.9606
Step: 20000, Returns: -20.270, Epsilon: 0.9604
Step: 20100, Returns: -20.260, Epsilon: 0.9602
Step: 20200, Returns: -20.260, Epsilon: 0.9600
Step: 20300, Returns: -20.260, Epsilon: 0.9598
Step: 20400, Returns: -20.240, Epsilon: 0.9596
Step: 20500, Returns: -20.270, Epsilon: 0.9594
Step: 20600, Returns: -20.270, Epsilon: 0.9592
Updating target network...
Step: 20700, Returns: -20.290, Epsilon: 0.9590
Step: 20800, Returns: -20.340, Epsilon: 0.9588
Step: 20900, Returns: -20.330, Epsilon: 0.9586
Step: 21000, Returns: -20.360, Epsilon: 0.9584
Step: 21100, Returns: -20.360, Epsilon: 0.9582
Step: 21200, Returns: -20.360, Epsilon: 0.9580
Step: 21300, Returns: -20.350, Epsilon: 0.9578
Step: 21400, Returns: -20.360, Epsilon: 0.9576
Step: 21500, Returns: -20.360, Epsilon: 0.9574
Step: 21600, Returns: -20.380, Epsilon: 0.9572
Step: 21700, Returns: -20.390, Epsilon: 0.9570
Step: 21800, Returns: -20.390, Epsilon: 0.9568
Step: 21900, Returns: -20.400, Epsilon: 0.9566
Step: 22000, Returns: -20.400, Epsilon: 0.9564
Step: 22100, Returns: -20.400, Epsilon: 0.9562
Step: 22200, Returns: -20.420, Epsilon: 0.9560
Step: 22300, Returns: -20.420, Epsilon: 0.9558
Step: 22400, Returns: -20.420, Epsilon: 0.9556
Step: 22500, Returns: -20.400, Epsilon: 0.9555
Step: 22600, Returns: -20.400, Epsilon: 0.9553
Step: 22700, Returns: -20.450, Epsilon: 0.9551
Step: 22800, Returns: -20.470, Epsilon: 0.9549
Step: 22900, Returns: -20.470, Epsilon: 0.9547
Step: 23000, Returns: -20.480, Epsilon: 0.9545
Step: 23100, Returns: -20.480, Epsilon: 0.9543
Updating target network...
Step: 23200, Returns: -20.480, Epsilon: 0.9541
Step: 23300, Returns: -20.480, Epsilon: 0.9539
Step: 23400, Returns: -20.490, Epsilon: 0.9537
Step: 23500, Returns: -20.500, Epsilon: 0.9535
Step: 23600, Returns: -20.500, Epsilon: 0.9533
Step: 23700, Returns: -20.490, Epsilon: 0.9531
Step: 23800, Returns: -20.490, Epsilon: 0.9529
Step: 23900, Returns: -20.490, Epsilon: 0.9527
Step: 24000, Returns: -20.450, Epsilon: 0.9525
Step: 24100, Returns: -20.460, Epsilon: 0.9523
Step: 24200, Returns: -20.460, Epsilon: 0.9521
Step: 24300, Returns: -20.460, Epsilon: 0.9519
Step: 24400, Returns: -20.480, Epsilon: 0.9517
Step: 24500, Returns: -20.480, Epsilon: 0.9515
Step: 24600, Returns: -20.440, Epsilon: 0.9513
Step: 24700, Returns: -20.440, Epsilon: 0.9511
Step: 24800, Returns: -20.420, Epsilon: 0.9509
Step: 24900, Returns: -20.400, Epsilon: 0.9507
Step: 25000, Returns: -20.400, Epsilon: 0.9505
Step: 25100, Returns: -20.400, Epsilon: 0.9503
Step: 25200, Returns: -20.400, Epsilon: 0.9501
Step: 25300, Returns: -20.380, Epsilon: 0.9499
Step: 25400, Returns: -20.350, Epsilon: 0.9497
Step: 25500, Returns: -20.340, Epsilon: 0.9495
Step: 25600, Returns: -20.340, Epsilon: 0.9493
Updating target network...
Step: 25700, Returns: -20.340, Epsilon: 0.9491
Step: 25800, Returns: -20.360, Epsilon: 0.9489
Step: 25900, Returns: -20.360, Epsilon: 0.9487
Step: 26000, Returns: -20.360, Epsilon: 0.9485
Step: 26100, Returns: -20.340, Epsilon: 0.9483
Step: 26200, Returns: -20.340, Epsilon: 0.9481
Step: 26300, Returns: -20.340, Epsilon: 0.9479
Step: 26400, Returns: -20.340, Epsilon: 0.9477
Step: 26500, Returns: -20.340, Epsilon: 0.9475
Step: 26600, Returns: -20.320, Epsilon: 0.9473
Step: 26700, Returns: -20.310, Epsilon: 0.9471
Step: 26800, Returns: -20.310, Epsilon: 0.9469
Step: 26900, Returns: -20.290, Epsilon: 0.9467
Step: 27000, Returns: -20.260, Epsilon: 0.9465
Step: 27100, Returns: -20.250, Epsilon: 0.9463
Step: 27200, Returns: -20.250, Epsilon: 0.9461
Step: 27300, Returns: -20.260, Epsilon: 0.9459
Step: 27400, Returns: -20.250, Epsilon: 0.9457
Step: 27500, Returns: -20.230, Epsilon: 0.9456
Step: 27600, Returns: -20.220, Epsilon: 0.9454
Step: 27700, Returns: -20.220, Epsilon: 0.9452
Step: 27800, Returns: -20.210, Epsilon: 0.9450
Step: 27900, Returns: -20.210, Epsilon: 0.9448
Step: 28000, Returns: -20.210, Epsilon: 0.9446
Step: 28100, Returns: -20.180, Epsilon: 0.9444
Updating target network...
Step: 28200, Returns: -20.150, Epsilon: 0.9442
Step: 28300, Returns: -20.150, Epsilon: 0.9440
Step: 28400, Returns: -20.160, Epsilon: 0.9438
Step: 28500, Returns: -20.190, Epsilon: 0.9436
Step: 28600, Returns: -20.120, Epsilon: 0.9434
Step: 28700, Returns: -20.110, Epsilon: 0.9432
Step: 28800, Returns: -20.100, Epsilon: 0.9430
Step: 28900, Returns: -20.100, Epsilon: 0.9428
Step: 29000, Returns: -20.100, Epsilon: 0.9426
Step: 29100, Returns: -20.100, Epsilon: 0.9424
Step: 29200, Returns: -20.080, Epsilon: 0.9422
Step: 29300, Returns: -20.080, Epsilon: 0.9420
Step: 29400, Returns: -20.080, Epsilon: 0.9418
Step: 29500, Returns: -20.080, Epsilon: 0.9416
Step: 29600, Returns: -20.070, Epsilon: 0.9414
Step: 29700, Returns: -20.090, Epsilon: 0.9412
Step: 29800, Returns: -20.090, Epsilon: 0.9410
Step: 29900, Returns: -20.090, Epsilon: 0.9408
Step: 30000, Returns: -20.100, Epsilon: 0.9406
Step: 30100, Returns: -20.100, Epsilon: 0.9404
Step: 30200, Returns: -20.090, Epsilon: 0.9402
Step: 30300, Returns: -20.080, Epsilon: 0.9400
Step: 30400, Returns: -20.100, Epsilon: 0.9398
Step: 30500, Returns: -20.150, Epsilon: 0.9396
Step: 30600, Returns: -20.140, Epsilon: 0.9394
Updating target network...
Step: 30700, Returns: -20.130, Epsilon: 0.9392
Step: 30800, Returns: -20.130, Epsilon: 0.9390
Step: 30900, Returns: -20.120, Epsilon: 0.9388
Step: 31000, Returns: -20.160, Epsilon: 0.9386
Step: 31100, Returns: -20.160, Epsilon: 0.9384
Step: 31200, Returns: -20.210, Epsilon: 0.9382
Step: 31300, Returns: -20.210, Epsilon: 0.9380
Step: 31400, Returns: -20.220, Epsilon: 0.9378
Step: 31500, Returns: -20.220, Epsilon: 0.9376
Step: 31600, Returns: -20.200, Epsilon: 0.9374
Step: 31700, Returns: -20.190, Epsilon: 0.9372
Step: 31800, Returns: -20.190, Epsilon: 0.9370
Step: 31900, Returns: -20.190, Epsilon: 0.9368
Step: 32000, Returns: -20.200, Epsilon: 0.9366
Step: 32100, Returns: -20.210, Epsilon: 0.9364
Step: 32200, Returns: -20.140, Epsilon: 0.9362
Step: 32300, Returns: -20.120, Epsilon: 0.9360
Step: 32400, Returns: -20.130, Epsilon: 0.9358
Step: 32500, Returns: -20.130, Epsilon: 0.9357
Step: 32600, Returns: -20.130, Epsilon: 0.9355
Step: 32700, Returns: -20.120, Epsilon: 0.9353
Step: 32800, Returns: -20.120, Epsilon: 0.9351
Step: 32900, Returns: -20.120, Epsilon: 0.9349
Step: 33000, Returns: -20.130, Epsilon: 0.9347
Step: 33100, Returns: -20.150, Epsilon: 0.9345
Updating target network...
Step: 33200, Returns: -20.160, Epsilon: 0.9343
Step: 33300, Returns: -20.170, Epsilon: 0.9341
Step: 33400, Returns: -20.170, Epsilon: 0.9339
Step: 33500, Returns: -20.150, Epsilon: 0.9337
Step: 33600, Returns: -20.150, Epsilon: 0.9335
Step: 33700, Returns: -20.150, Epsilon: 0.9333
Step: 33800, Returns: -20.160, Epsilon: 0.9331
Step: 33900, Returns: -20.160, Epsilon: 0.9329
Step: 34000, Returns: -20.170, Epsilon: 0.9327
Step: 34100, Returns: -20.190, Epsilon: 0.9325
Step: 34200, Returns: -20.180, Epsilon: 0.9323
Step: 34300, Returns: -20.200, Epsilon: 0.9321
Step: 34400, Returns: -20.230, Epsilon: 0.9319
Step: 34500, Returns: -20.230, Epsilon: 0.9317
Step: 34600, Returns: -20.240, Epsilon: 0.9315
Step: 34700, Returns: -20.240, Epsilon: 0.9313
Step: 34800, Returns: -20.240, Epsilon: 0.9311
Step: 34900, Returns: -20.240, Epsilon: 0.9309
Step: 35000, Returns: -20.250, Epsilon: 0.9307
Step: 35100, Returns: -20.250, Epsilon: 0.9305
Step: 35200, Returns: -20.260, Epsilon: 0.9303
Step: 35300, Returns: -20.250, Epsilon: 0.9301
Step: 35400, Returns: -20.270, Epsilon: 0.9299
Step: 35500, Returns: -20.250, Epsilon: 0.9297
Step: 35600, Returns: -20.250, Epsilon: 0.9295
Updating target network...
Step: 35700, Returns: -20.240, Epsilon: 0.9293
Step: 35800, Returns: -20.240, Epsilon: 0.9291
Step: 35900, Returns: -20.240, Epsilon: 0.9289
Step: 36000, Returns: -20.240, Epsilon: 0.9287
Step: 36100, Returns: -20.250, Epsilon: 0.9285
Step: 36200, Returns: -20.240, Epsilon: 0.9283
Step: 36300, Returns: -20.240, Epsilon: 0.9281
Step: 36400, Returns: -20.240, Epsilon: 0.9279
Step: 36500, Returns: -20.240, Epsilon: 0.9277
Step: 36600, Returns: -20.240, Epsilon: 0.9275
Step: 36700, Returns: -20.230, Epsilon: 0.9273
Step: 36800, Returns: -20.210, Epsilon: 0.9271
Step: 36900, Returns: -20.190, Epsilon: 0.9269
Step: 37000, Returns: -20.190, Epsilon: 0.9267
Step: 37100, Returns: -20.160, Epsilon: 0.9265
Step: 37200, Returns: -20.160, Epsilon: 0.9263
Step: 37300, Returns: -20.150, Epsilon: 0.9261
Step: 37400, Returns: -20.140, Epsilon: 0.9259
Step: 37500, Returns: -20.140, Epsilon: 0.9258
Step: 37600, Returns: -20.150, Epsilon: 0.9256
Step: 37700, Returns: -20.150, Epsilon: 0.9254
Step: 37800, Returns: -20.170, Epsilon: 0.9252
Step: 37900, Returns: -20.150, Epsilon: 0.9250
Step: 38000, Returns: -20.190, Epsilon: 0.9248
Step: 38100, Returns: -20.200, Epsilon: 0.9246
Updating target network...
Step: 38200, Returns: -20.220, Epsilon: 0.9244
Step: 38300, Returns: -20.200, Epsilon: 0.9242
Step: 38400, Returns: -20.200, Epsilon: 0.9240
Step: 38500, Returns: -20.200, Epsilon: 0.9238
Step: 38600, Returns: -20.200, Epsilon: 0.9236
Step: 38700, Returns: -20.200, Epsilon: 0.9234
Step: 38800, Returns: -20.220, Epsilon: 0.9232
Step: 38900, Returns: -20.230, Epsilon: 0.9230
Step: 39000, Returns: -20.230, Epsilon: 0.9228
Step: 39100, Returns: -20.230, Epsilon: 0.9226
Step: 39200, Returns: -20.210, Epsilon: 0.9224
Step: 39300, Returns: -20.200, Epsilon: 0.9222
Step: 39400, Returns: -20.220, Epsilon: 0.9220
Step: 39500, Returns: -20.200, Epsilon: 0.9218
Step: 39600, Returns: -20.200, Epsilon: 0.9216
Step: 39700, Returns: -20.220, Epsilon: 0.9214
Step: 39800, Returns: -20.230, Epsilon: 0.9212
Step: 39900, Returns: -20.230, Epsilon: 0.9210
Step: 40000, Returns: -20.220, Epsilon: 0.9208
Step: 40100, Returns: -20.210, Epsilon: 0.9206
Step: 40200, Returns: -20.200, Epsilon: 0.9204
Step: 40300, Returns: -20.200, Epsilon: 0.9202
Step: 40400, Returns: -20.200, Epsilon: 0.9200
Step: 40500, Returns: -20.200, Epsilon: 0.9198
Step: 40600, Returns: -20.200, Epsilon: 0.9196
Updating target network...
Step: 40700, Returns: -20.190, Epsilon: 0.9194
Step: 40800, Returns: -20.170, Epsilon: 0.9192
Step: 40900, Returns: -20.180, Epsilon: 0.9190
Step: 41000, Returns: -20.180, Epsilon: 0.9188
Step: 41100, Returns: -20.170, Epsilon: 0.9186
Step: 41200, Returns: -20.130, Epsilon: 0.9184
Step: 41300, Returns: -20.140, Epsilon: 0.9182
Step: 41400, Returns: -20.140, Epsilon: 0.9180
Step: 41500, Returns: -20.140, Epsilon: 0.9178
Step: 41600, Returns: -20.140, Epsilon: 0.9176
Step: 41700, Returns: -20.110, Epsilon: 0.9174
Step: 41800, Returns: -20.120, Epsilon: 0.9172
Step: 41900, Returns: -20.120, Epsilon: 0.9170
Step: 42000, Returns: -20.110, Epsilon: 0.9168
Step: 42100, Returns: -20.090, Epsilon: 0.9166
Step: 42200, Returns: -20.090, Epsilon: 0.9164
Step: 42300, Returns: -20.100, Epsilon: 0.9162
Step: 42400, Returns: -20.120, Epsilon: 0.9160
Step: 42500, Returns: -20.120, Epsilon: 0.9159
Step: 42600, Returns: -20.080, Epsilon: 0.9157
Step: 42700, Returns: -20.170, Epsilon: 0.9155
Step: 42800, Returns: -20.170, Epsilon: 0.9153
Step: 42900, Returns: -20.170, Epsilon: 0.9151
Step: 43000, Returns: -20.140, Epsilon: 0.9149
Step: 43100, Returns: -20.120, Epsilon: 0.9147
Updating target network...
Step: 43200, Returns: -20.120, Epsilon: 0.9145
Step: 43300, Returns: -20.130, Epsilon: 0.9143
Step: 43400, Returns: -20.120, Epsilon: 0.9141
Step: 43500, Returns: -20.150, Epsilon: 0.9139
Step: 43600, Returns: -20.130, Epsilon: 0.9137
Step: 43700, Returns: -20.130, Epsilon: 0.9135
Step: 43800, Returns: -20.120, Epsilon: 0.9133
Step: 43900, Returns: -20.130, Epsilon: 0.9131
Step: 44000, Returns: -20.140, Epsilon: 0.9129
Step: 44100, Returns: -20.110, Epsilon: 0.9127
Step: 44200, Returns: -20.120, Epsilon: 0.9125
Step: 44300, Returns: -20.120, Epsilon: 0.9123
Step: 44400, Returns: -20.130, Epsilon: 0.9121
Step: 44500, Returns: -20.130, Epsilon: 0.9119
Step: 44600, Returns: -20.120, Epsilon: 0.9117
Step: 44700, Returns: -20.100, Epsilon: 0.9115
Step: 44800, Returns: -20.100, Epsilon: 0.9113
Step: 44900, Returns: -20.120, Epsilon: 0.9111
Step: 45000, Returns: -20.120, Epsilon: 0.9109
Step: 45100, Returns: -20.100, Epsilon: 0.9107
Step: 45200, Returns: -20.050, Epsilon: 0.9105
Step: 45300, Returns: -20.050, Epsilon: 0.9103
Step: 45400, Returns: -20.070, Epsilon: 0.9101
Step: 45500, Returns: -20.080, Epsilon: 0.9099
Step: 45600, Returns: -20.080, Epsilon: 0.9097
Updating target network...
Step: 45700, Returns: -20.100, Epsilon: 0.9095
Step: 45800, Returns: -20.070, Epsilon: 0.9093
Step: 45900, Returns: -20.060, Epsilon: 0.9091
Step: 46000, Returns: -20.050, Epsilon: 0.9089
Step: 46100, Returns: -20.060, Epsilon: 0.9087
Step: 46200, Returns: -20.050, Epsilon: 0.9085
Step: 46300, Returns: -20.050, Epsilon: 0.9083
Step: 46400, Returns: -20.060, Epsilon: 0.9081
Step: 46500, Returns: -20.070, Epsilon: 0.9079
Step: 46600, Returns: -20.070, Epsilon: 0.9077
Step: 46700, Returns: -20.070, Epsilon: 0.9075
Step: 46800, Returns: -20.090, Epsilon: 0.9073
Step: 46900, Returns: -20.090, Epsilon: 0.9071
Step: 47000, Returns: -20.090, Epsilon: 0.9069
Step: 47100, Returns: -20.100, Epsilon: 0.9067
Step: 47200, Returns: -20.090, Epsilon: 0.9065
Step: 47300, Returns: -20.100, Epsilon: 0.9063
Step: 47400, Returns: -20.090, Epsilon: 0.9061
Step: 47500, Returns: -20.090, Epsilon: 0.9060
Step: 47600, Returns: -20.130, Epsilon: 0.9058
Step: 47700, Returns: -20.120, Epsilon: 0.9056
Step: 47800, Returns: -20.120, Epsilon: 0.9054
Step: 47900, Returns: -20.130, Epsilon: 0.9052
Step: 48000, Returns: -20.110, Epsilon: 0.9050
Step: 48100, Returns: -20.110, Epsilon: 0.9048
Updating target network...
Step: 48200, Returns: -20.090, Epsilon: 0.9046
Step: 48300, Returns: -20.100, Epsilon: 0.9044
Step: 48400, Returns: -20.090, Epsilon: 0.9042
Step: 48500, Returns: -20.090, Epsilon: 0.9040
Step: 48600, Returns: -20.080, Epsilon: 0.9038
Step: 48700, Returns: -20.110, Epsilon: 0.9036
Step: 48800, Returns: -20.100, Epsilon: 0.9034
Step: 48900, Returns: -20.080, Epsilon: 0.9032
Step: 49000, Returns: -20.080, Epsilon: 0.9030
Step: 49100, Returns: -20.060, Epsilon: 0.9028
Step: 49200, Returns: -20.030, Epsilon: 0.9026
Step: 49300, Returns: -20.070, Epsilon: 0.9024
Step: 49400, Returns: -20.110, Epsilon: 0.9022
Step: 49500, Returns: -20.080, Epsilon: 0.9020
Step: 49600, Returns: -20.060, Epsilon: 0.9018
Step: 49700, Returns: -20.060, Epsilon: 0.9016
Step: 49800, Returns: -20.050, Epsilon: 0.9014
Step: 49900, Returns: -20.050, Epsilon: 0.9012
Step: 50000, Returns: -20.050, Epsilon: 0.9010
Step: 50100, Returns: -20.060, Epsilon: 0.9008
Step: 50200, Returns: -20.020, Epsilon: 0.9006
Step: 50300, Returns: -20.060, Epsilon: 0.9004
Step: 50400, Returns: -20.050, Epsilon: 0.9002
Step: 50500, Returns: -20.040, Epsilon: 0.9000
Step: 50600, Returns: -20.040, Epsilon: 0.8998
Updating target network...
Step: 50700, Returns: -20.070, Epsilon: 0.8996
Step: 50800, Returns: -20.090, Epsilon: 0.8994
Step: 50900, Returns: -20.070, Epsilon: 0.8992
Step: 51000, Returns: -20.080, Epsilon: 0.8990
Step: 51100, Returns: -20.080, Epsilon: 0.8988
Step: 51200, Returns: -20.070, Epsilon: 0.8986
Step: 51300, Returns: -20.070, Epsilon: 0.8984
Step: 51400, Returns: -20.120, Epsilon: 0.8982
Step: 51500, Returns: -20.120, Epsilon: 0.8980
Step: 51600, Returns: -20.130, Epsilon: 0.8978
Step: 51700, Returns: -20.100, Epsilon: 0.8976
Step: 51800, Returns: -20.090, Epsilon: 0.8974
Step: 51900, Returns: -20.070, Epsilon: 0.8972
Step: 52000, Returns: -20.060, Epsilon: 0.8970
Step: 52100, Returns: -20.010, Epsilon: 0.8968
Step: 52200, Returns: -20.020, Epsilon: 0.8966
Step: 52300, Returns: -20.030, Epsilon: 0.8964
Step: 52400, Returns: -20.030, Epsilon: 0.8962
Step: 52500, Returns: -20.010, Epsilon: 0.8961
Step: 52600, Returns: -20.010, Epsilon: 0.8959
Step: 52700, Returns: -20.020, Epsilon: 0.8957
Step: 52800, Returns: -20.040, Epsilon: 0.8955
Step: 52900, Returns: -20.040, Epsilon: 0.8953
Step: 53000, Returns: -20.010, Epsilon: 0.8951
Step: 53100, Returns: -20.010, Epsilon: 0.8949
Updating target network...
Step: 53200, Returns: -19.990, Epsilon: 0.8947
Step: 53300, Returns: -19.990, Epsilon: 0.8945
Step: 53400, Returns: -19.950, Epsilon: 0.8943
Step: 53500, Returns: -19.930, Epsilon: 0.8941
Step: 53600, Returns: -19.930, Epsilon: 0.8939
Step: 53700, Returns: -19.930, Epsilon: 0.8937
Step: 53800, Returns: -19.910, Epsilon: 0.8935
Step: 53900, Returns: -19.910, Epsilon: 0.8933
Step: 54000, Returns: -19.920, Epsilon: 0.8931
Step: 54100, Returns: -19.910, Epsilon: 0.8929
Step: 54200, Returns: -19.880, Epsilon: 0.8927
Step: 54300, Returns: -19.890, Epsilon: 0.8925
Step: 54400, Returns: -19.880, Epsilon: 0.8923
Step: 54500, Returns: -19.880, Epsilon: 0.8921
Step: 54600, Returns: -19.880, Epsilon: 0.8919
Step: 54700, Returns: -19.880, Epsilon: 0.8917
Step: 54800, Returns: -19.880, Epsilon: 0.8915
Step: 54900, Returns: -19.880, Epsilon: 0.8913
Step: 55000, Returns: -19.870, Epsilon: 0.8911
Step: 55100, Returns: -19.860, Epsilon: 0.8909
Step: 55200, Returns: -19.860, Epsilon: 0.8907
Step: 55300, Returns: -19.850, Epsilon: 0.8905
Step: 55400, Returns: -19.850, Epsilon: 0.8903
Step: 55500, Returns: -19.850, Epsilon: 0.8901
Step: 55600, Returns: -19.850, Epsilon: 0.8899
Updating target network...
Step: 55700, Returns: -19.870, Epsilon: 0.8897
Step: 55800, Returns: -19.860, Epsilon: 0.8895
Step: 55900, Returns: -19.850, Epsilon: 0.8893
Step: 56000, Returns: -19.860, Epsilon: 0.8891
Step: 56100, Returns: -19.860, Epsilon: 0.8889
Step: 56200, Returns: -19.880, Epsilon: 0.8887
Step: 56300, Returns: -19.830, Epsilon: 0.8885
Step: 56400, Returns: -19.840, Epsilon: 0.8883
Step: 56500, Returns: -19.840, Epsilon: 0.8881
Step: 56600, Returns: -19.880, Epsilon: 0.8879
Step: 56700, Returns: -19.880, Epsilon: 0.8877
Step: 56800, Returns: -19.900, Epsilon: 0.8875
Step: 56900, Returns: -19.900, Epsilon: 0.8873
Step: 57000, Returns: -19.890, Epsilon: 0.8871
Step: 57100, Returns: -19.870, Epsilon: 0.8869
Step: 57200, Returns: -19.870, Epsilon: 0.8867
Step: 57300, Returns: -19.860, Epsilon: 0.8865
Step: 57400, Returns: -19.840, Epsilon: 0.8863
Step: 57500, Returns: -19.840, Epsilon: 0.8862
Step: 57600, Returns: -19.830, Epsilon: 0.8860
Step: 57700, Returns: -19.830, Epsilon: 0.8858
Step: 57800, Returns: -19.820, Epsilon: 0.8856
Step: 57900, Returns: -19.780, Epsilon: 0.8854
Step: 58000, Returns: -19.790, Epsilon: 0.8852
Step: 58100, Returns: -19.790, Epsilon: 0.8850
Updating target network...
Step: 58200, Returns: -19.800, Epsilon: 0.8848
Step: 58300, Returns: -19.850, Epsilon: 0.8846
Step: 58400, Returns: -19.850, Epsilon: 0.8844
Step: 58500, Returns: -19.850, Epsilon: 0.8842
Step: 58600, Returns: -19.860, Epsilon: 0.8840
Step: 58700, Returns: -19.850, Epsilon: 0.8838
Step: 58800, Returns: -19.830, Epsilon: 0.8836
Step: 58900, Returns: -19.830, Epsilon: 0.8834
Step: 59000, Returns: -19.820, Epsilon: 0.8832
Step: 59100, Returns: -19.830, Epsilon: 0.8830
Step: 59200, Returns: -19.780, Epsilon: 0.8828
Step: 59300, Returns: -19.790, Epsilon: 0.8826
Step: 59400, Returns: -19.790, Epsilon: 0.8824
Step: 59500, Returns: -19.790, Epsilon: 0.8822
Step: 59600, Returns: -19.750, Epsilon: 0.8820
Step: 59700, Returns: -19.760, Epsilon: 0.8818
Step: 59800, Returns: -19.760, Epsilon: 0.8816
Step: 59900, Returns: -19.750, Epsilon: 0.8814
Step: 60000, Returns: -19.790, Epsilon: 0.8812
Step: 60100, Returns: -19.790, Epsilon: 0.8810
Step: 60200, Returns: -19.780, Epsilon: 0.8808
Step: 60300, Returns: -19.730, Epsilon: 0.8806
Step: 60400, Returns: -19.730, Epsilon: 0.8804
Step: 60500, Returns: -19.720, Epsilon: 0.8802
Step: 60600, Returns: -19.710, Epsilon: 0.8800
Updating target network...
Step: 60700, Returns: -19.710, Epsilon: 0.8798
Step: 60800, Returns: -19.710, Epsilon: 0.8796
Step: 60900, Returns: -19.720, Epsilon: 0.8794
Step: 61000, Returns: -19.740, Epsilon: 0.8792
Step: 61100, Returns: -19.720, Epsilon: 0.8790
Step: 61200, Returns: -19.720, Epsilon: 0.8788
Step: 61300, Returns: -19.740, Epsilon: 0.8786
Step: 61400, Returns: -19.750, Epsilon: 0.8784
Step: 61500, Returns: -19.770, Epsilon: 0.8782
Step: 61600, Returns: -19.770, Epsilon: 0.8780
Step: 61700, Returns: -19.770, Epsilon: 0.8778
Step: 61800, Returns: -19.810, Epsilon: 0.8776
Step: 61900, Returns: -19.820, Epsilon: 0.8774
Step: 62000, Returns: -19.820, Epsilon: 0.8772
Step: 62100, Returns: -19.800, Epsilon: 0.8770
Step: 62200, Returns: -19.760, Epsilon: 0.8768
Step: 62300, Returns: -19.790, Epsilon: 0.8766
Step: 62400, Returns: -19.770, Epsilon: 0.8764
Step: 62500, Returns: -19.770, Epsilon: 0.8763
Step: 62600, Returns: -19.770, Epsilon: 0.8761
Step: 62700, Returns: -19.770, Epsilon: 0.8759
Step: 62800, Returns: -19.740, Epsilon: 0.8757
Step: 62900, Returns: -19.750, Epsilon: 0.8755
Step: 63000, Returns: -19.750, Epsilon: 0.8753
Step: 63100, Returns: -19.740, Epsilon: 0.8751
Updating target network...
Step: 63200, Returns: -19.740, Epsilon: 0.8749
Step: 63300, Returns: -19.740, Epsilon: 0.8747
Step: 63400, Returns: -19.750, Epsilon: 0.8745
Step: 63500, Returns: -19.760, Epsilon: 0.8743
Step: 63600, Returns: -19.760, Epsilon: 0.8741
Step: 63700, Returns: -19.740, Epsilon: 0.8739
Step: 63800, Returns: -19.730, Epsilon: 0.8737
Step: 63900, Returns: -19.770, Epsilon: 0.8735
Step: 64000, Returns: -19.780, Epsilon: 0.8733
Step: 64100, Returns: -19.780, Epsilon: 0.8731
Step: 64200, Returns: -19.790, Epsilon: 0.8729
Step: 64300, Returns: -19.810, Epsilon: 0.8727
Step: 64400, Returns: -19.810, Epsilon: 0.8725
Step: 64500, Returns: -19.820, Epsilon: 0.8723
Step: 64600, Returns: -19.820, Epsilon: 0.8721
Step: 64700, Returns: -19.810, Epsilon: 0.8719
Step: 64800, Returns: -19.830, Epsilon: 0.8717
Step: 64900, Returns: -19.840, Epsilon: 0.8715
Step: 65000, Returns: -19.850, Epsilon: 0.8713
Step: 65100, Returns: -19.880, Epsilon: 0.8711
Step: 65200, Returns: -19.870, Epsilon: 0.8709
Step: 65300, Returns: -19.870, Epsilon: 0.8707
Step: 65400, Returns: -19.880, Epsilon: 0.8705
Step: 65500, Returns: -19.910, Epsilon: 0.8703
Step: 65600, Returns: -19.910, Epsilon: 0.8701
Updating target network...
Step: 65700, Returns: -19.910, Epsilon: 0.8699
Step: 65800, Returns: -19.910, Epsilon: 0.8697
Step: 65900, Returns: -19.900, Epsilon: 0.8695
Step: 66000, Returns: -19.900, Epsilon: 0.8693
Step: 66100, Returns: -19.920, Epsilon: 0.8691
Step: 66200, Returns: -19.940, Epsilon: 0.8689
Step: 66300, Returns: -19.940, Epsilon: 0.8687
Step: 66400, Returns: -19.940, Epsilon: 0.8685
Step: 66500, Returns: -19.930, Epsilon: 0.8683
Step: 66600, Returns: -19.960, Epsilon: 0.8681
Step: 66700, Returns: -19.960, Epsilon: 0.8679
Step: 66800, Returns: -20.000, Epsilon: 0.8677
Step: 66900, Returns: -20.010, Epsilon: 0.8675
Step: 67000, Returns: -20.010, Epsilon: 0.8673
Step: 67100, Returns: -20.010, Epsilon: 0.8671
Step: 67200, Returns: -20.020, Epsilon: 0.8669
Step: 67300, Returns: -20.020, Epsilon: 0.8667
Step: 67400, Returns: -20.010, Epsilon: 0.8665
Step: 67500, Returns: -19.990, Epsilon: 0.8664
Step: 67600, Returns: -19.990, Epsilon: 0.8662
Step: 67700, Returns: -19.990, Epsilon: 0.8660
Step: 67800, Returns: -19.970, Epsilon: 0.8658
Step: 67900, Returns: -19.960, Epsilon: 0.8656
Step: 68000, Returns: -19.960, Epsilon: 0.8654
Step: 68100, Returns: -19.960, Epsilon: 0.8652
Updating target network...
Step: 68200, Returns: -19.970, Epsilon: 0.8650
Step: 68300, Returns: -19.960, Epsilon: 0.8648
Step: 68400, Returns: -19.910, Epsilon: 0.8646
Step: 68500, Returns: -19.900, Epsilon: 0.8644
Step: 68600, Returns: -19.910, Epsilon: 0.8642
Step: 68700, Returns: -19.910, Epsilon: 0.8640
Step: 68800, Returns: -19.910, Epsilon: 0.8638
Step: 68900, Returns: -19.930, Epsilon: 0.8636
Step: 69000, Returns: -19.930, Epsilon: 0.8634
Step: 69100, Returns: -19.930, Epsilon: 0.8632
Step: 69200, Returns: -19.930, Epsilon: 0.8630
Step: 69300, Returns: -19.940, Epsilon: 0.8628
Step: 69400, Returns: -19.970, Epsilon: 0.8626
Step: 69500, Returns: -19.980, Epsilon: 0.8624
Step: 69600, Returns: -19.950, Epsilon: 0.8622
Step: 69700, Returns: -19.950, Epsilon: 0.8620
Step: 69800, Returns: -19.930, Epsilon: 0.8618
Step: 69900, Returns: -19.930, Epsilon: 0.8616
Step: 70000, Returns: -19.930, Epsilon: 0.8614
Step: 70100, Returns: -19.940, Epsilon: 0.8612
Step: 70200, Returns: -19.910, Epsilon: 0.8610
Step: 70300, Returns: -19.920, Epsilon: 0.8608
Step: 70400, Returns: -19.940, Epsilon: 0.8606
Step: 70500, Returns: -19.930, Epsilon: 0.8604
Step: 70600, Returns: -19.900, Epsilon: 0.8602
Updating target network...
Step: 70700, Returns: -19.900, Epsilon: 0.8600
Step: 70800, Returns: -19.880, Epsilon: 0.8598
Step: 70900, Returns: -19.820, Epsilon: 0.8596
Step: 71000, Returns: -19.820, Epsilon: 0.8594
Step: 71100, Returns: -19.820, Epsilon: 0.8592
Step: 71200, Returns: -19.810, Epsilon: 0.8590
Step: 71300, Returns: -19.810, Epsilon: 0.8588
Step: 71400, Returns: -19.800, Epsilon: 0.8586
Step: 71500, Returns: -19.820, Epsilon: 0.8584
Step: 71600, Returns: -19.800, Epsilon: 0.8582
Step: 71700, Returns: -19.780, Epsilon: 0.8580
Step: 71800, Returns: -19.770, Epsilon: 0.8578
Step: 71900, Returns: -19.800, Epsilon: 0.8576
Step: 72000, Returns: -19.770, Epsilon: 0.8574
Step: 72100, Returns: -19.740, Epsilon: 0.8572
Step: 72200, Returns: -19.740, Epsilon: 0.8570
Step: 72300, Returns: -19.740, Epsilon: 0.8568
Step: 72400, Returns: -19.740, Epsilon: 0.8566
Step: 72500, Returns: -19.740, Epsilon: 0.8565
Step: 72600, Returns: -19.720, Epsilon: 0.8563
Step: 72700, Returns: -19.670, Epsilon: 0.8561
Step: 72800, Returns: -19.670, Epsilon: 0.8559
Step: 72900, Returns: -19.660, Epsilon: 0.8557
Step: 73000, Returns: -19.670, Epsilon: 0.8555
Step: 73100, Returns: -19.670, Epsilon: 0.8553
Updating target network...
Step: 73200, Returns: -19.680, Epsilon: 0.8551
Step: 73300, Returns: -19.660, Epsilon: 0.8549
Step: 73400, Returns: -19.650, Epsilon: 0.8547
Step: 73500, Returns: -19.640, Epsilon: 0.8545
Step: 73600, Returns: -19.640, Epsilon: 0.8543
Step: 73700, Returns: -19.640, Epsilon: 0.8541
Step: 73800, Returns: -19.650, Epsilon: 0.8539
Step: 73900, Returns: -19.640, Epsilon: 0.8537
Step: 74000, Returns: -19.610, Epsilon: 0.8535
Step: 74100, Returns: -19.630, Epsilon: 0.8533
Step: 74200, Returns: -19.630, Epsilon: 0.8531
Step: 74300, Returns: -19.630, Epsilon: 0.8529
Step: 74400, Returns: -19.630, Epsilon: 0.8527
Step: 74500, Returns: -19.640, Epsilon: 0.8525
Step: 74600, Returns: -19.650, Epsilon: 0.8523
Step: 74700, Returns: -19.620, Epsilon: 0.8521
Step: 74800, Returns: -19.640, Epsilon: 0.8519
Step: 74900, Returns: -19.630, Epsilon: 0.8517
Step: 75000, Returns: -19.660, Epsilon: 0.8515
Step: 75100, Returns: -19.660, Epsilon: 0.8513
Step: 75200, Returns: -19.640, Epsilon: 0.8511
Step: 75300, Returns: -19.640, Epsilon: 0.8509
Step: 75400, Returns: -19.660, Epsilon: 0.8507
Step: 75500, Returns: -19.680, Epsilon: 0.8505
Step: 75600, Returns: -19.640, Epsilon: 0.8503
Updating target network...
Step: 75700, Returns: -19.640, Epsilon: 0.8501
Step: 75800, Returns: -19.640, Epsilon: 0.8499
Step: 75900, Returns: -19.630, Epsilon: 0.8497
Step: 76000, Returns: -19.590, Epsilon: 0.8495
Step: 76100, Returns: -19.540, Epsilon: 0.8493
Step: 76200, Returns: -19.540, Epsilon: 0.8491
Step: 76300, Returns: -19.540, Epsilon: 0.8489
Step: 76400, Returns: -19.530, Epsilon: 0.8487
Step: 76500, Returns: -19.540, Epsilon: 0.8485
Step: 76600, Returns: -19.550, Epsilon: 0.8483
Step: 76700, Returns: -19.550, Epsilon: 0.8481
Step: 76800, Returns: -19.550, Epsilon: 0.8479
Step: 76900, Returns: -19.540, Epsilon: 0.8477
Step: 77000, Returns: -19.540, Epsilon: 0.8475
Step: 77100, Returns: -19.570, Epsilon: 0.8473
Step: 77200, Returns: -19.540, Epsilon: 0.8471
Step: 77300, Returns: -19.540, Epsilon: 0.8469
Step: 77400, Returns: -19.510, Epsilon: 0.8467
Step: 77500, Returns: -19.510, Epsilon: 0.8466
Step: 77600, Returns: -19.540, Epsilon: 0.8464
Step: 77700, Returns: -19.560, Epsilon: 0.8462
Step: 77800, Returns: -19.560, Epsilon: 0.8460
Step: 77900, Returns: -19.600, Epsilon: 0.8458
Step: 78000, Returns: -19.590, Epsilon: 0.8456
Step: 78100, Returns: -19.610, Epsilon: 0.8454
Updating target network...
Step: 78200, Returns: -19.620, Epsilon: 0.8452
Step: 78300, Returns: -19.610, Epsilon: 0.8450
Step: 78400, Returns: -19.590, Epsilon: 0.8448
Step: 78500, Returns: -19.590, Epsilon: 0.8446
Step: 78600, Returns: -19.590, Epsilon: 0.8444
Step: 78700, Returns: -19.560, Epsilon: 0.8442
Step: 78800, Returns: -19.560, Epsilon: 0.8440
Step: 78900, Returns: -19.580, Epsilon: 0.8438
Step: 79000, Returns: -19.580, Epsilon: 0.8436
Step: 79100, Returns: -19.580, Epsilon: 0.8434
Step: 79200, Returns: -19.600, Epsilon: 0.8432
Step: 79300, Returns: -19.650, Epsilon: 0.8430
Step: 79400, Returns: -19.640, Epsilon: 0.8428
Step: 79500, Returns: -19.650, Epsilon: 0.8426
Step: 79600, Returns: -19.630, Epsilon: 0.8424
Step: 79700, Returns: -19.610, Epsilon: 0.8422
Step: 79800, Returns: -19.610, Epsilon: 0.8420
Step: 79900, Returns: -19.600, Epsilon: 0.8418
Step: 80000, Returns: -19.560, Epsilon: 0.8416
Step: 80100, Returns: -19.590, Epsilon: 0.8414
Step: 80200, Returns: -19.590, Epsilon: 0.8412
Step: 80300, Returns: -19.610, Epsilon: 0.8410
Step: 80400, Returns: -19.580, Epsilon: 0.8408
Step: 80500, Returns: -19.580, Epsilon: 0.8406
Step: 80600, Returns: -19.600, Epsilon: 0.8404
Updating target network...
Step: 80700, Returns: -19.590, Epsilon: 0.8402
Step: 80800, Returns: -19.570, Epsilon: 0.8400
Step: 80900, Returns: -19.560, Epsilon: 0.8398
Step: 81000, Returns: -19.590, Epsilon: 0.8396
Step: 81100, Returns: -19.610, Epsilon: 0.8394
Step: 81200, Returns: -19.620, Epsilon: 0.8392
Step: 81300, Returns: -19.620, Epsilon: 0.8390
Step: 81400, Returns: -19.620, Epsilon: 0.8388
Step: 81500, Returns: -19.620, Epsilon: 0.8386
Step: 81600, Returns: -19.610, Epsilon: 0.8384
Step: 81700, Returns: -19.630, Epsilon: 0.8382
Step: 81800, Returns: -19.630, Epsilon: 0.8380
Step: 81900, Returns: -19.580, Epsilon: 0.8378
Step: 82000, Returns: -19.600, Epsilon: 0.8376
Step: 82100, Returns: -19.600, Epsilon: 0.8374
Step: 82200, Returns: -19.620, Epsilon: 0.8372
Step: 82300, Returns: -19.640, Epsilon: 0.8370
Step: 82400, Returns: -19.640, Epsilon: 0.8368
Step: 82500, Returns: -19.640, Epsilon: 0.8367
Step: 82600, Returns: -19.660, Epsilon: 0.8365
Step: 82700, Returns: -19.710, Epsilon: 0.8363
Step: 82800, Returns: -19.710, Epsilon: 0.8361
Step: 82900, Returns: -19.700, Epsilon: 0.8359
Step: 83000, Returns: -19.700, Epsilon: 0.8357
Step: 83100, Returns: -19.720, Epsilon: 0.8355
Updating target network...
Step: 83200, Returns: -19.700, Epsilon: 0.8353
Step: 83300, Returns: -19.700, Epsilon: 0.8351
Step: 83400, Returns: -19.710, Epsilon: 0.8349
Step: 83500, Returns: -19.710, Epsilon: 0.8347
Step: 83600, Returns: -19.710, Epsilon: 0.8345
Step: 83700, Returns: -19.700, Epsilon: 0.8343
Step: 83800, Returns: -19.690, Epsilon: 0.8341
Step: 83900, Returns: -19.680, Epsilon: 0.8339
Step: 84000, Returns: -19.690, Epsilon: 0.8337
Step: 84100, Returns: -19.690, Epsilon: 0.8335
Step: 84200, Returns: -19.690, Epsilon: 0.8333
Step: 84300, Returns: -19.730, Epsilon: 0.8331
Step: 84400, Returns: -19.730, Epsilon: 0.8329
Step: 84500, Returns: -19.690, Epsilon: 0.8327
Step: 84600, Returns: -19.700, Epsilon: 0.8325
Step: 84700, Returns: -19.710, Epsilon: 0.8323
Step: 84800, Returns: -19.700, Epsilon: 0.8321
Step: 84900, Returns: -19.700, Epsilon: 0.8319
Step: 85000, Returns: -19.710, Epsilon: 0.8317
Step: 85100, Returns: -19.710, Epsilon: 0.8315
Step: 85200, Returns: -19.710, Epsilon: 0.8313
Step: 85300, Returns: -19.700, Epsilon: 0.8311
Step: 85400, Returns: -19.700, Epsilon: 0.8309
Step: 85500, Returns: -19.730, Epsilon: 0.8307
Step: 85600, Returns: -19.760, Epsilon: 0.8305
Updating target network...
Step: 85700, Returns: -19.780, Epsilon: 0.8303
Step: 85800, Returns: -19.780, Epsilon: 0.8301
Step: 85900, Returns: -19.780, Epsilon: 0.8299
Step: 86000, Returns: -19.780, Epsilon: 0.8297
Step: 86100, Returns: -19.770, Epsilon: 0.8295
Step: 86200, Returns: -19.750, Epsilon: 0.8293
Step: 86300, Returns: -19.740, Epsilon: 0.8291
Step: 86400, Returns: -19.770, Epsilon: 0.8289
Step: 86500, Returns: -19.770, Epsilon: 0.8287
Step: 86600, Returns: -19.790, Epsilon: 0.8285
Step: 86700, Returns: -19.790, Epsilon: 0.8283
Step: 86800, Returns: -19.780, Epsilon: 0.8281
Step: 86900, Returns: -19.780, Epsilon: 0.8279
Step: 87000, Returns: -19.780, Epsilon: 0.8277
Step: 87100, Returns: -19.790, Epsilon: 0.8275
Step: 87200, Returns: -19.790, Epsilon: 0.8273
Step: 87300, Returns: -19.790, Epsilon: 0.8271
Step: 87400, Returns: -19.800, Epsilon: 0.8269
Step: 87500, Returns: -19.840, Epsilon: 0.8268
Step: 87600, Returns: -19.830, Epsilon: 0.8266
Step: 87700, Returns: -19.840, Epsilon: 0.8264
Step: 87800, Returns: -19.850, Epsilon: 0.8262
Step: 87900, Returns: -19.820, Epsilon: 0.8260
Step: 88000, Returns: -19.810, Epsilon: 0.8258
Step: 88100, Returns: -19.810, Epsilon: 0.8256
Updating target network...
Step: 88200, Returns: -19.830, Epsilon: 0.8254
Step: 88300, Returns: -19.830, Epsilon: 0.8252
Step: 88400, Returns: -19.810, Epsilon: 0.8250
Step: 88500, Returns: -19.820, Epsilon: 0.8248
Step: 88600, Returns: -19.800, Epsilon: 0.8246
Step: 88700, Returns: -19.840, Epsilon: 0.8244
Step: 88800, Returns: -19.840, Epsilon: 0.8242
Step: 88900, Returns: -19.830, Epsilon: 0.8240
Step: 89000, Returns: -19.800, Epsilon: 0.8238
Step: 89100, Returns: -19.780, Epsilon: 0.8236
Step: 89200, Returns: -19.780, Epsilon: 0.8234
Step: 89300, Returns: -19.780, Epsilon: 0.8232
Step: 89400, Returns: -19.780, Epsilon: 0.8230
Step: 89500, Returns: -19.760, Epsilon: 0.8228
Step: 89600, Returns: -19.730, Epsilon: 0.8226
Step: 89700, Returns: -19.710, Epsilon: 0.8224
Step: 89800, Returns: -19.710, Epsilon: 0.8222
Step: 89900, Returns: -19.730, Epsilon: 0.8220
Step: 90000, Returns: -19.710, Epsilon: 0.8218
Step: 90100, Returns: -19.710, Epsilon: 0.8216
Step: 90200, Returns: -19.700, Epsilon: 0.8214
Step: 90300, Returns: -19.700, Epsilon: 0.8212
Step: 90400, Returns: -19.720, Epsilon: 0.8210
Step: 90500, Returns: -19.730, Epsilon: 0.8208
Step: 90600, Returns: -19.740, Epsilon: 0.8206
Updating target network...
Step: 90700, Returns: -19.760, Epsilon: 0.8204
Step: 90800, Returns: -19.770, Epsilon: 0.8202
Step: 90900, Returns: -19.770, Epsilon: 0.8200
Step: 91000, Returns: -19.750, Epsilon: 0.8198
Step: 91100, Returns: -19.740, Epsilon: 0.8196
Step: 91200, Returns: -19.710, Epsilon: 0.8194
Step: 91300, Returns: -19.750, Epsilon: 0.8192
Step: 91400, Returns: -19.750, Epsilon: 0.8190
Step: 91500, Returns: -19.750, Epsilon: 0.8188
Step: 91600, Returns: -19.730, Epsilon: 0.8186
Step: 91700, Returns: -19.730, Epsilon: 0.8184
Step: 91800, Returns: -19.740, Epsilon: 0.8182
Step: 91900, Returns: -19.690, Epsilon: 0.8180
Step: 92000, Returns: -19.690, Epsilon: 0.8178
Step: 92100, Returns: -19.690, Epsilon: 0.8176
Step: 92200, Returns: -19.700, Epsilon: 0.8174
Step: 92300, Returns: -19.700, Epsilon: 0.8172
Step: 92400, Returns: -19.660, Epsilon: 0.8170
Step: 92500, Returns: -19.650, Epsilon: 0.8169
Step: 92600, Returns: -19.650, Epsilon: 0.8167
Step: 92700, Returns: -19.650, Epsilon: 0.8165
Step: 92800, Returns: -19.650, Epsilon: 0.8163
Step: 92900, Returns: -19.630, Epsilon: 0.8161
Step: 93000, Returns: -19.640, Epsilon: 0.8159
Step: 93100, Returns: -19.610, Epsilon: 0.8157
Updating target network...
Step: 93200, Returns: -19.640, Epsilon: 0.8155
Step: 93300, Returns: -19.650, Epsilon: 0.8153
Step: 93400, Returns: -19.660, Epsilon: 0.8151
Step: 93500, Returns: -19.660, Epsilon: 0.8149
Step: 93600, Returns: -19.680, Epsilon: 0.8147
Step: 93700, Returns: -19.670, Epsilon: 0.8145
Step: 93800, Returns: -19.670, Epsilon: 0.8143
Step: 93900, Returns: -19.670, Epsilon: 0.8141
Step: 94000, Returns: -19.690, Epsilon: 0.8139
Step: 94100, Returns: -19.690, Epsilon: 0.8137
Step: 94200, Returns: -19.680, Epsilon: 0.8135
Step: 94300, Returns: -19.680, Epsilon: 0.8133
Step: 94400, Returns: -19.660, Epsilon: 0.8131
Step: 94500, Returns: -19.640, Epsilon: 0.8129
Step: 94600, Returns: -19.600, Epsilon: 0.8127
Step: 94700, Returns: -19.640, Epsilon: 0.8125
Step: 94800, Returns: -19.640, Epsilon: 0.8123
Step: 94900, Returns: -19.630, Epsilon: 0.8121
Step: 95000, Returns: -19.620, Epsilon: 0.8119
Step: 95100, Returns: -19.620, Epsilon: 0.8117
Step: 95200, Returns: -19.600, Epsilon: 0.8115
Step: 95300, Returns: -19.600, Epsilon: 0.8113
Step: 95400, Returns: -19.620, Epsilon: 0.8111
Step: 95500, Returns: -19.590, Epsilon: 0.8109
Step: 95600, Returns: -19.600, Epsilon: 0.8107
Updating target network...
Step: 95700, Returns: -19.600, Epsilon: 0.8105
Step: 95800, Returns: -19.610, Epsilon: 0.8103
Step: 95900, Returns: -19.610, Epsilon: 0.8101
Step: 96000, Returns: -19.610, Epsilon: 0.8099
Step: 96100, Returns: -19.620, Epsilon: 0.8097
Step: 96200, Returns: -19.630, Epsilon: 0.8095
Step: 96300, Returns: -19.630, Epsilon: 0.8093
Step: 96400, Returns: -19.650, Epsilon: 0.8091
Step: 96500, Returns: -19.630, Epsilon: 0.8089
Step: 96600, Returns: -19.630, Epsilon: 0.8087
Step: 96700, Returns: -19.630, Epsilon: 0.8085
Step: 96800, Returns: -19.650, Epsilon: 0.8083
Step: 96900, Returns: -19.630, Epsilon: 0.8081
Step: 97000, Returns: -19.620, Epsilon: 0.8079
Step: 97100, Returns: -19.600, Epsilon: 0.8077
Step: 97200, Returns: -19.620, Epsilon: 0.8075
Step: 97300, Returns: -19.650, Epsilon: 0.8073
Step: 97400, Returns: -19.640, Epsilon: 0.8071
Step: 97500, Returns: -19.640, Epsilon: 0.8070
Step: 97600, Returns: -19.640, Epsilon: 0.8068
Step: 97700, Returns: -19.650, Epsilon: 0.8066
Step: 97800, Returns: -19.650, Epsilon: 0.8064
Step: 97900, Returns: -19.650, Epsilon: 0.8062
Step: 98000, Returns: -19.630, Epsilon: 0.8060
Step: 98100, Returns: -19.670, Epsilon: 0.8058
Updating target network...
Step: 98200, Returns: -19.670, Epsilon: 0.8056
Step: 98300, Returns: -19.670, Epsilon: 0.8054
Step: 98400, Returns: -19.630, Epsilon: 0.8052
Step: 98500, Returns: -19.610, Epsilon: 0.8050
Step: 98600, Returns: -19.630, Epsilon: 0.8048
Step: 98700, Returns: -19.610, Epsilon: 0.8046
Step: 98800, Returns: -19.620, Epsilon: 0.8044
Step: 98900, Returns: -19.640, Epsilon: 0.8042
Step: 99000, Returns: -19.620, Epsilon: 0.8040
Step: 99100, Returns: -19.620, Epsilon: 0.8038
Step: 99200, Returns: -19.620, Epsilon: 0.8036
Step: 99300, Returns: -19.620, Epsilon: 0.8034
Step: 99400, Returns: -19.620, Epsilon: 0.8032
Step: 99500, Returns: -19.630, Epsilon: 0.8030
Step: 99600, Returns: -19.590, Epsilon: 0.8028
Step: 99700, Returns: -19.590, Epsilon: 0.8026
Step: 99800, Returns: -19.590, Epsilon: 0.8024
Step: 99900, Returns: -19.550, Epsilon: 0.8022
Step: 100000, Returns: -19.550, Epsilon: 0.8020
Step: 100100, Returns: -19.590, Epsilon: 0.8018
Step: 100200, Returns: -19.560, Epsilon: 0.8016
Step: 100300, Returns: -19.560, Epsilon: 0.8014
Step: 100400, Returns: -19.510, Epsilon: 0.8012
Step: 100500, Returns: -19.510, Epsilon: 0.8010
Step: 100600, Returns: -19.510, Epsilon: 0.8008
Updating target network...
Step: 100700, Returns: -19.520, Epsilon: 0.8006
Step: 100800, Returns: -19.510, Epsilon: 0.8004
Step: 100900, Returns: -19.440, Epsilon: 0.8002
Step: 101000, Returns: -19.440, Epsilon: 0.8000
Step: 101100, Returns: -19.430, Epsilon: 0.7998
Step: 101200, Returns: -19.430, Epsilon: 0.7996
Step: 101300, Returns: -19.430, Epsilon: 0.7994
Step: 101400, Returns: -19.410, Epsilon: 0.7992
Step: 101500, Returns: -19.410, Epsilon: 0.7990
Step: 101600, Returns: -19.400, Epsilon: 0.7988
Step: 101700, Returns: -19.410, Epsilon: 0.7986
Step: 101800, Returns: -19.420, Epsilon: 0.7984
Step: 101900, Returns: -19.430, Epsilon: 0.7982
Step: 102000, Returns: -19.410, Epsilon: 0.7980
Step: 102100, Returns: -19.420, Epsilon: 0.7978
Step: 102200, Returns: -19.420, Epsilon: 0.7976
Step: 102300, Returns: -19.430, Epsilon: 0.7974
Step: 102400, Returns: -19.410, Epsilon: 0.7972
Step: 102500, Returns: -19.410, Epsilon: 0.7971
Step: 102600, Returns: -19.380, Epsilon: 0.7969
Step: 102700, Returns: -19.380, Epsilon: 0.7967
Step: 102800, Returns: -19.390, Epsilon: 0.7965
Step: 102900, Returns: -19.390, Epsilon: 0.7963
Step: 103000, Returns: -19.370, Epsilon: 0.7961
Step: 103100, Returns: -19.390, Epsilon: 0.7959
Updating target network...
Step: 103200, Returns: -19.380, Epsilon: 0.7957
Step: 103300, Returns: -19.390, Epsilon: 0.7955
Step: 103400, Returns: -19.400, Epsilon: 0.7953
Step: 103500, Returns: -19.400, Epsilon: 0.7951
Step: 103600, Returns: -19.400, Epsilon: 0.7949
Step: 103700, Returns: -19.390, Epsilon: 0.7947
Step: 103800, Returns: -19.400, Epsilon: 0.7945
Step: 103900, Returns: -19.400, Epsilon: 0.7943
Step: 104000, Returns: -19.440, Epsilon: 0.7941
Step: 104100, Returns: -19.480, Epsilon: 0.7939
Step: 104200, Returns: -19.480, Epsilon: 0.7937
Step: 104300, Returns: -19.520, Epsilon: 0.7935
Step: 104400, Returns: -19.490, Epsilon: 0.7933
Step: 104500, Returns: -19.490, Epsilon: 0.7931
Step: 104600, Returns: -19.460, Epsilon: 0.7929
Step: 104700, Returns: -19.460, Epsilon: 0.7927
Step: 104800, Returns: -19.460, Epsilon: 0.7925
Step: 104900, Returns: -19.440, Epsilon: 0.7923
Step: 105000, Returns: -19.440, Epsilon: 0.7921
Step: 105100, Returns: -19.450, Epsilon: 0.7919
Step: 105200, Returns: -19.480, Epsilon: 0.7917
Step: 105300, Returns: -19.490, Epsilon: 0.7915
Step: 105400, Returns: -19.490, Epsilon: 0.7913
Step: 105500, Returns: -19.490, Epsilon: 0.7911
Step: 105600, Returns: -19.470, Epsilon: 0.7909
Updating target network...
Step: 105700, Returns: -19.490, Epsilon: 0.7907
Step: 105800, Returns: -19.510, Epsilon: 0.7905
Step: 105900, Returns: -19.510, Epsilon: 0.7903
Step: 106000, Returns: -19.510, Epsilon: 0.7901
Step: 106100, Returns: -19.510, Epsilon: 0.7899
Step: 106200, Returns: -19.510, Epsilon: 0.7897
Step: 106300, Returns: -19.530, Epsilon: 0.7895
Step: 106400, Returns: -19.480, Epsilon: 0.7893
Step: 106500, Returns: -19.510, Epsilon: 0.7891
Step: 106600, Returns: -19.510, Epsilon: 0.7889
Step: 106700, Returns: -19.550, Epsilon: 0.7887
Step: 106800, Returns: -19.530, Epsilon: 0.7885
Step: 106900, Returns: -19.560, Epsilon: 0.7883
Step: 107000, Returns: -19.560, Epsilon: 0.7881
Step: 107100, Returns: -19.540, Epsilon: 0.7879
Step: 107200, Returns: -19.540, Epsilon: 0.7877
Step: 107300, Returns: -19.550, Epsilon: 0.7875
Step: 107400, Returns: -19.520, Epsilon: 0.7873
Step: 107500, Returns: -19.560, Epsilon: 0.7872
Step: 107600, Returns: -19.590, Epsilon: 0.7870
Step: 107700, Returns: -19.580, Epsilon: 0.7868
Step: 107800, Returns: -19.590, Epsilon: 0.7866
Step: 107900, Returns: -19.610, Epsilon: 0.7864
Step: 108000, Returns: -19.630, Epsilon: 0.7862
Step: 108100, Returns: -19.630, Epsilon: 0.7860
Updating target network...
Step: 108200, Returns: -19.630, Epsilon: 0.7858
Step: 108300, Returns: -19.650, Epsilon: 0.7856
Step: 108400, Returns: -19.650, Epsilon: 0.7854
Step: 108500, Returns: -19.680, Epsilon: 0.7852
Step: 108600, Returns: -19.710, Epsilon: 0.7850
Step: 108700, Returns: -19.720, Epsilon: 0.7848
Step: 108800, Returns: -19.700, Epsilon: 0.7846
Step: 108900, Returns: -19.720, Epsilon: 0.7844
Step: 109000, Returns: -19.730, Epsilon: 0.7842
Step: 109100, Returns: -19.710, Epsilon: 0.7840
Step: 109200, Returns: -19.690, Epsilon: 0.7838
Step: 109300, Returns: -19.690, Epsilon: 0.7836
Step: 109400, Returns: -19.690, Epsilon: 0.7834
Step: 109500, Returns: -19.660, Epsilon: 0.7832
Step: 109600, Returns: -19.650, Epsilon: 0.7830
Step: 109700, Returns: -19.650, Epsilon: 0.7828
Step: 109800, Returns: -19.680, Epsilon: 0.7826
Step: 109900, Returns: -19.690, Epsilon: 0.7824
Step: 110000, Returns: -19.690, Epsilon: 0.7822
Step: 110100, Returns: -19.660, Epsilon: 0.7820
Step: 110200, Returns: -19.660, Epsilon: 0.7818
Step: 110300, Returns: -19.630, Epsilon: 0.7816
Step: 110400, Returns: -19.620, Epsilon: 0.7814
Step: 110500, Returns: -19.620, Epsilon: 0.7812
Step: 110600, Returns: -19.620, Epsilon: 0.7810
Updating target network...
Step: 110700, Returns: -19.610, Epsilon: 0.7808
Step: 110800, Returns: -19.620, Epsilon: 0.7806
Step: 110900, Returns: -19.620, Epsilon: 0.7804
Step: 111000, Returns: -19.590, Epsilon: 0.7802
Step: 111100, Returns: -19.580, Epsilon: 0.7800
Step: 111200, Returns: -19.520, Epsilon: 0.7798
Step: 111300, Returns: -19.480, Epsilon: 0.7796
Step: 111400, Returns: -19.490, Epsilon: 0.7794
Step: 111500, Returns: -19.490, Epsilon: 0.7792
Step: 111600, Returns: -19.480, Epsilon: 0.7790
Step: 111700, Returns: -19.480, Epsilon: 0.7788
Step: 111800, Returns: -19.440, Epsilon: 0.7786
Step: 111900, Returns: -19.430, Epsilon: 0.7784
Step: 112000, Returns: -19.400, Epsilon: 0.7782
Step: 112100, Returns: -19.430, Epsilon: 0.7780
Step: 112200, Returns: -19.450, Epsilon: 0.7778
Step: 112300, Returns: -19.450, Epsilon: 0.7776
Step: 112400, Returns: -19.440, Epsilon: 0.7774
Step: 112500, Returns: -19.440, Epsilon: 0.7773
Step: 112600, Returns: -19.390, Epsilon: 0.7771
Step: 112700, Returns: -19.410, Epsilon: 0.7769
Step: 112800, Returns: -19.410, Epsilon: 0.7767
Step: 112900, Returns: -19.410, Epsilon: 0.7765
Step: 113000, Returns: -19.440, Epsilon: 0.7763
Step: 113100, Returns: -19.450, Epsilon: 0.7761
Updating target network...
Step: 113200, Returns: -19.450, Epsilon: 0.7759
Step: 113300, Returns: -19.450, Epsilon: 0.7757
Step: 113400, Returns: -19.450, Epsilon: 0.7755
Step: 113500, Returns: -19.450, Epsilon: 0.7753
Step: 113600, Returns: -19.460, Epsilon: 0.7751
Step: 113700, Returns: -19.410, Epsilon: 0.7749
Step: 113800, Returns: -19.430, Epsilon: 0.7747
Step: 113900, Returns: -19.430, Epsilon: 0.7745
Step: 114000, Returns: -19.430, Epsilon: 0.7743
Step: 114100, Returns: -19.430, Epsilon: 0.7741
Step: 114200, Returns: -19.380, Epsilon: 0.7739
Step: 114300, Returns: -19.420, Epsilon: 0.7737
Step: 114400, Returns: -19.410, Epsilon: 0.7735
Step: 114500, Returns: -19.410, Epsilon: 0.7733
Step: 114600, Returns: -19.410, Epsilon: 0.7731
Step: 114700, Returns: -19.430, Epsilon: 0.7729
Step: 114800, Returns: -19.390, Epsilon: 0.7727
Step: 114900, Returns: -19.330, Epsilon: 0.7725
Step: 115000, Returns: -19.320, Epsilon: 0.7723
Step: 115100, Returns: -19.340, Epsilon: 0.7721
Step: 115200, Returns: -19.340, Epsilon: 0.7719
Step: 115300, Returns: -19.330, Epsilon: 0.7717
Step: 115400, Returns: -19.320, Epsilon: 0.7715
Step: 115500, Returns: -19.310, Epsilon: 0.7713
Step: 115600, Returns: -19.310, Epsilon: 0.7711
Updating target network...
Step: 115700, Returns: -19.280, Epsilon: 0.7709
Step: 115800, Returns: -19.280, Epsilon: 0.7707
Step: 115900, Returns: -19.300, Epsilon: 0.7705
Step: 116000, Returns: -19.270, Epsilon: 0.7703
Step: 116100, Returns: -19.270, Epsilon: 0.7701
Step: 116200, Returns: -19.260, Epsilon: 0.7699
Step: 116300, Returns: -19.240, Epsilon: 0.7697
Step: 116400, Returns: -19.220, Epsilon: 0.7695
Step: 116500, Returns: -19.200, Epsilon: 0.7693
Step: 116600, Returns: -19.200, Epsilon: 0.7691
Step: 116700, Returns: -19.220, Epsilon: 0.7689
Step: 116800, Returns: -19.210, Epsilon: 0.7687
Step: 116900, Returns: -19.210, Epsilon: 0.7685
Step: 117000, Returns: -19.180, Epsilon: 0.7683
Step: 117100, Returns: -19.280, Epsilon: 0.7681
Step: 117200, Returns: -19.270, Epsilon: 0.7679
Step: 117300, Returns: -19.270, Epsilon: 0.7677
Step: 117400, Returns: -19.240, Epsilon: 0.7675
Step: 117500, Returns: -19.250, Epsilon: 0.7674
Step: 117600, Returns: -19.200, Epsilon: 0.7672
Step: 117700, Returns: -19.200, Epsilon: 0.7670
Step: 117800, Returns: -19.190, Epsilon: 0.7668
Step: 117900, Returns: -19.170, Epsilon: 0.7666
Step: 118000, Returns: -19.210, Epsilon: 0.7664
Step: 118100, Returns: -19.210, Epsilon: 0.7662
Updating target network...
Step: 118200, Returns: -19.210, Epsilon: 0.7660
Step: 118300, Returns: -19.170, Epsilon: 0.7658
Step: 118400, Returns: -19.160, Epsilon: 0.7656
Step: 118500, Returns: -19.210, Epsilon: 0.7654
Step: 118600, Returns: -19.210, Epsilon: 0.7652
Step: 118700, Returns: -19.270, Epsilon: 0.7650
Step: 118800, Returns: -19.250, Epsilon: 0.7648
Step: 118900, Returns: -19.280, Epsilon: 0.7646
Step: 119000, Returns: -19.280, Epsilon: 0.7644
Step: 119100, Returns: -19.280, Epsilon: 0.7642
Step: 119200, Returns: -19.280, Epsilon: 0.7640
Step: 119300, Returns: -19.280, Epsilon: 0.7638
Step: 119400, Returns: -19.280, Epsilon: 0.7636
Step: 119500, Returns: -19.330, Epsilon: 0.7634
Step: 119600, Returns: -19.380, Epsilon: 0.7632
Step: 119700, Returns: -19.370, Epsilon: 0.7630
Step: 119800, Returns: -19.300, Epsilon: 0.7628
Step: 119900, Returns: -19.280, Epsilon: 0.7626
Step: 120000, Returns: -19.270, Epsilon: 0.7624
Step: 120100, Returns: -19.240, Epsilon: 0.7622
Step: 120200, Returns: -19.240, Epsilon: 0.7620
Step: 120300, Returns: -19.240, Epsilon: 0.7618
Step: 120400, Returns: -19.240, Epsilon: 0.7616
Step: 120500, Returns: -19.280, Epsilon: 0.7614
Step: 120600, Returns: -19.280, Epsilon: 0.7612
Updating target network...
Step: 120700, Returns: -19.280, Epsilon: 0.7610
Step: 120800, Returns: -19.240, Epsilon: 0.7608
Step: 120900, Returns: -19.210, Epsilon: 0.7606
Step: 121000, Returns: -19.210, Epsilon: 0.7604
Step: 121100, Returns: -19.180, Epsilon: 0.7602
Step: 121200, Returns: -19.160, Epsilon: 0.7600
Step: 121300, Returns: -19.210, Epsilon: 0.7598
Step: 121400, Returns: -19.200, Epsilon: 0.7596
Step: 121500, Returns: -19.200, Epsilon: 0.7594
Step: 121600, Returns: -19.200, Epsilon: 0.7592
Step: 121700, Returns: -19.250, Epsilon: 0.7590
Step: 121800, Returns: -19.240, Epsilon: 0.7588
Step: 121900, Returns: -19.240, Epsilon: 0.7586
Step: 122000, Returns: -19.240, Epsilon: 0.7584
Step: 122100, Returns: -19.230, Epsilon: 0.7582
Step: 122200, Returns: -19.230, Epsilon: 0.7580
Step: 122300, Returns: -19.260, Epsilon: 0.7578
Step: 122400, Returns: -19.310, Epsilon: 0.7576
Step: 122500, Returns: -19.340, Epsilon: 0.7575
Step: 122600, Returns: -19.350, Epsilon: 0.7573
Step: 122700, Returns: -19.330, Epsilon: 0.7571
Step: 122800, Returns: -19.340, Epsilon: 0.7569
Step: 122900, Returns: -19.340, Epsilon: 0.7567
Step: 123000, Returns: -19.340, Epsilon: 0.7565
Step: 123100, Returns: -19.340, Epsilon: 0.7563
Updating target network...
Step: 123200, Returns: -19.340, Epsilon: 0.7561
Step: 123300, Returns: -19.340, Epsilon: 0.7559
Step: 123400, Returns: -19.340, Epsilon: 0.7557
Step: 123500, Returns: -19.260, Epsilon: 0.7555
Step: 123600, Returns: -19.260, Epsilon: 0.7553
Step: 123700, Returns: -19.270, Epsilon: 0.7551
Step: 123800, Returns: -19.280, Epsilon: 0.7549
Step: 123900, Returns: -19.270, Epsilon: 0.7547
Step: 124000, Returns: -19.300, Epsilon: 0.7545
Step: 124100, Returns: -19.300, Epsilon: 0.7543
Step: 124200, Returns: -19.320, Epsilon: 0.7541
Step: 124300, Returns: -19.280, Epsilon: 0.7539
Step: 124400, Returns: -19.280, Epsilon: 0.7537
Step: 124500, Returns: -19.320, Epsilon: 0.7535
Step: 124600, Returns: -19.310, Epsilon: 0.7533
Step: 124700, Returns: -19.320, Epsilon: 0.7531
Step: 124800, Returns: -19.320, Epsilon: 0.7529
Step: 124900, Returns: -19.340, Epsilon: 0.7527
Step: 125000, Returns: -19.340, Epsilon: 0.7525
Step: 125100, Returns: -19.340, Epsilon: 0.7523
Step: 125200, Returns: -19.350, Epsilon: 0.7521
Step: 125300, Returns: -19.350, Epsilon: 0.7519
Step: 125400, Returns: -19.370, Epsilon: 0.7517
Step: 125500, Returns: -19.390, Epsilon: 0.7515
Step: 125600, Returns: -19.410, Epsilon: 0.7513
Updating target network...
Step: 125700, Returns: -19.400, Epsilon: 0.7511
Step: 125800, Returns: -19.390, Epsilon: 0.7509
Step: 125900, Returns: -19.400, Epsilon: 0.7507
Step: 126000, Returns: -19.370, Epsilon: 0.7505
Step: 126100, Returns: -19.370, Epsilon: 0.7503
Step: 126200, Returns: -19.340, Epsilon: 0.7501
Step: 126300, Returns: -19.320, Epsilon: 0.7499
Step: 126400, Returns: -19.310, Epsilon: 0.7497
Step: 126500, Returns: -19.240, Epsilon: 0.7495
Step: 126600, Returns: -19.230, Epsilon: 0.7493
Step: 126700, Returns: -19.230, Epsilon: 0.7491
Step: 126800, Returns: -19.230, Epsilon: 0.7489
Step: 126900, Returns: -19.180, Epsilon: 0.7487
Step: 127000, Returns: -19.180, Epsilon: 0.7485
Step: 127100, Returns: -19.200, Epsilon: 0.7483
Step: 127200, Returns: -19.250, Epsilon: 0.7481
Step: 127300, Returns: -19.270, Epsilon: 0.7479
Step: 127400, Returns: -19.250, Epsilon: 0.7477
Step: 127500, Returns: -19.260, Epsilon: 0.7476
Step: 127600, Returns: -19.260, Epsilon: 0.7474
Step: 127700, Returns: -19.260, Epsilon: 0.7472
Step: 127800, Returns: -19.230, Epsilon: 0.7470
Step: 127900, Returns: -19.230, Epsilon: 0.7468
Step: 128000, Returns: -19.230, Epsilon: 0.7466
Step: 128100, Returns: -19.230, Epsilon: 0.7464
Updating target network...
Step: 128200, Returns: -19.250, Epsilon: 0.7462
Step: 128300, Returns: -19.230, Epsilon: 0.7460
Step: 128400, Returns: -19.230, Epsilon: 0.7458
Step: 128500, Returns: -19.200, Epsilon: 0.7456
Step: 128600, Returns: -19.230, Epsilon: 0.7454
Step: 128700, Returns: -19.220, Epsilon: 0.7452
Step: 128800, Returns: -19.220, Epsilon: 0.7450
Step: 128900, Returns: -19.220, Epsilon: 0.7448
Step: 129000, Returns: -19.190, Epsilon: 0.7446
Step: 129100, Returns: -19.190, Epsilon: 0.7444
Step: 129200, Returns: -19.180, Epsilon: 0.7442
Step: 129300, Returns: -19.180, Epsilon: 0.7440
Step: 129400, Returns: -19.160, Epsilon: 0.7438
Step: 129500, Returns: -19.150, Epsilon: 0.7436
Step: 129600, Returns: -19.140, Epsilon: 0.7434
Step: 129700, Returns: -19.140, Epsilon: 0.7432
Step: 129800, Returns: -19.140, Epsilon: 0.7430
Step: 129900, Returns: -19.110, Epsilon: 0.7428
Step: 130000, Returns: -19.110, Epsilon: 0.7426
Step: 130100, Returns: -19.110, Epsilon: 0.7424
Step: 130200, Returns: -19.100, Epsilon: 0.7422
Step: 130300, Returns: -19.100, Epsilon: 0.7420
Step: 130400, Returns: -19.090, Epsilon: 0.7418
Step: 130500, Returns: -19.100, Epsilon: 0.7416
Step: 130600, Returns: -19.110, Epsilon: 0.7414
Updating target network...
Step: 130700, Returns: -19.100, Epsilon: 0.7412
Step: 130800, Returns: -19.090, Epsilon: 0.7410
Step: 130900, Returns: -19.060, Epsilon: 0.7408
Step: 131000, Returns: -19.080, Epsilon: 0.7406
Step: 131100, Returns: -19.130, Epsilon: 0.7404
Step: 131200, Returns: -19.130, Epsilon: 0.7402
Step: 131300, Returns: -19.130, Epsilon: 0.7400
Step: 131400, Returns: -19.140, Epsilon: 0.7398
Step: 131500, Returns: -19.140, Epsilon: 0.7396
Step: 131600, Returns: -19.140, Epsilon: 0.7394
Step: 131700, Returns: -19.140, Epsilon: 0.7392
Step: 131800, Returns: -19.110, Epsilon: 0.7390
Step: 131900, Returns: -19.120, Epsilon: 0.7388
Step: 132000, Returns: -19.030, Epsilon: 0.7386
Step: 132100, Returns: -19.040, Epsilon: 0.7384
Step: 132200, Returns: -19.040, Epsilon: 0.7382
Step: 132300, Returns: -19.040, Epsilon: 0.7380
Step: 132400, Returns: -19.030, Epsilon: 0.7378
Step: 132500, Returns: -19.030, Epsilon: 0.7377
Step: 132600, Returns: -18.990, Epsilon: 0.7375
Step: 132700, Returns: -19.030, Epsilon: 0.7373
Step: 132800, Returns: -19.030, Epsilon: 0.7371
Step: 132900, Returns: -19.040, Epsilon: 0.7369
Step: 133000, Returns: -19.060, Epsilon: 0.7367
Step: 133100, Returns: -19.050, Epsilon: 0.7365
Updating target network...
Step: 133200, Returns: -19.030, Epsilon: 0.7363
Step: 133300, Returns: -19.030, Epsilon: 0.7361
Step: 133400, Returns: -19.050, Epsilon: 0.7359
Step: 133500, Returns: -19.040, Epsilon: 0.7357
Step: 133600, Returns: -19.040, Epsilon: 0.7355
Step: 133700, Returns: -19.060, Epsilon: 0.7353
Step: 133800, Returns: -19.060, Epsilon: 0.7351
Step: 133900, Returns: -19.080, Epsilon: 0.7349
Step: 134000, Returns: -19.110, Epsilon: 0.7347
Step: 134100, Returns: -19.120, Epsilon: 0.7345
Step: 134200, Returns: -19.170, Epsilon: 0.7343
Step: 134300, Returns: -19.180, Epsilon: 0.7341
Step: 134400, Returns: -19.180, Epsilon: 0.7339
Step: 134500, Returns: -19.180, Epsilon: 0.7337
Step: 134600, Returns: -19.160, Epsilon: 0.7335
Step: 134700, Returns: -19.120, Epsilon: 0.7333
Step: 134800, Returns: -19.110, Epsilon: 0.7331
Step: 134900, Returns: -19.110, Epsilon: 0.7329
Step: 135000, Returns: -19.100, Epsilon: 0.7327
Step: 135100, Returns: -19.090, Epsilon: 0.7325
Step: 135200, Returns: -19.090, Epsilon: 0.7323
Step: 135300, Returns: -19.120, Epsilon: 0.7321
Step: 135400, Returns: -19.140, Epsilon: 0.7319
Step: 135500, Returns: -19.130, Epsilon: 0.7317
Step: 135600, Returns: -19.130, Epsilon: 0.7315
Updating target network...
Step: 135700, Returns: -19.100, Epsilon: 0.7313
Step: 135800, Returns: -19.120, Epsilon: 0.7311
Step: 135900, Returns: -19.120, Epsilon: 0.7309
Step: 136000, Returns: -19.120, Epsilon: 0.7307
Step: 136100, Returns: -19.120, Epsilon: 0.7305
Step: 136200, Returns: -19.130, Epsilon: 0.7303
Step: 136300, Returns: -19.150, Epsilon: 0.7301
Step: 136400, Returns: -19.150, Epsilon: 0.7299
Step: 136500, Returns: -19.160, Epsilon: 0.7297
Step: 136600, Returns: -19.140, Epsilon: 0.7295
Step: 136700, Returns: -19.140, Epsilon: 0.7293
Step: 136800, Returns: -19.150, Epsilon: 0.7291
Step: 136900, Returns: -19.170, Epsilon: 0.7289
Step: 137000, Returns: -19.160, Epsilon: 0.7287
Step: 137100, Returns: -19.100, Epsilon: 0.7285
Step: 137200, Returns: -19.100, Epsilon: 0.7283
Step: 137300, Returns: -19.130, Epsilon: 0.7281
Step: 137400, Returns: -19.130, Epsilon: 0.7279
Step: 137500, Returns: -19.130, Epsilon: 0.7278
Step: 137600, Returns: -19.150, Epsilon: 0.7276
Step: 137700, Returns: -19.150, Epsilon: 0.7274
Step: 137800, Returns: -19.120, Epsilon: 0.7272
Step: 137900, Returns: -19.120, Epsilon: 0.7270
Step: 138000, Returns: -19.080, Epsilon: 0.7268
Step: 138100, Returns: -19.080, Epsilon: 0.7266
Updating target network...
Step: 138200, Returns: -19.080, Epsilon: 0.7264
Step: 138300, Returns: -19.080, Epsilon: 0.7262
Step: 138400, Returns: -19.070, Epsilon: 0.7260
Step: 138500, Returns: -19.110, Epsilon: 0.7258
Step: 138600, Returns: -19.100, Epsilon: 0.7256
Step: 138700, Returns: -19.110, Epsilon: 0.7254
Step: 138800, Returns: -19.110, Epsilon: 0.7252
Step: 138900, Returns: -19.100, Epsilon: 0.7250
Step: 139000, Returns: -19.050, Epsilon: 0.7248
Step: 139100, Returns: -19.080, Epsilon: 0.7246
Step: 139200, Returns: -19.040, Epsilon: 0.7244
Step: 139300, Returns: -19.030, Epsilon: 0.7242
Step: 139400, Returns: -19.010, Epsilon: 0.7240
Step: 139500, Returns: -19.040, Epsilon: 0.7238
Step: 139600, Returns: -19.040, Epsilon: 0.7236
Step: 139700, Returns: -19.020, Epsilon: 0.7234
Step: 139800, Returns: -19.080, Epsilon: 0.7232
Step: 139900, Returns: -19.080, Epsilon: 0.7230
Step: 140000, Returns: -19.100, Epsilon: 0.7228
Step: 140100, Returns: -19.120, Epsilon: 0.7226
Step: 140200, Returns: -19.120, Epsilon: 0.7224
Step: 140300, Returns: -19.100, Epsilon: 0.7222
Step: 140400, Returns: -19.120, Epsilon: 0.7220
Step: 140500, Returns: -19.110, Epsilon: 0.7218
Step: 140600, Returns: -19.090, Epsilon: 0.7216
Updating target network...
Step: 140700, Returns: -19.030, Epsilon: 0.7214
Step: 140800, Returns: -19.030, Epsilon: 0.7212
Step: 140900, Returns: -19.070, Epsilon: 0.7210
Step: 141000, Returns: -19.070, Epsilon: 0.7208
Step: 141100, Returns: -19.040, Epsilon: 0.7206
Step: 141200, Returns: -19.040, Epsilon: 0.7204
Step: 141300, Returns: -19.030, Epsilon: 0.7202
Step: 141400, Returns: -19.040, Epsilon: 0.7200
Step: 141500, Returns: -19.080, Epsilon: 0.7198
Step: 141600, Returns: -19.060, Epsilon: 0.7196
Step: 141700, Returns: -19.060, Epsilon: 0.7194
Step: 141800, Returns: -19.060, Epsilon: 0.7192
Step: 141900, Returns: -19.060, Epsilon: 0.7190
Step: 142000, Returns: -19.040, Epsilon: 0.7188
Step: 142100, Returns: -18.940, Epsilon: 0.7186
Step: 142200, Returns: -18.920, Epsilon: 0.7184
Step: 142300, Returns: -18.910, Epsilon: 0.7182
Step: 142400, Returns: -18.910, Epsilon: 0.7180
Step: 142500, Returns: -18.920, Epsilon: 0.7179
Step: 142600, Returns: -18.940, Epsilon: 0.7177
Step: 142700, Returns: -18.960, Epsilon: 0.7175
Step: 142800, Returns: -18.960, Epsilon: 0.7173
Step: 142900, Returns: -18.960, Epsilon: 0.7171
Step: 143000, Returns: -18.960, Epsilon: 0.7169
Step: 143100, Returns: -18.920, Epsilon: 0.7167
Updating target network...
Step: 143200, Returns: -18.920, Epsilon: 0.7165
Step: 143300, Returns: -18.920, Epsilon: 0.7163
Step: 143400, Returns: -18.910, Epsilon: 0.7161
Step: 143500, Returns: -18.930, Epsilon: 0.7159
Step: 143600, Returns: -18.930, Epsilon: 0.7157
Step: 143700, Returns: -18.920, Epsilon: 0.7155
Step: 143800, Returns: -18.920, Epsilon: 0.7153
Step: 143900, Returns: -18.890, Epsilon: 0.7151
Step: 144000, Returns: -18.870, Epsilon: 0.7149
Step: 144100, Returns: -18.850, Epsilon: 0.7147
Step: 144200, Returns: -18.890, Epsilon: 0.7145
Step: 144300, Returns: -18.860, Epsilon: 0.7143
Step: 144400, Returns: -18.860, Epsilon: 0.7141
Step: 144500, Returns: -18.870, Epsilon: 0.7139
Step: 144600, Returns: -18.890, Epsilon: 0.7137
Step: 144700, Returns: -18.910, Epsilon: 0.7135
Step: 144800, Returns: -18.900, Epsilon: 0.7133
Step: 144900, Returns: -18.890, Epsilon: 0.7131
Step: 145000, Returns: -18.880, Epsilon: 0.7129
Step: 145100, Returns: -18.940, Epsilon: 0.7127
Step: 145200, Returns: -18.860, Epsilon: 0.7125
Step: 145300, Returns: -18.870, Epsilon: 0.7123
Step: 145400, Returns: -18.850, Epsilon: 0.7121
Step: 145500, Returns: -18.850, Epsilon: 0.7119
Step: 145600, Returns: -18.820, Epsilon: 0.7117
Updating target network...
Step: 145700, Returns: -18.760, Epsilon: 0.7115
Step: 145800, Returns: -18.770, Epsilon: 0.7113
Step: 145900, Returns: -18.800, Epsilon: 0.7111
Step: 146000, Returns: -18.810, Epsilon: 0.7109
Step: 146100, Returns: -18.810, Epsilon: 0.7107
Step: 146200, Returns: -18.810, Epsilon: 0.7105
Step: 146300, Returns: -18.810, Epsilon: 0.7103
Step: 146400, Returns: -18.790, Epsilon: 0.7101
Step: 146500, Returns: -18.760, Epsilon: 0.7099
Step: 146600, Returns: -18.730, Epsilon: 0.7097
Step: 146700, Returns: -18.740, Epsilon: 0.7095
Step: 146800, Returns: -18.740, Epsilon: 0.7093
Step: 146900, Returns: -18.730, Epsilon: 0.7091
Step: 147000, Returns: -18.710, Epsilon: 0.7089
Step: 147100, Returns: -18.780, Epsilon: 0.7087
Step: 147200, Returns: -18.780, Epsilon: 0.7085
Step: 147300, Returns: -18.770, Epsilon: 0.7083
Step: 147400, Returns: -18.770, Epsilon: 0.7081
Step: 147500, Returns: -18.790, Epsilon: 0.7080
Step: 147600, Returns: -18.790, Epsilon: 0.7078
Step: 147700, Returns: -18.780, Epsilon: 0.7076
Step: 147800, Returns: -18.780, Epsilon: 0.7074
Step: 147900, Returns: -18.810, Epsilon: 0.7072
Step: 148000, Returns: -18.810, Epsilon: 0.7070
Step: 148100, Returns: -18.720, Epsilon: 0.7068
Updating target network...
Step: 148200, Returns: -18.710, Epsilon: 0.7066
Step: 148300, Returns: -18.730, Epsilon: 0.7064
Step: 148400, Returns: -18.700, Epsilon: 0.7062
Step: 148500, Returns: -18.670, Epsilon: 0.7060
Step: 148600, Returns: -18.680, Epsilon: 0.7058
Step: 148700, Returns: -18.680, Epsilon: 0.7056
Step: 148800, Returns: -18.700, Epsilon: 0.7054
Step: 148900, Returns: -18.700, Epsilon: 0.7052
Step: 149000, Returns: -18.780, Epsilon: 0.7050
Step: 149100, Returns: -18.760, Epsilon: 0.7048
Step: 149200, Returns: -18.710, Epsilon: 0.7046
Step: 149300, Returns: -18.720, Epsilon: 0.7044
Step: 149400, Returns: -18.720, Epsilon: 0.7042
Step: 149500, Returns: -18.680, Epsilon: 0.7040
Step: 149600, Returns: -18.690, Epsilon: 0.7038
Step: 149700, Returns: -18.690, Epsilon: 0.7036
Step: 149800, Returns: -18.690, Epsilon: 0.7034
Step: 149900, Returns: -18.660, Epsilon: 0.7032
Step: 150000, Returns: -18.660, Epsilon: 0.7030
Step: 150100, Returns: -18.660, Epsilon: 0.7028
Step: 150200, Returns: -18.680, Epsilon: 0.7026
Step: 150300, Returns: -18.680, Epsilon: 0.7024
Step: 150400, Returns: -18.680, Epsilon: 0.7022
Step: 150500, Returns: -18.700, Epsilon: 0.7020
Step: 150600, Returns: -18.690, Epsilon: 0.7018
Updating target network...
Step: 150700, Returns: -18.670, Epsilon: 0.7016
Step: 150800, Returns: -18.660, Epsilon: 0.7014
Step: 150900, Returns: -18.660, Epsilon: 0.7012
Step: 151000, Returns: -18.630, Epsilon: 0.7010
Step: 151100, Returns: -18.670, Epsilon: 0.7008
Step: 151200, Returns: -18.670, Epsilon: 0.7006
Step: 151300, Returns: -18.630, Epsilon: 0.7004
Step: 151400, Returns: -18.630, Epsilon: 0.7002
Step: 151500, Returns: -18.590, Epsilon: 0.7000
Step: 151600, Returns: -18.590, Epsilon: 0.6998
Step: 151700, Returns: -18.610, Epsilon: 0.6996
Step: 151800, Returns: -18.590, Epsilon: 0.6994
Step: 151900, Returns: -18.590, Epsilon: 0.6992
Step: 152000, Returns: -18.590, Epsilon: 0.6990
Step: 152100, Returns: -18.610, Epsilon: 0.6988
Step: 152200, Returns: -18.600, Epsilon: 0.6986
Step: 152300, Returns: -18.640, Epsilon: 0.6984
Step: 152400, Returns: -18.630, Epsilon: 0.6982
Step: 152500, Returns: -18.540, Epsilon: 0.6981
Step: 152600, Returns: -18.540, Epsilon: 0.6979
Step: 152700, Returns: -18.540, Epsilon: 0.6977
Step: 152800, Returns: -18.540, Epsilon: 0.6975
Step: 152900, Returns: -18.530, Epsilon: 0.6973
Step: 153000, Returns: -18.530, Epsilon: 0.6971
Step: 153100, Returns: -18.540, Epsilon: 0.6969
Updating target network...
Step: 153200, Returns: -18.510, Epsilon: 0.6967
Step: 153300, Returns: -18.540, Epsilon: 0.6965
Step: 153400, Returns: -18.590, Epsilon: 0.6963
Step: 153500, Returns: -18.600, Epsilon: 0.6961
Step: 153600, Returns: -18.570, Epsilon: 0.6959
Step: 153700, Returns: -18.570, Epsilon: 0.6957
Step: 153800, Returns: -18.590, Epsilon: 0.6955
Step: 153900, Returns: -18.550, Epsilon: 0.6953
Step: 154000, Returns: -18.550, Epsilon: 0.6951
Step: 154100, Returns: -18.550, Epsilon: 0.6949
Step: 154200, Returns: -18.530, Epsilon: 0.6947
Step: 154300, Returns: -18.540, Epsilon: 0.6945
Step: 154400, Returns: -18.580, Epsilon: 0.6943
Step: 154500, Returns: -18.550, Epsilon: 0.6941
Step: 154600, Returns: -18.550, Epsilon: 0.6939
Step: 154700, Returns: -18.560, Epsilon: 0.6937
Step: 154800, Returns: -18.570, Epsilon: 0.6935
Step: 154900, Returns: -18.530, Epsilon: 0.6933
Step: 155000, Returns: -18.500, Epsilon: 0.6931
Step: 155100, Returns: -18.500, Epsilon: 0.6929
Step: 155200, Returns: -18.500, Epsilon: 0.6927
Step: 155300, Returns: -18.470, Epsilon: 0.6925
Step: 155400, Returns: -18.470, Epsilon: 0.6923
Step: 155500, Returns: -18.420, Epsilon: 0.6921
Step: 155600, Returns: -18.430, Epsilon: 0.6919
Updating target network...
Step: 155700, Returns: -18.430, Epsilon: 0.6917
Step: 155800, Returns: -18.430, Epsilon: 0.6915
Step: 155900, Returns: -18.420, Epsilon: 0.6913
Step: 156000, Returns: -18.420, Epsilon: 0.6911
Step: 156100, Returns: -18.420, Epsilon: 0.6909
Step: 156200, Returns: -18.380, Epsilon: 0.6907
Step: 156300, Returns: -18.380, Epsilon: 0.6905
Step: 156400, Returns: -18.360, Epsilon: 0.6903
Step: 156500, Returns: -18.350, Epsilon: 0.6901
Step: 156600, Returns: -18.370, Epsilon: 0.6899
Step: 156700, Returns: -18.390, Epsilon: 0.6897
Step: 156800, Returns: -18.380, Epsilon: 0.6895
Step: 156900, Returns: -18.280, Epsilon: 0.6893
Step: 157000, Returns: -18.280, Epsilon: 0.6891
Step: 157100, Returns: -18.280, Epsilon: 0.6889
Step: 157200, Returns: -18.280, Epsilon: 0.6887
Step: 157300, Returns: -18.270, Epsilon: 0.6885
Step: 157400, Returns: -18.270, Epsilon: 0.6883
Step: 157500, Returns: -18.260, Epsilon: 0.6882
Step: 157600, Returns: -18.230, Epsilon: 0.6880
Step: 157700, Returns: -18.230, Epsilon: 0.6878
Step: 157800, Returns: -18.260, Epsilon: 0.6876
Step: 157900, Returns: -18.300, Epsilon: 0.6874
Step: 158000, Returns: -18.300, Epsilon: 0.6872
Step: 158100, Returns: -18.300, Epsilon: 0.6870
Updating target network...
Step: 158200, Returns: -18.300, Epsilon: 0.6868
Step: 158300, Returns: -18.300, Epsilon: 0.6866
Step: 158400, Returns: -18.300, Epsilon: 0.6864
Step: 158500, Returns: -18.350, Epsilon: 0.6862
Step: 158600, Returns: -18.320, Epsilon: 0.6860
Step: 158700, Returns: -18.320, Epsilon: 0.6858
Step: 158800, Returns: -18.300, Epsilon: 0.6856
Step: 158900, Returns: -18.350, Epsilon: 0.6854
Step: 159000, Returns: -18.330, Epsilon: 0.6852
Step: 159100, Returns: -18.410, Epsilon: 0.6850
Step: 159200, Returns: -18.390, Epsilon: 0.6848
Step: 159300, Returns: -18.380, Epsilon: 0.6846
Step: 159400, Returns: -18.380, Epsilon: 0.6844
Step: 159500, Returns: -18.370, Epsilon: 0.6842
Step: 159600, Returns: -18.370, Epsilon: 0.6840
Step: 159700, Returns: -18.400, Epsilon: 0.6838
Step: 159800, Returns: -18.400, Epsilon: 0.6836
Step: 159900, Returns: -18.390, Epsilon: 0.6834
Step: 160000, Returns: -18.400, Epsilon: 0.6832
Step: 160100, Returns: -18.410, Epsilon: 0.6830
Step: 160200, Returns: -18.440, Epsilon: 0.6828
Step: 160300, Returns: -18.410, Epsilon: 0.6826
Step: 160400, Returns: -18.400, Epsilon: 0.6824
Step: 160500, Returns: -18.390, Epsilon: 0.6822
Step: 160600, Returns: -18.360, Epsilon: 0.6820
Updating target network...
Step: 160700, Returns: -18.380, Epsilon: 0.6818
Step: 160800, Returns: -18.420, Epsilon: 0.6816
Step: 160900, Returns: -18.420, Epsilon: 0.6814
Step: 161000, Returns: -18.430, Epsilon: 0.6812
Step: 161100, Returns: -18.430, Epsilon: 0.6810
Step: 161200, Returns: -18.460, Epsilon: 0.6808
Step: 161300, Returns: -18.410, Epsilon: 0.6806
Step: 161400, Returns: -18.400, Epsilon: 0.6804
Step: 161500, Returns: -18.400, Epsilon: 0.6802
Step: 161600, Returns: -18.390, Epsilon: 0.6800
Step: 161700, Returns: -18.390, Epsilon: 0.6798
Step: 161800, Returns: -18.380, Epsilon: 0.6796
Step: 161900, Returns: -18.390, Epsilon: 0.6794
Step: 162000, Returns: -18.380, Epsilon: 0.6792
Step: 162100, Returns: -18.370, Epsilon: 0.6790
Step: 162200, Returns: -18.370, Epsilon: 0.6788
Step: 162300, Returns: -18.370, Epsilon: 0.6786
Step: 162400, Returns: -18.370, Epsilon: 0.6784
Step: 162500, Returns: -18.370, Epsilon: 0.6783
Step: 162600, Returns: -18.330, Epsilon: 0.6781
Step: 162700, Returns: -18.280, Epsilon: 0.6779
Step: 162800, Returns: -18.280, Epsilon: 0.6777
Step: 162900, Returns: -18.280, Epsilon: 0.6775
Step: 163000, Returns: -18.240, Epsilon: 0.6773
Step: 163100, Returns: -18.310, Epsilon: 0.6771
Updating target network...
Step: 163200, Returns: -18.300, Epsilon: 0.6769
Step: 163300, Returns: -18.300, Epsilon: 0.6767
Step: 163400, Returns: -18.320, Epsilon: 0.6765
Step: 163500, Returns: -18.320, Epsilon: 0.6763
Step: 163600, Returns: -18.340, Epsilon: 0.6761
Step: 163700, Returns: -18.340, Epsilon: 0.6759
Step: 163800, Returns: -18.340, Epsilon: 0.6757
Step: 163900, Returns: -18.340, Epsilon: 0.6755
Step: 164000, Returns: -18.320, Epsilon: 0.6753
Step: 164100, Returns: -18.310, Epsilon: 0.6751
Step: 164200, Returns: -18.230, Epsilon: 0.6749
Step: 164300, Returns: -18.260, Epsilon: 0.6747
Step: 164400, Returns: -18.280, Epsilon: 0.6745
Step: 164500, Returns: -18.310, Epsilon: 0.6743
Step: 164600, Returns: -18.300, Epsilon: 0.6741
Step: 164700, Returns: -18.300, Epsilon: 0.6739
Step: 164800, Returns: -18.270, Epsilon: 0.6737
Step: 164900, Returns: -18.250, Epsilon: 0.6735
Step: 165000, Returns: -18.250, Epsilon: 0.6733
Step: 165100, Returns: -18.250, Epsilon: 0.6731
Step: 165200, Returns: -18.250, Epsilon: 0.6729
Step: 165300, Returns: -18.250, Epsilon: 0.6727
Step: 165400, Returns: -18.340, Epsilon: 0.6725
Step: 165500, Returns: -18.330, Epsilon: 0.6723
Step: 165600, Returns: -18.310, Epsilon: 0.6721
Updating target network...
Step: 165700, Returns: -18.310, Epsilon: 0.6719
Step: 165800, Returns: -18.350, Epsilon: 0.6717
Step: 165900, Returns: -18.340, Epsilon: 0.6715
Step: 166000, Returns: -18.320, Epsilon: 0.6713
Step: 166100, Returns: -18.290, Epsilon: 0.6711
Step: 166200, Returns: -18.250, Epsilon: 0.6709
Step: 166300, Returns: -18.230, Epsilon: 0.6707
Step: 166400, Returns: -18.200, Epsilon: 0.6705
Step: 166500, Returns: -18.200, Epsilon: 0.6703
Step: 166600, Returns: -18.200, Epsilon: 0.6701
Step: 166700, Returns: -18.200, Epsilon: 0.6699
Step: 166800, Returns: -18.180, Epsilon: 0.6697
Step: 166900, Returns: -18.180, Epsilon: 0.6695
Step: 167000, Returns: -18.210, Epsilon: 0.6693
Step: 167100, Returns: -18.250, Epsilon: 0.6691
Step: 167200, Returns: -18.200, Epsilon: 0.6689
Step: 167300, Returns: -18.200, Epsilon: 0.6687
Step: 167400, Returns: -18.200, Epsilon: 0.6685
Step: 167500, Returns: -18.200, Epsilon: 0.6684
Step: 167600, Returns: -18.200, Epsilon: 0.6682
Step: 167700, Returns: -18.200, Epsilon: 0.6680
Step: 167800, Returns: -18.180, Epsilon: 0.6678
Step: 167900, Returns: -18.220, Epsilon: 0.6676
Step: 168000, Returns: -18.220, Epsilon: 0.6674
Step: 168100, Returns: -18.200, Epsilon: 0.6672
Updating target network...
Step: 168200, Returns: -18.200, Epsilon: 0.6670
Step: 168300, Returns: -18.220, Epsilon: 0.6668
Step: 168400, Returns: -18.200, Epsilon: 0.6666
Step: 168500, Returns: -18.200, Epsilon: 0.6664
Step: 168600, Returns: -18.190, Epsilon: 0.6662
Step: 168700, Returns: -18.190, Epsilon: 0.6660
Step: 168800, Returns: -18.170, Epsilon: 0.6658
Step: 168900, Returns: -18.200, Epsilon: 0.6656
Step: 169000, Returns: -18.200, Epsilon: 0.6654
Step: 169100, Returns: -18.150, Epsilon: 0.6652
Step: 169200, Returns: -18.180, Epsilon: 0.6650
Step: 169300, Returns: -18.200, Epsilon: 0.6648
Step: 169400, Returns: -18.200, Epsilon: 0.6646
Step: 169500, Returns: -18.200, Epsilon: 0.6644
Step: 169600, Returns: -18.190, Epsilon: 0.6642
Step: 169700, Returns: -18.230, Epsilon: 0.6640
Step: 169800, Returns: -18.180, Epsilon: 0.6638
Step: 169900, Returns: -18.190, Epsilon: 0.6636
Step: 170000, Returns: -18.190, Epsilon: 0.6634
Step: 170100, Returns: -18.190, Epsilon: 0.6632
Step: 170200, Returns: -18.200, Epsilon: 0.6630
Step: 170300, Returns: -18.200, Epsilon: 0.6628
Step: 170400, Returns: -18.190, Epsilon: 0.6626
Step: 170500, Returns: -18.230, Epsilon: 0.6624
Step: 170600, Returns: -18.250, Epsilon: 0.6622
Updating target network...
Step: 170700, Returns: -18.320, Epsilon: 0.6620
Step: 170800, Returns: -18.340, Epsilon: 0.6618
Step: 170900, Returns: -18.340, Epsilon: 0.6616
Step: 171000, Returns: -18.320, Epsilon: 0.6614
Step: 171100, Returns: -18.320, Epsilon: 0.6612
Step: 171200, Returns: -18.360, Epsilon: 0.6610
Step: 171300, Returns: -18.330, Epsilon: 0.6608
Step: 171400, Returns: -18.320, Epsilon: 0.6606
Step: 171500, Returns: -18.320, Epsilon: 0.6604
Step: 171600, Returns: -18.330, Epsilon: 0.6602
Step: 171700, Returns: -18.330, Epsilon: 0.6600
Step: 171800, Returns: -18.350, Epsilon: 0.6598
Step: 171900, Returns: -18.360, Epsilon: 0.6596
Step: 172000, Returns: -18.390, Epsilon: 0.6594
Step: 172100, Returns: -18.440, Epsilon: 0.6592
Step: 172200, Returns: -18.440, Epsilon: 0.6590
Step: 172300, Returns: -18.460, Epsilon: 0.6588
Step: 172400, Returns: -18.460, Epsilon: 0.6586
Step: 172500, Returns: -18.460, Epsilon: 0.6585
Step: 172600, Returns: -18.440, Epsilon: 0.6583
Step: 172700, Returns: -18.440, Epsilon: 0.6581
Step: 172800, Returns: -18.440, Epsilon: 0.6579
Step: 172900, Returns: -18.450, Epsilon: 0.6577
Step: 173000, Returns: -18.460, Epsilon: 0.6575
Step: 173100, Returns: -18.460, Epsilon: 0.6573
Updating target network...
Step: 173200, Returns: -18.500, Epsilon: 0.6571
Step: 173300, Returns: -18.490, Epsilon: 0.6569
Step: 173400, Returns: -18.540, Epsilon: 0.6567
Step: 173500, Returns: -18.490, Epsilon: 0.6565
Step: 173600, Returns: -18.490, Epsilon: 0.6563
Step: 173700, Returns: -18.490, Epsilon: 0.6561
Step: 173800, Returns: -18.520, Epsilon: 0.6559
Step: 173900, Returns: -18.520, Epsilon: 0.6557
Step: 174000, Returns: -18.520, Epsilon: 0.6555
Step: 174100, Returns: -18.520, Epsilon: 0.6553
Step: 174200, Returns: -18.520, Epsilon: 0.6551
Step: 174300, Returns: -18.520, Epsilon: 0.6549
Step: 174400, Returns: -18.510, Epsilon: 0.6547
Step: 174500, Returns: -18.540, Epsilon: 0.6545
Step: 174600, Returns: -18.530, Epsilon: 0.6543
Step: 174700, Returns: -18.520, Epsilon: 0.6541
Step: 174800, Returns: -18.540, Epsilon: 0.6539
Step: 174900, Returns: -18.540, Epsilon: 0.6537
Step: 175000, Returns: -18.560, Epsilon: 0.6535
Step: 175100, Returns: -18.560, Epsilon: 0.6533
Step: 175200, Returns: -18.520, Epsilon: 0.6531
Step: 175300, Returns: -18.520, Epsilon: 0.6529
Step: 175400, Returns: -18.500, Epsilon: 0.6527
Step: 175500, Returns: -18.500, Epsilon: 0.6525
Step: 175600, Returns: -18.500, Epsilon: 0.6523
Updating target network...
Step: 175700, Returns: -18.500, Epsilon: 0.6521
Step: 175800, Returns: -18.540, Epsilon: 0.6519
Step: 175900, Returns: -18.530, Epsilon: 0.6517
Step: 176000, Returns: -18.520, Epsilon: 0.6515
Step: 176100, Returns: -18.530, Epsilon: 0.6513
Step: 176200, Returns: -18.530, Epsilon: 0.6511
Step: 176300, Returns: -18.540, Epsilon: 0.6509
Step: 176400, Returns: -18.490, Epsilon: 0.6507
Step: 176500, Returns: -18.450, Epsilon: 0.6505
Step: 176600, Returns: -18.430, Epsilon: 0.6503
Step: 176700, Returns: -18.430, Epsilon: 0.6501
Step: 176800, Returns: -18.440, Epsilon: 0.6499
Step: 176900, Returns: -18.440, Epsilon: 0.6497
Step: 177000, Returns: -18.440, Epsilon: 0.6495
Step: 177100, Returns: -18.450, Epsilon: 0.6493
Step: 177200, Returns: -18.470, Epsilon: 0.6491
Step: 177300, Returns: -18.460, Epsilon: 0.6489
Step: 177400, Returns: -18.460, Epsilon: 0.6487
Step: 177500, Returns: -18.490, Epsilon: 0.6486
Step: 177600, Returns: -18.450, Epsilon: 0.6484
Step: 177700, Returns: -18.460, Epsilon: 0.6482
Step: 177800, Returns: -18.420, Epsilon: 0.6480
Step: 177900, Returns: -18.410, Epsilon: 0.6478
Step: 178000, Returns: -18.410, Epsilon: 0.6476
Step: 178100, Returns: -18.390, Epsilon: 0.6474
Updating target network...
Step: 178200, Returns: -18.390, Epsilon: 0.6472
Step: 178300, Returns: -18.410, Epsilon: 0.6470
Step: 178400, Returns: -18.430, Epsilon: 0.6468
Step: 178500, Returns: -18.450, Epsilon: 0.6466
Step: 178600, Returns: -18.480, Epsilon: 0.6464
Step: 178700, Returns: -18.480, Epsilon: 0.6462
Step: 178800, Returns: -18.480, Epsilon: 0.6460
Step: 178900, Returns: -18.450, Epsilon: 0.6458
Step: 179000, Returns: -18.450, Epsilon: 0.6456
Step: 179100, Returns: -18.450, Epsilon: 0.6454
Step: 179200, Returns: -18.450, Epsilon: 0.6452
Step: 179300, Returns: -18.450, Epsilon: 0.6450
Step: 179400, Returns: -18.430, Epsilon: 0.6448
Step: 179500, Returns: -18.390, Epsilon: 0.6446
Step: 179600, Returns: -18.380, Epsilon: 0.6444
Step: 179700, Returns: -18.350, Epsilon: 0.6442
Step: 179800, Returns: -18.350, Epsilon: 0.6440
Step: 179900, Returns: -18.350, Epsilon: 0.6438
Step: 180000, Returns: -18.350, Epsilon: 0.6436
Step: 180100, Returns: -18.350, Epsilon: 0.6434
Step: 180200, Returns: -18.310, Epsilon: 0.6432
Step: 180300, Returns: -18.310, Epsilon: 0.6430
Step: 180400, Returns: -18.290, Epsilon: 0.6428
Step: 180500, Returns: -18.250, Epsilon: 0.6426
Step: 180600, Returns: -18.250, Epsilon: 0.6424
Updating target network...
Step: 180700, Returns: -18.250, Epsilon: 0.6422
Step: 180800, Returns: -18.240, Epsilon: 0.6420
Step: 180900, Returns: -18.220, Epsilon: 0.6418
Step: 181000, Returns: -18.220, Epsilon: 0.6416
Step: 181100, Returns: -18.210, Epsilon: 0.6414
Step: 181200, Returns: -18.200, Epsilon: 0.6412
Step: 181300, Returns: -18.240, Epsilon: 0.6410
Step: 181400, Returns: -18.240, Epsilon: 0.6408
Step: 181500, Returns: -18.240, Epsilon: 0.6406
Step: 181600, Returns: -18.240, Epsilon: 0.6404
Step: 181700, Returns: -18.240, Epsilon: 0.6402
Step: 181800, Returns: -18.240, Epsilon: 0.6400
Step: 181900, Returns: -18.210, Epsilon: 0.6398
Step: 182000, Returns: -18.150, Epsilon: 0.6396
Step: 182100, Returns: -18.170, Epsilon: 0.6394
Step: 182200, Returns: -18.130, Epsilon: 0.6392
Step: 182300, Returns: -18.130, Epsilon: 0.6390
Step: 182400, Returns: -18.130, Epsilon: 0.6388
Step: 182500, Returns: -18.130, Epsilon: 0.6387
Step: 182600, Returns: -18.130, Epsilon: 0.6385
Step: 182700, Returns: -18.130, Epsilon: 0.6383
Step: 182800, Returns: -18.110, Epsilon: 0.6381
Step: 182900, Returns: -18.110, Epsilon: 0.6379
Step: 183000, Returns: -18.130, Epsilon: 0.6377
Step: 183100, Returns: -18.130, Epsilon: 0.6375
Updating target network...
Step: 183200, Returns: -18.130, Epsilon: 0.6373
Step: 183300, Returns: -18.150, Epsilon: 0.6371
Step: 183400, Returns: -18.190, Epsilon: 0.6369
Step: 183500, Returns: -18.210, Epsilon: 0.6367
Step: 183600, Returns: -18.210, Epsilon: 0.6365
Step: 183700, Returns: -18.240, Epsilon: 0.6363
Step: 183800, Returns: -18.240, Epsilon: 0.6361
Step: 183900, Returns: -18.240, Epsilon: 0.6359
Step: 184000, Returns: -18.220, Epsilon: 0.6357
Step: 184100, Returns: -18.210, Epsilon: 0.6355
Step: 184200, Returns: -18.180, Epsilon: 0.6353
Step: 184300, Returns: -18.180, Epsilon: 0.6351
Step: 184400, Returns: -18.170, Epsilon: 0.6349
Step: 184500, Returns: -18.140, Epsilon: 0.6347
Step: 184600, Returns: -18.120, Epsilon: 0.6345
Step: 184700, Returns: -18.150, Epsilon: 0.6343
Step: 184800, Returns: -18.170, Epsilon: 0.6341
Step: 184900, Returns: -18.170, Epsilon: 0.6339
Step: 185000, Returns: -18.170, Epsilon: 0.6337
Step: 185100, Returns: -18.170, Epsilon: 0.6335
Step: 185200, Returns: -18.120, Epsilon: 0.6333
Step: 185300, Returns: -18.120, Epsilon: 0.6331
Step: 185400, Returns: -18.120, Epsilon: 0.6329
Step: 185500, Returns: -18.120, Epsilon: 0.6327
Step: 185600, Returns: -18.140, Epsilon: 0.6325
Updating target network...
Step: 185700, Returns: -18.140, Epsilon: 0.6323
Step: 185800, Returns: -18.190, Epsilon: 0.6321
Step: 185900, Returns: -18.210, Epsilon: 0.6319
Step: 186000, Returns: -18.210, Epsilon: 0.6317
Step: 186100, Returns: -18.210, Epsilon: 0.6315
Step: 186200, Returns: -18.200, Epsilon: 0.6313
Step: 186300, Returns: -18.120, Epsilon: 0.6311
Step: 186400, Returns: -18.120, Epsilon: 0.6309
Step: 186500, Returns: -18.130, Epsilon: 0.6307
Step: 186600, Returns: -18.130, Epsilon: 0.6305
Step: 186700, Returns: -18.130, Epsilon: 0.6303
Step: 186800, Returns: -18.130, Epsilon: 0.6301
Step: 186900, Returns: -18.150, Epsilon: 0.6299
Step: 187000, Returns: -18.170, Epsilon: 0.6297
Step: 187100, Returns: -18.170, Epsilon: 0.6295
Step: 187200, Returns: -18.170, Epsilon: 0.6293
Step: 187300, Returns: -18.170, Epsilon: 0.6291
Step: 187400, Returns: -18.180, Epsilon: 0.6289
Step: 187500, Returns: -18.220, Epsilon: 0.6288
Step: 187600, Returns: -18.220, Epsilon: 0.6286
Step: 187700, Returns: -18.210, Epsilon: 0.6284
Step: 187800, Returns: -18.210, Epsilon: 0.6282
Step: 187900, Returns: -18.150, Epsilon: 0.6280
Step: 188000, Returns: -18.120, Epsilon: 0.6278
Step: 188100, Returns: -18.090, Epsilon: 0.6276
Updating target network...
Step: 188200, Returns: -18.090, Epsilon: 0.6274
Step: 188300, Returns: -18.080, Epsilon: 0.6272
Step: 188400, Returns: -18.170, Epsilon: 0.6270
Step: 188500, Returns: -18.180, Epsilon: 0.6268
Step: 188600, Returns: -18.180, Epsilon: 0.6266
Step: 188700, Returns: -18.220, Epsilon: 0.6264
Step: 188800, Returns: -18.220, Epsilon: 0.6262
Step: 188900, Returns: -18.220, Epsilon: 0.6260
Step: 189000, Returns: -18.220, Epsilon: 0.6258
Step: 189100, Returns: -18.260, Epsilon: 0.6256
Step: 189200, Returns: -18.250, Epsilon: 0.6254
Step: 189300, Returns: -18.250, Epsilon: 0.6252
Step: 189400, Returns: -18.290, Epsilon: 0.6250
Step: 189500, Returns: -18.310, Epsilon: 0.6248
Step: 189600, Returns: -18.260, Epsilon: 0.6246
Step: 189700, Returns: -18.250, Epsilon: 0.6244
Step: 189800, Returns: -18.290, Epsilon: 0.6242
Step: 189900, Returns: -18.290, Epsilon: 0.6240
Step: 190000, Returns: -18.240, Epsilon: 0.6238
Step: 190100, Returns: -18.240, Epsilon: 0.6236
Step: 190200, Returns: -18.230, Epsilon: 0.6234
Step: 190300, Returns: -18.200, Epsilon: 0.6232
Step: 190400, Returns: -18.200, Epsilon: 0.6230
Step: 190500, Returns: -18.190, Epsilon: 0.6228
Step: 190600, Returns: -18.190, Epsilon: 0.6226
Updating target network...
Step: 190700, Returns: -18.190, Epsilon: 0.6224
Step: 190800, Returns: -18.200, Epsilon: 0.6222
Step: 190900, Returns: -18.200, Epsilon: 0.6220
Step: 191000, Returns: -18.200, Epsilon: 0.6218
Step: 191100, Returns: -18.200, Epsilon: 0.6216
Step: 191200, Returns: -18.160, Epsilon: 0.6214
Step: 191300, Returns: -18.110, Epsilon: 0.6212
Step: 191400, Returns: -18.150, Epsilon: 0.6210
Step: 191500, Returns: -18.120, Epsilon: 0.6208
Step: 191600, Returns: -18.140, Epsilon: 0.6206
Step: 191700, Returns: -18.140, Epsilon: 0.6204
Step: 191800, Returns: -18.150, Epsilon: 0.6202
Step: 191900, Returns: -18.130, Epsilon: 0.6200
Step: 192000, Returns: -18.100, Epsilon: 0.6198
Step: 192100, Returns: -18.100, Epsilon: 0.6196
Step: 192200, Returns: -18.130, Epsilon: 0.6194
Step: 192300, Returns: -18.130, Epsilon: 0.6192
Step: 192400, Returns: -18.130, Epsilon: 0.6190
Step: 192500, Returns: -18.130, Epsilon: 0.6189
Step: 192600, Returns: -18.130, Epsilon: 0.6187
Step: 192700, Returns: -18.120, Epsilon: 0.6185
Step: 192800, Returns: -18.110, Epsilon: 0.6183
Step: 192900, Returns: -18.080, Epsilon: 0.6181
Step: 193000, Returns: -18.130, Epsilon: 0.6179
Step: 193100, Returns: -18.120, Epsilon: 0.6177
Updating target network...
Step: 193200, Returns: -18.120, Epsilon: 0.6175
Step: 193300, Returns: -18.120, Epsilon: 0.6173
Step: 193400, Returns: -18.120, Epsilon: 0.6171
Step: 193500, Returns: -18.100, Epsilon: 0.6169
Step: 193600, Returns: -18.100, Epsilon: 0.6167
Step: 193700, Returns: -18.060, Epsilon: 0.6165
Step: 193800, Returns: -18.020, Epsilon: 0.6163
Step: 193900, Returns: -18.010, Epsilon: 0.6161
Step: 194000, Returns: -18.010, Epsilon: 0.6159
Step: 194100, Returns: -18.010, Epsilon: 0.6157
Step: 194200, Returns: -18.010, Epsilon: 0.6155
Step: 194300, Returns: -18.080, Epsilon: 0.6153
Step: 194400, Returns: -18.070, Epsilon: 0.6151
Step: 194500, Returns: -18.080, Epsilon: 0.6149
Step: 194600, Returns: -18.080, Epsilon: 0.6147
Step: 194700, Returns: -18.080, Epsilon: 0.6145
Step: 194800, Returns: -18.020, Epsilon: 0.6143
Step: 194900, Returns: -18.040, Epsilon: 0.6141
Step: 195000, Returns: -18.040, Epsilon: 0.6139
Step: 195100, Returns: -18.060, Epsilon: 0.6137
Step: 195200, Returns: -18.090, Epsilon: 0.6135
Step: 195300, Returns: -18.090, Epsilon: 0.6133
Step: 195400, Returns: -18.090, Epsilon: 0.6131
Step: 195500, Returns: -18.100, Epsilon: 0.6129
Step: 195600, Returns: -18.100, Epsilon: 0.6127
Updating target network...
Step: 195700, Returns: -18.030, Epsilon: 0.6125
Step: 195800, Returns: -18.000, Epsilon: 0.6123
Step: 195900, Returns: -17.970, Epsilon: 0.6121
Step: 196000, Returns: -17.960, Epsilon: 0.6119
Step: 196100, Returns: -17.950, Epsilon: 0.6117
Step: 196200, Returns: -17.960, Epsilon: 0.6115
Step: 196300, Returns: -17.890, Epsilon: 0.6113
Step: 196400, Returns: -17.890, Epsilon: 0.6111
Step: 196500, Returns: -17.800, Epsilon: 0.6109
Step: 196600, Returns: -17.780, Epsilon: 0.6107
Step: 196700, Returns: -17.780, Epsilon: 0.6105
Step: 196800, Returns: -17.740, Epsilon: 0.6103
Step: 196900, Returns: -17.740, Epsilon: 0.6101
Step: 197000, Returns: -17.740, Epsilon: 0.6099
Step: 197100, Returns: -17.740, Epsilon: 0.6097
Step: 197200, Returns: -17.790, Epsilon: 0.6095
Step: 197300, Returns: -17.790, Epsilon: 0.6093
Step: 197400, Returns: -17.800, Epsilon: 0.6091
Step: 197500, Returns: -17.730, Epsilon: 0.6090
Step: 197600, Returns: -17.690, Epsilon: 0.6088
Step: 197700, Returns: -17.690, Epsilon: 0.6086
Step: 197800, Returns: -17.690, Epsilon: 0.6084
Step: 197900, Returns: -17.650, Epsilon: 0.6082
Step: 198000, Returns: -17.600, Epsilon: 0.6080
Step: 198100, Returns: -17.560, Epsilon: 0.6078
Updating target network...
Step: 198200, Returns: -17.560, Epsilon: 0.6076
Step: 198300, Returns: -17.560, Epsilon: 0.6074
Step: 198400, Returns: -17.560, Epsilon: 0.6072
Step: 198500, Returns: -17.570, Epsilon: 0.6070
Step: 198600, Returns: -17.560, Epsilon: 0.6068
Step: 198700, Returns: -17.560, Epsilon: 0.6066
Step: 198800, Returns: -17.560, Epsilon: 0.6064
Step: 198900, Returns: -17.560, Epsilon: 0.6062
Step: 199000, Returns: -17.640, Epsilon: 0.6060
Step: 199100, Returns: -17.640, Epsilon: 0.6058
Step: 199200, Returns: -17.630, Epsilon: 0.6056
Step: 199300, Returns: -17.590, Epsilon: 0.6054
Step: 199400, Returns: -17.560, Epsilon: 0.6052
Step: 199500, Returns: -17.590, Epsilon: 0.6050
Step: 199600, Returns: -17.580, Epsilon: 0.6048
Step: 199700, Returns: -17.580, Epsilon: 0.6046
Step: 199800, Returns: -17.580, Epsilon: 0.6044
Step: 199900, Returns: -17.570, Epsilon: 0.6042
Step: 200000, Returns: -17.560, Epsilon: 0.6040
Step: 200100, Returns: -17.560, Epsilon: 0.6038
Step: 200200, Returns: -17.560, Epsilon: 0.6036
Step: 200300, Returns: -17.560, Epsilon: 0.6034
Step: 200400, Returns: -17.560, Epsilon: 0.6032
Step: 200500, Returns: -17.600, Epsilon: 0.6030
Step: 200600, Returns: -17.550, Epsilon: 0.6028
Updating target network...
Step: 200700, Returns: -17.600, Epsilon: 0.6026
Step: 200800, Returns: -17.570, Epsilon: 0.6024
Step: 200900, Returns: -17.570, Epsilon: 0.6022
Step: 201000, Returns: -17.570, Epsilon: 0.6020
Step: 201100, Returns: -17.570, Epsilon: 0.6018
Step: 201200, Returns: -17.570, Epsilon: 0.6016
Step: 201300, Returns: -17.540, Epsilon: 0.6014
Step: 201400, Returns: -17.560, Epsilon: 0.6012
Step: 201500, Returns: -17.510, Epsilon: 0.6010
Step: 201600, Returns: -17.510, Epsilon: 0.6008
Step: 201700, Returns: -17.530, Epsilon: 0.6006
Step: 201800, Returns: -17.530, Epsilon: 0.6004
Step: 201900, Returns: -17.480, Epsilon: 0.6002
Step: 202000, Returns: -17.460, Epsilon: 0.6000
Step: 202100, Returns: -17.490, Epsilon: 0.5998
Step: 202200, Returns: -17.500, Epsilon: 0.5996
Step: 202300, Returns: -17.500, Epsilon: 0.5994
Step: 202400, Returns: -17.460, Epsilon: 0.5992
Step: 202500, Returns: -17.460, Epsilon: 0.5991
Step: 202600, Returns: -17.460, Epsilon: 0.5989
Step: 202700, Returns: -17.460, Epsilon: 0.5987
Step: 202800, Returns: -17.460, Epsilon: 0.5985
Step: 202900, Returns: -17.480, Epsilon: 0.5983
Step: 203000, Returns: -17.530, Epsilon: 0.5981
Step: 203100, Returns: -17.480, Epsilon: 0.5979
Updating target network...
Step: 203200, Returns: -17.470, Epsilon: 0.5977
Step: 203300, Returns: -17.470, Epsilon: 0.5975
Step: 203400, Returns: -17.470, Epsilon: 0.5973
Step: 203500, Returns: -17.450, Epsilon: 0.5971
Step: 203600, Returns: -17.430, Epsilon: 0.5969
Step: 203700, Returns: -17.400, Epsilon: 0.5967
Step: 203800, Returns: -17.400, Epsilon: 0.5965
Step: 203900, Returns: -17.400, Epsilon: 0.5963
Step: 204000, Returns: -17.400, Epsilon: 0.5961
Step: 204100, Returns: -17.370, Epsilon: 0.5959
Step: 204200, Returns: -17.340, Epsilon: 0.5957
Step: 204300, Returns: -17.380, Epsilon: 0.5955
Step: 204400, Returns: -17.370, Epsilon: 0.5953
Step: 204500, Returns: -17.370, Epsilon: 0.5951
Step: 204600, Returns: -17.360, Epsilon: 0.5949
Step: 204700, Returns: -17.360, Epsilon: 0.5947
Step: 204800, Returns: -17.380, Epsilon: 0.5945
Step: 204900, Returns: -17.390, Epsilon: 0.5943
Step: 205000, Returns: -17.430, Epsilon: 0.5941
Step: 205100, Returns: -17.450, Epsilon: 0.5939
Step: 205200, Returns: -17.410, Epsilon: 0.5937
Step: 205300, Returns: -17.410, Epsilon: 0.5935
Step: 205400, Returns: -17.420, Epsilon: 0.5933
Step: 205500, Returns: -17.420, Epsilon: 0.5931
Step: 205600, Returns: -17.420, Epsilon: 0.5929
Updating target network...
Step: 205700, Returns: -17.420, Epsilon: 0.5927
Step: 205800, Returns: -17.410, Epsilon: 0.5925
Step: 205900, Returns: -17.410, Epsilon: 0.5923
Step: 206000, Returns: -17.520, Epsilon: 0.5921
Step: 206100, Returns: -17.520, Epsilon: 0.5919
Step: 206200, Returns: -17.520, Epsilon: 0.5917
Step: 206300, Returns: -17.540, Epsilon: 0.5915
Step: 206400, Returns: -17.540, Epsilon: 0.5913
Step: 206500, Returns: -17.510, Epsilon: 0.5911
Step: 206600, Returns: -17.490, Epsilon: 0.5909
Step: 206700, Returns: -17.510, Epsilon: 0.5907
Step: 206800, Returns: -17.550, Epsilon: 0.5905
Step: 206900, Returns: -17.570, Epsilon: 0.5903
Step: 207000, Returns: -17.570, Epsilon: 0.5901
Step: 207100, Returns: -17.570, Epsilon: 0.5899
Step: 207200, Returns: -17.570, Epsilon: 0.5897
Step: 207300, Returns: -17.570, Epsilon: 0.5895
Step: 207400, Returns: -17.530, Epsilon: 0.5893
Step: 207500, Returns: -17.580, Epsilon: 0.5892
Step: 207600, Returns: -17.610, Epsilon: 0.5890
Step: 207700, Returns: -17.650, Epsilon: 0.5888
Step: 207800, Returns: -17.650, Epsilon: 0.5886
Step: 207900, Returns: -17.650, Epsilon: 0.5884
Step: 208000, Returns: -17.650, Epsilon: 0.5882
Step: 208100, Returns: -17.610, Epsilon: 0.5880
Updating target network...
Step: 208200, Returns: -17.600, Epsilon: 0.5878
Step: 208300, Returns: -17.590, Epsilon: 0.5876
Step: 208400, Returns: -17.580, Epsilon: 0.5874
Step: 208500, Returns: -17.580, Epsilon: 0.5872
Step: 208600, Returns: -17.600, Epsilon: 0.5870
Step: 208700, Returns: -17.590, Epsilon: 0.5868
Step: 208800, Returns: -17.610, Epsilon: 0.5866
Step: 208900, Returns: -17.650, Epsilon: 0.5864
Step: 209000, Returns: -17.670, Epsilon: 0.5862
Step: 209100, Returns: -17.650, Epsilon: 0.5860
Step: 209200, Returns: -17.650, Epsilon: 0.5858
Step: 209300, Returns: -17.640, Epsilon: 0.5856
Step: 209400, Returns: -17.640, Epsilon: 0.5854
Step: 209500, Returns: -17.660, Epsilon: 0.5852
Step: 209600, Returns: -17.660, Epsilon: 0.5850
Step: 209700, Returns: -17.620, Epsilon: 0.5848
Step: 209800, Returns: -17.590, Epsilon: 0.5846
Step: 209900, Returns: -17.620, Epsilon: 0.5844
Step: 210000, Returns: -17.610, Epsilon: 0.5842
Step: 210100, Returns: -17.610, Epsilon: 0.5840
Step: 210200, Returns: -17.610, Epsilon: 0.5838
Step: 210300, Returns: -17.610, Epsilon: 0.5836
Step: 210400, Returns: -17.610, Epsilon: 0.5834
Step: 210500, Returns: -17.590, Epsilon: 0.5832
Step: 210600, Returns: -17.530, Epsilon: 0.5830
Updating target network...
Step: 210700, Returns: -17.510, Epsilon: 0.5828
Step: 210800, Returns: -17.510, Epsilon: 0.5826
Step: 210900, Returns: -17.490, Epsilon: 0.5824
Step: 211000, Returns: -17.540, Epsilon: 0.5822
Step: 211100, Returns: -17.540, Epsilon: 0.5820
Step: 211200, Returns: -17.520, Epsilon: 0.5818
Step: 211300, Returns: -17.520, Epsilon: 0.5816
Step: 211400, Returns: -17.500, Epsilon: 0.5814
Step: 211500, Returns: -17.510, Epsilon: 0.5812
Step: 211600, Returns: -17.510, Epsilon: 0.5810
Step: 211700, Returns: -17.510, Epsilon: 0.5808
Step: 211800, Returns: -17.510, Epsilon: 0.5806
Step: 211900, Returns: -17.460, Epsilon: 0.5804
Step: 212000, Returns: -17.460, Epsilon: 0.5802
Step: 212100, Returns: -17.480, Epsilon: 0.5800
Step: 212200, Returns: -17.480, Epsilon: 0.5798
Step: 212300, Returns: -17.460, Epsilon: 0.5796
Step: 212400, Returns: -17.460, Epsilon: 0.5794
Step: 212500, Returns: -17.420, Epsilon: 0.5793
Step: 212600, Returns: -17.420, Epsilon: 0.5791
Step: 212700, Returns: -17.400, Epsilon: 0.5789
Step: 212800, Returns: -17.400, Epsilon: 0.5787
Step: 212900, Returns: -17.460, Epsilon: 0.5785
Step: 213000, Returns: -17.470, Epsilon: 0.5783
Step: 213100, Returns: -17.450, Epsilon: 0.5781
Updating target network...
Step: 213200, Returns: -17.450, Epsilon: 0.5779
Step: 213300, Returns: -17.450, Epsilon: 0.5777
Step: 213400, Returns: -17.410, Epsilon: 0.5775
Step: 213500, Returns: -17.330, Epsilon: 0.5773
Step: 213600, Returns: -17.330, Epsilon: 0.5771
Step: 213700, Returns: -17.330, Epsilon: 0.5769
Step: 213800, Returns: -17.350, Epsilon: 0.5767
Step: 213900, Returns: -17.350, Epsilon: 0.5765
Step: 214000, Returns: -17.350, Epsilon: 0.5763
Step: 214100, Returns: -17.380, Epsilon: 0.5761
Step: 214200, Returns: -17.370, Epsilon: 0.5759
Step: 214300, Returns: -17.370, Epsilon: 0.5757
Step: 214400, Returns: -17.280, Epsilon: 0.5755
Step: 214500, Returns: -17.280, Epsilon: 0.5753
Step: 214600, Returns: -17.240, Epsilon: 0.5751
Step: 214700, Returns: -17.200, Epsilon: 0.5749
Step: 214800, Returns: -17.240, Epsilon: 0.5747
Step: 214900, Returns: -17.230, Epsilon: 0.5745
Step: 215000, Returns: -17.210, Epsilon: 0.5743
Step: 215100, Returns: -17.210, Epsilon: 0.5741
Step: 215200, Returns: -17.210, Epsilon: 0.5739
Step: 215300, Returns: -17.190, Epsilon: 0.5737
Step: 215400, Returns: -17.190, Epsilon: 0.5735
Step: 215500, Returns: -17.180, Epsilon: 0.5733
Step: 215600, Returns: -17.180, Epsilon: 0.5731
Updating target network...
Step: 215700, Returns: -17.150, Epsilon: 0.5729
Step: 215800, Returns: -17.150, Epsilon: 0.5727
Step: 215900, Returns: -17.160, Epsilon: 0.5725
Step: 216000, Returns: -17.180, Epsilon: 0.5723
Step: 216100, Returns: -17.170, Epsilon: 0.5721
Step: 216200, Returns: -17.200, Epsilon: 0.5719
Step: 216300, Returns: -17.230, Epsilon: 0.5717
Step: 216400, Returns: -17.180, Epsilon: 0.5715
Step: 216500, Returns: -17.160, Epsilon: 0.5713
Step: 216600, Returns: -17.160, Epsilon: 0.5711
Step: 216700, Returns: -17.160, Epsilon: 0.5709
Step: 216800, Returns: -17.160, Epsilon: 0.5707
Step: 216900, Returns: -17.160, Epsilon: 0.5705
Step: 217000, Returns: -17.160, Epsilon: 0.5703
Step: 217100, Returns: -17.170, Epsilon: 0.5701
Step: 217200, Returns: -17.200, Epsilon: 0.5699
Step: 217300, Returns: -17.200, Epsilon: 0.5697
Step: 217400, Returns: -17.200, Epsilon: 0.5695
Step: 217500, Returns: -17.180, Epsilon: 0.5694
Step: 217600, Returns: -17.170, Epsilon: 0.5692
Step: 217700, Returns: -17.160, Epsilon: 0.5690
Step: 217800, Returns: -17.140, Epsilon: 0.5688
Step: 217900, Returns: -17.140, Epsilon: 0.5686
Step: 218000, Returns: -17.090, Epsilon: 0.5684
Step: 218100, Returns: -17.090, Epsilon: 0.5682
Updating target network...
Step: 218200, Returns: -17.070, Epsilon: 0.5680
Step: 218300, Returns: -17.040, Epsilon: 0.5678
Step: 218400, Returns: -17.040, Epsilon: 0.5676
Step: 218500, Returns: -17.040, Epsilon: 0.5674
Step: 218600, Returns: -17.040, Epsilon: 0.5672
Step: 218700, Returns: -17.020, Epsilon: 0.5670
Step: 218800, Returns: -16.970, Epsilon: 0.5668
Step: 218900, Returns: -16.970, Epsilon: 0.5666
Step: 219000, Returns: -17.000, Epsilon: 0.5664
Step: 219100, Returns: -17.000, Epsilon: 0.5662
Step: 219200, Returns: -17.050, Epsilon: 0.5660
Step: 219300, Returns: -17.020, Epsilon: 0.5658
Step: 219400, Returns: -17.020, Epsilon: 0.5656
Step: 219500, Returns: -17.000, Epsilon: 0.5654
Step: 219600, Returns: -17.000, Epsilon: 0.5652
Step: 219700, Returns: -17.000, Epsilon: 0.5650
Step: 219800, Returns: -17.080, Epsilon: 0.5648
Step: 219900, Returns: -17.010, Epsilon: 0.5646
Step: 220000, Returns: -17.030, Epsilon: 0.5644
Step: 220100, Returns: -17.090, Epsilon: 0.5642
Step: 220200, Returns: -17.120, Epsilon: 0.5640
Step: 220300, Returns: -17.130, Epsilon: 0.5638
Step: 220400, Returns: -17.130, Epsilon: 0.5636
Step: 220500, Returns: -17.130, Epsilon: 0.5634
Step: 220600, Returns: -17.130, Epsilon: 0.5632
Updating target network...
Step: 220700, Returns: -17.190, Epsilon: 0.5630
Step: 220800, Returns: -17.190, Epsilon: 0.5628
Step: 220900, Returns: -17.180, Epsilon: 0.5626
Step: 221000, Returns: -17.180, Epsilon: 0.5624
Step: 221100, Returns: -17.180, Epsilon: 0.5622
Step: 221200, Returns: -17.180, Epsilon: 0.5620
Step: 221300, Returns: -17.180, Epsilon: 0.5618
Step: 221400, Returns: -17.130, Epsilon: 0.5616
Step: 221500, Returns: -17.080, Epsilon: 0.5614
Step: 221600, Returns: -17.060, Epsilon: 0.5612
Step: 221700, Returns: -17.060, Epsilon: 0.5610
Step: 221800, Returns: -17.060, Epsilon: 0.5608
Step: 221900, Returns: -17.060, Epsilon: 0.5606
Step: 222000, Returns: -17.060, Epsilon: 0.5604
Step: 222100, Returns: -17.060, Epsilon: 0.5602
Step: 222200, Returns: -17.050, Epsilon: 0.5600
Step: 222300, Returns: -17.050, Epsilon: 0.5598
Step: 222400, Returns: -17.040, Epsilon: 0.5596
Step: 222500, Returns: -17.040, Epsilon: 0.5595
Step: 222600, Returns: -17.040, Epsilon: 0.5593
Step: 222700, Returns: -17.080, Epsilon: 0.5591
Step: 222800, Returns: -17.080, Epsilon: 0.5589
Step: 222900, Returns: -17.100, Epsilon: 0.5587
Step: 223000, Returns: -17.080, Epsilon: 0.5585
Step: 223100, Returns: -17.100, Epsilon: 0.5583
Updating target network...
Step: 223200, Returns: -17.090, Epsilon: 0.5581
Step: 223300, Returns: -17.120, Epsilon: 0.5579
Step: 223400, Returns: -17.150, Epsilon: 0.5577
Step: 223500, Returns: -17.150, Epsilon: 0.5575
Step: 223600, Returns: -17.190, Epsilon: 0.5573
Step: 223700, Returns: -17.190, Epsilon: 0.5571
Step: 223800, Returns: -17.210, Epsilon: 0.5569
Step: 223900, Returns: -17.210, Epsilon: 0.5567
Step: 224000, Returns: -17.230, Epsilon: 0.5565
Step: 224100, Returns: -17.230, Epsilon: 0.5563
Step: 224200, Returns: -17.230, Epsilon: 0.5561
Step: 224300, Returns: -17.250, Epsilon: 0.5559
Step: 224400, Returns: -17.250, Epsilon: 0.5557
Step: 224500, Returns: -17.250, Epsilon: 0.5555
Step: 224600, Returns: -17.240, Epsilon: 0.5553
Step: 224700, Returns: -17.210, Epsilon: 0.5551
Step: 224800, Returns: -17.350, Epsilon: 0.5549
Step: 224900, Returns: -17.350, Epsilon: 0.5547
Step: 225000, Returns: -17.340, Epsilon: 0.5545
Step: 225100, Returns: -17.330, Epsilon: 0.5543
Step: 225200, Returns: -17.310, Epsilon: 0.5541
Step: 225300, Returns: -17.310, Epsilon: 0.5539
Step: 225400, Returns: -17.310, Epsilon: 0.5537
Step: 225500, Returns: -17.270, Epsilon: 0.5535
Step: 225600, Returns: -17.270, Epsilon: 0.5533
Updating target network...
Step: 225700, Returns: -17.270, Epsilon: 0.5531
Step: 225800, Returns: -17.270, Epsilon: 0.5529
Step: 225900, Returns: -17.270, Epsilon: 0.5527
Step: 226000, Returns: -17.220, Epsilon: 0.5525
Step: 226100, Returns: -17.210, Epsilon: 0.5523
Step: 226200, Returns: -17.220, Epsilon: 0.5521
Step: 226300, Returns: -17.200, Epsilon: 0.5519
Step: 226400, Returns: -17.140, Epsilon: 0.5517
Step: 226500, Returns: -17.090, Epsilon: 0.5515
Step: 226600, Returns: -17.090, Epsilon: 0.5513
Step: 226700, Returns: -17.090, Epsilon: 0.5511
Step: 226800, Returns: -17.060, Epsilon: 0.5509
Step: 226900, Returns: -17.060, Epsilon: 0.5507
Step: 227000, Returns: -17.060, Epsilon: 0.5505
Step: 227100, Returns: -17.070, Epsilon: 0.5503
Step: 227200, Returns: -17.070, Epsilon: 0.5501
Step: 227300, Returns: -17.070, Epsilon: 0.5499
Step: 227400, Returns: -17.070, Epsilon: 0.5497
Step: 227500, Returns: -17.070, Epsilon: 0.5496
Step: 227600, Returns: -17.070, Epsilon: 0.5494
Step: 227700, Returns: -17.050, Epsilon: 0.5492
Step: 227800, Returns: -17.050, Epsilon: 0.5490
Step: 227900, Returns: -17.050, Epsilon: 0.5488
Step: 228000, Returns: -17.050, Epsilon: 0.5486
Step: 228100, Returns: -17.050, Epsilon: 0.5484
Updating target network...
Step: 228200, Returns: -17.110, Epsilon: 0.5482
Step: 228300, Returns: -17.120, Epsilon: 0.5480
Step: 228400, Returns: -17.030, Epsilon: 0.5478
Step: 228500, Returns: -16.970, Epsilon: 0.5476
Step: 228600, Returns: -16.940, Epsilon: 0.5474
Step: 228700, Returns: -16.940, Epsilon: 0.5472
Step: 228800, Returns: -16.940, Epsilon: 0.5470
Step: 228900, Returns: -16.940, Epsilon: 0.5468
Step: 229000, Returns: -16.940, Epsilon: 0.5466
Step: 229100, Returns: -16.930, Epsilon: 0.5464
Step: 229200, Returns: -16.930, Epsilon: 0.5462
Step: 229300, Returns: -16.870, Epsilon: 0.5460
Step: 229400, Returns: -16.900, Epsilon: 0.5458
Step: 229500, Returns: -16.860, Epsilon: 0.5456
Step: 229600, Returns: -16.900, Epsilon: 0.5454
Step: 229700, Returns: -16.910, Epsilon: 0.5452
Step: 229800, Returns: -16.910, Epsilon: 0.5450
Step: 229900, Returns: -16.900, Epsilon: 0.5448
Step: 230000, Returns: -16.900, Epsilon: 0.5446
Step: 230100, Returns: -16.900, Epsilon: 0.5444
Step: 230200, Returns: -16.880, Epsilon: 0.5442
Step: 230300, Returns: -16.880, Epsilon: 0.5440
Step: 230400, Returns: -16.880, Epsilon: 0.5438
Step: 230500, Returns: -16.910, Epsilon: 0.5436
Step: 230600, Returns: -16.910, Epsilon: 0.5434
Updating target network...
Step: 230700, Returns: -16.850, Epsilon: 0.5432
Step: 230800, Returns: -16.850, Epsilon: 0.5430
Step: 230900, Returns: -16.840, Epsilon: 0.5428
Step: 231000, Returns: -16.840, Epsilon: 0.5426
Step: 231100, Returns: -16.890, Epsilon: 0.5424
Step: 231200, Returns: -16.890, Epsilon: 0.5422
Step: 231300, Returns: -16.910, Epsilon: 0.5420
Step: 231400, Returns: -16.970, Epsilon: 0.5418
Step: 231500, Returns: -16.990, Epsilon: 0.5416
Step: 231600, Returns: -16.990, Epsilon: 0.5414
Step: 231700, Returns: -16.990, Epsilon: 0.5412
Step: 231800, Returns: -17.020, Epsilon: 0.5410
Step: 231900, Returns: -17.020, Epsilon: 0.5408
Step: 232000, Returns: -17.020, Epsilon: 0.5406
Step: 232100, Returns: -17.020, Epsilon: 0.5404
Step: 232200, Returns: -16.940, Epsilon: 0.5402
Step: 232300, Returns: -16.980, Epsilon: 0.5400
Step: 232400, Returns: -16.990, Epsilon: 0.5398
Step: 232500, Returns: -16.940, Epsilon: 0.5397
Step: 232600, Returns: -16.960, Epsilon: 0.5395
Step: 232700, Returns: -16.900, Epsilon: 0.5393
Step: 232800, Returns: -16.890, Epsilon: 0.5391
Step: 232900, Returns: -16.870, Epsilon: 0.5389
Step: 233000, Returns: -16.870, Epsilon: 0.5387
Step: 233100, Returns: -16.850, Epsilon: 0.5385
Updating target network...
Step: 233200, Returns: -16.850, Epsilon: 0.5383
Step: 233300, Returns: -16.850, Epsilon: 0.5381
Step: 233400, Returns: -16.850, Epsilon: 0.5379
Step: 233500, Returns: -16.860, Epsilon: 0.5377
Step: 233600, Returns: -16.860, Epsilon: 0.5375
Step: 233700, Returns: -16.860, Epsilon: 0.5373
Step: 233800, Returns: -16.860, Epsilon: 0.5371
Step: 233900, Returns: -16.820, Epsilon: 0.5369
Step: 234000, Returns: -16.780, Epsilon: 0.5367
Step: 234100, Returns: -16.750, Epsilon: 0.5365
Step: 234200, Returns: -16.730, Epsilon: 0.5363
Step: 234300, Returns: -16.740, Epsilon: 0.5361
Step: 234400, Returns: -16.740, Epsilon: 0.5359
Step: 234500, Returns: -16.700, Epsilon: 0.5357
Step: 234600, Returns: -16.640, Epsilon: 0.5355
Step: 234700, Returns: -16.640, Epsilon: 0.5353
Step: 234800, Returns: -16.640, Epsilon: 0.5351
Step: 234900, Returns: -16.580, Epsilon: 0.5349
Step: 235000, Returns: -16.540, Epsilon: 0.5347
Step: 235100, Returns: -16.540, Epsilon: 0.5345
Step: 235200, Returns: -16.540, Epsilon: 0.5343
Step: 235300, Returns: -16.540, Epsilon: 0.5341
Step: 235400, Returns: -16.540, Epsilon: 0.5339
Step: 235500, Returns: -16.480, Epsilon: 0.5337
Step: 235600, Returns: -16.480, Epsilon: 0.5335
Updating target network...
Step: 235700, Returns: -16.480, Epsilon: 0.5333
Step: 235800, Returns: -16.490, Epsilon: 0.5331
Step: 235900, Returns: -16.520, Epsilon: 0.5329
Step: 236000, Returns: -16.550, Epsilon: 0.5327
Step: 236100, Returns: -16.570, Epsilon: 0.5325
Step: 236200, Returns: -16.570, Epsilon: 0.5323
Step: 236300, Returns: -16.600, Epsilon: 0.5321
Step: 236400, Returns: -16.600, Epsilon: 0.5319
Step: 236500, Returns: -16.600, Epsilon: 0.5317
Step: 236600, Returns: -16.570, Epsilon: 0.5315
Step: 236700, Returns: -16.580, Epsilon: 0.5313
Step: 236800, Returns: -16.630, Epsilon: 0.5311
Step: 236900, Returns: -16.630, Epsilon: 0.5309
Step: 237000, Returns: -16.560, Epsilon: 0.5307
Step: 237100, Returns: -16.590, Epsilon: 0.5305
Step: 237200, Returns: -16.590, Epsilon: 0.5303
Step: 237300, Returns: -16.600, Epsilon: 0.5301
Step: 237400, Returns: -16.630, Epsilon: 0.5299
Step: 237500, Returns: -16.610, Epsilon: 0.5298
Step: 237600, Returns: -16.610, Epsilon: 0.5296
Step: 237700, Returns: -16.580, Epsilon: 0.5294
Step: 237800, Returns: -16.580, Epsilon: 0.5292
Step: 237900, Returns: -16.600, Epsilon: 0.5290
Step: 238000, Returns: -16.560, Epsilon: 0.5288
Step: 238100, Returns: -16.560, Epsilon: 0.5286
Updating target network...
Step: 238200, Returns: -16.600, Epsilon: 0.5284
Step: 238300, Returns: -16.600, Epsilon: 0.5282
Step: 238400, Returns: -16.610, Epsilon: 0.5280
Step: 238500, Returns: -16.640, Epsilon: 0.5278
Step: 238600, Returns: -16.640, Epsilon: 0.5276
Step: 238700, Returns: -16.630, Epsilon: 0.5274
Step: 238800, Returns: -16.710, Epsilon: 0.5272
Step: 238900, Returns: -16.710, Epsilon: 0.5270
Step: 239000, Returns: -16.690, Epsilon: 0.5268
Step: 239100, Returns: -16.690, Epsilon: 0.5266
Step: 239200, Returns: -16.690, Epsilon: 0.5264
Step: 239300, Returns: -16.680, Epsilon: 0.5262
Step: 239400, Returns: -16.680, Epsilon: 0.5260
Step: 239500, Returns: -16.680, Epsilon: 0.5258
Step: 239600, Returns: -16.680, Epsilon: 0.5256
Step: 239700, Returns: -16.710, Epsilon: 0.5254
Step: 239800, Returns: -16.650, Epsilon: 0.5252
Step: 239900, Returns: -16.670, Epsilon: 0.5250
Step: 240000, Returns: -16.670, Epsilon: 0.5248
Step: 240100, Returns: -16.670, Epsilon: 0.5246
Step: 240200, Returns: -16.670, Epsilon: 0.5244
Step: 240300, Returns: -16.660, Epsilon: 0.5242
Step: 240400, Returns: -16.670, Epsilon: 0.5240
Step: 240500, Returns: -16.720, Epsilon: 0.5238
Step: 240600, Returns: -16.670, Epsilon: 0.5236
Updating target network...
Step: 240700, Returns: -16.700, Epsilon: 0.5234
Step: 240800, Returns: -16.700, Epsilon: 0.5232
Step: 240900, Returns: -16.700, Epsilon: 0.5230
Step: 241000, Returns: -16.760, Epsilon: 0.5228
Step: 241100, Returns: -16.740, Epsilon: 0.5226
Step: 241200, Returns: -16.720, Epsilon: 0.5224
Step: 241300, Returns: -16.720, Epsilon: 0.5222
Step: 241400, Returns: -16.740, Epsilon: 0.5220
Step: 241500, Returns: -16.740, Epsilon: 0.5218
Step: 241600, Returns: -16.730, Epsilon: 0.5216
Step: 241700, Returns: -16.670, Epsilon: 0.5214
Step: 241800, Returns: -16.590, Epsilon: 0.5212
Step: 241900, Returns: -16.590, Epsilon: 0.5210
Step: 242000, Returns: -16.590, Epsilon: 0.5208
Step: 242100, Returns: -16.580, Epsilon: 0.5206
Step: 242200, Returns: -16.580, Epsilon: 0.5204
Step: 242300, Returns: -16.580, Epsilon: 0.5202
Step: 242400, Returns: -16.610, Epsilon: 0.5200
Step: 242500, Returns: -16.640, Epsilon: 0.5199
Step: 242600, Returns: -16.570, Epsilon: 0.5197
Step: 242700, Returns: -16.480, Epsilon: 0.5195
Step: 242800, Returns: -16.480, Epsilon: 0.5193
Step: 242900, Returns: -16.500, Epsilon: 0.5191
Step: 243000, Returns: -16.530, Epsilon: 0.5189
Step: 243100, Returns: -16.530, Epsilon: 0.5187
Updating target network...
Step: 243200, Returns: -16.540, Epsilon: 0.5185
Step: 243300, Returns: -16.540, Epsilon: 0.5183
Step: 243400, Returns: -16.540, Epsilon: 0.5181
Step: 243500, Returns: -16.550, Epsilon: 0.5179
Step: 243600, Returns: -16.530, Epsilon: 0.5177
Step: 243700, Returns: -16.530, Epsilon: 0.5175
Step: 243800, Returns: -16.530, Epsilon: 0.5173
Step: 243900, Returns: -16.530, Epsilon: 0.5171
Step: 244000, Returns: -16.490, Epsilon: 0.5169
Step: 244100, Returns: -16.490, Epsilon: 0.5167
Step: 244200, Returns: -16.510, Epsilon: 0.5165
Step: 244300, Returns: -16.570, Epsilon: 0.5163
Step: 244400, Returns: -16.630, Epsilon: 0.5161
Step: 244500, Returns: -16.530, Epsilon: 0.5159
Step: 244600, Returns: -16.470, Epsilon: 0.5157
Step: 244700, Returns: -16.520, Epsilon: 0.5155
Step: 244800, Returns: -16.530, Epsilon: 0.5153
Step: 244900, Returns: -16.560, Epsilon: 0.5151
Step: 245000, Returns: -16.560, Epsilon: 0.5149
Step: 245100, Returns: -16.580, Epsilon: 0.5147
Step: 245200, Returns: -16.580, Epsilon: 0.5145
Step: 245300, Returns: -16.550, Epsilon: 0.5143
Step: 245400, Returns: -16.620, Epsilon: 0.5141
Step: 245500, Returns: -16.620, Epsilon: 0.5139
Step: 245600, Returns: -16.620, Epsilon: 0.5137
Updating target network...
Step: 245700, Returns: -16.600, Epsilon: 0.5135
Step: 245800, Returns: -16.610, Epsilon: 0.5133
Step: 245900, Returns: -16.690, Epsilon: 0.5131
Step: 246000, Returns: -16.690, Epsilon: 0.5129
Step: 246100, Returns: -16.640, Epsilon: 0.5127
Step: 246200, Returns: -16.670, Epsilon: 0.5125
Step: 246300, Returns: -16.690, Epsilon: 0.5123
Step: 246400, Returns: -16.650, Epsilon: 0.5121
Step: 246500, Returns: -16.630, Epsilon: 0.5119
Step: 246600, Returns: -16.630, Epsilon: 0.5117
Step: 246700, Returns: -16.580, Epsilon: 0.5115
Step: 246800, Returns: -16.510, Epsilon: 0.5113
Step: 246900, Returns: -16.560, Epsilon: 0.5111
Step: 247000, Returns: -16.560, Epsilon: 0.5109
Step: 247100, Returns: -16.560, Epsilon: 0.5107
Step: 247200, Returns: -16.560, Epsilon: 0.5105
Step: 247300, Returns: -16.560, Epsilon: 0.5103
Step: 247400, Returns: -16.620, Epsilon: 0.5101
Step: 247500, Returns: -16.630, Epsilon: 0.5100
Step: 247600, Returns: -16.650, Epsilon: 0.5098
Step: 247700, Returns: -16.650, Epsilon: 0.5096
Step: 247800, Returns: -16.600, Epsilon: 0.5094
Step: 247900, Returns: -16.610, Epsilon: 0.5092
Step: 248000, Returns: -16.620, Epsilon: 0.5090
Step: 248100, Returns: -16.620, Epsilon: 0.5088
Updating target network...
Step: 248200, Returns: -16.620, Epsilon: 0.5086
Step: 248300, Returns: -16.610, Epsilon: 0.5084
Step: 248400, Returns: -16.640, Epsilon: 0.5082
Step: 248500, Returns: -16.610, Epsilon: 0.5080
Step: 248600, Returns: -16.610, Epsilon: 0.5078
Step: 248700, Returns: -16.580, Epsilon: 0.5076
Step: 248800, Returns: -16.530, Epsilon: 0.5074
Step: 248900, Returns: -16.530, Epsilon: 0.5072
Step: 249000, Returns: -16.560, Epsilon: 0.5070
Step: 249100, Returns: -16.560, Epsilon: 0.5068
Step: 249200, Returns: -16.640, Epsilon: 0.5066
Step: 249300, Returns: -16.640, Epsilon: 0.5064
Step: 249400, Returns: -16.630, Epsilon: 0.5062
Step: 249500, Returns: -16.630, Epsilon: 0.5060
Step: 249600, Returns: -16.630, Epsilon: 0.5058
Step: 249700, Returns: -16.580, Epsilon: 0.5056
Step: 249800, Returns: -16.680, Epsilon: 0.5054
Step: 249900, Returns: -16.630, Epsilon: 0.5052
Step: 250000, Returns: -16.690, Epsilon: 0.5050
Step: 250100, Returns: -16.690, Epsilon: 0.5048
Step: 250200, Returns: -16.710, Epsilon: 0.5046
Step: 250300, Returns: -16.710, Epsilon: 0.5044
Step: 250400, Returns: -16.710, Epsilon: 0.5042
Step: 250500, Returns: -16.670, Epsilon: 0.5040
Step: 250600, Returns: -16.650, Epsilon: 0.5038
Updating target network...
Step: 250700, Returns: -16.650, Epsilon: 0.5036
Step: 250800, Returns: -16.620, Epsilon: 0.5034
Step: 250900, Returns: -16.620, Epsilon: 0.5032
Step: 251000, Returns: -16.620, Epsilon: 0.5030
Step: 251100, Returns: -16.620, Epsilon: 0.5028
Step: 251200, Returns: -16.580, Epsilon: 0.5026
Step: 251300, Returns: -16.580, Epsilon: 0.5024
Step: 251400, Returns: -16.570, Epsilon: 0.5022
Step: 251500, Returns: -16.570, Epsilon: 0.5020
Step: 251600, Returns: -16.540, Epsilon: 0.5018
Step: 251700, Returns: -16.540, Epsilon: 0.5016
Step: 251800, Returns: -16.540, Epsilon: 0.5014
Step: 251900, Returns: -16.540, Epsilon: 0.5012
Step: 252000, Returns: -16.510, Epsilon: 0.5010
Step: 252100, Returns: -16.510, Epsilon: 0.5008
Step: 252200, Returns: -16.500, Epsilon: 0.5006
Step: 252300, Returns: -16.470, Epsilon: 0.5004
Step: 252400, Returns: -16.530, Epsilon: 0.5002
Step: 252500, Returns: -16.530, Epsilon: 0.5001
Step: 252600, Returns: -16.510, Epsilon: 0.4999
Step: 252700, Returns: -16.440, Epsilon: 0.4997
Step: 252800, Returns: -16.440, Epsilon: 0.4995
Step: 252900, Returns: -16.480, Epsilon: 0.4993
Step: 253000, Returns: -16.480, Epsilon: 0.4991
Step: 253100, Returns: -16.480, Epsilon: 0.4989
Updating target network...
Step: 253200, Returns: -16.530, Epsilon: 0.4987
Step: 253300, Returns: -16.530, Epsilon: 0.4985
Step: 253400, Returns: -16.560, Epsilon: 0.4983
Step: 253500, Returns: -16.530, Epsilon: 0.4981
Step: 253600, Returns: -16.560, Epsilon: 0.4979
Step: 253700, Returns: -16.600, Epsilon: 0.4977
Step: 253800, Returns: -16.540, Epsilon: 0.4975
Step: 253900, Returns: -16.540, Epsilon: 0.4973
Step: 254000, Returns: -16.540, Epsilon: 0.4971
Step: 254100, Returns: -16.540, Epsilon: 0.4969
Step: 254200, Returns: -16.540, Epsilon: 0.4967
Step: 254300, Returns: -16.540, Epsilon: 0.4965
Step: 254400, Returns: -16.580, Epsilon: 0.4963
Step: 254500, Returns: -16.580, Epsilon: 0.4961
Step: 254600, Returns: -16.470, Epsilon: 0.4959
Step: 254700, Returns: -16.460, Epsilon: 0.4957
Step: 254800, Returns: -16.460, Epsilon: 0.4955
Step: 254900, Returns: -16.550, Epsilon: 0.4953
Step: 255000, Returns: -16.550, Epsilon: 0.4951
Step: 255100, Returns: -16.550, Epsilon: 0.4949
Step: 255200, Returns: -16.600, Epsilon: 0.4947
Step: 255300, Returns: -16.570, Epsilon: 0.4945
Step: 255400, Returns: -16.570, Epsilon: 0.4943
Step: 255500, Returns: -16.540, Epsilon: 0.4941
Step: 255600, Returns: -16.540, Epsilon: 0.4939
Updating target network...
Step: 255700, Returns: -16.540, Epsilon: 0.4937
Step: 255800, Returns: -16.540, Epsilon: 0.4935
Step: 255900, Returns: -16.540, Epsilon: 0.4933
Step: 256000, Returns: -16.540, Epsilon: 0.4931
Step: 256100, Returns: -16.550, Epsilon: 0.4929
Step: 256200, Returns: -16.550, Epsilon: 0.4927
Step: 256300, Returns: -16.550, Epsilon: 0.4925
Step: 256400, Returns: -16.500, Epsilon: 0.4923
Step: 256500, Returns: -16.500, Epsilon: 0.4921
Step: 256600, Returns: -16.500, Epsilon: 0.4919
Step: 256700, Returns: -16.500, Epsilon: 0.4917
Step: 256800, Returns: -16.500, Epsilon: 0.4915
Step: 256900, Returns: -16.510, Epsilon: 0.4913
Step: 257000, Returns: -16.430, Epsilon: 0.4911
Step: 257100, Returns: -16.400, Epsilon: 0.4909
Step: 257200, Returns: -16.390, Epsilon: 0.4907
Step: 257300, Returns: -16.370, Epsilon: 0.4905
Step: 257400, Returns: -16.300, Epsilon: 0.4903
Step: 257500, Returns: -16.300, Epsilon: 0.4902
Step: 257600, Returns: -16.350, Epsilon: 0.4900
Step: 257700, Returns: -16.350, Epsilon: 0.4898
Step: 257800, Returns: -16.330, Epsilon: 0.4896
Step: 257900, Returns: -16.330, Epsilon: 0.4894
Step: 258000, Returns: -16.330, Epsilon: 0.4892
Step: 258100, Returns: -16.330, Epsilon: 0.4890
Updating target network...
Step: 258200, Returns: -16.330, Epsilon: 0.4888
Step: 258300, Returns: -16.330, Epsilon: 0.4886
Step: 258400, Returns: -16.340, Epsilon: 0.4884
Step: 258500, Returns: -16.340, Epsilon: 0.4882
Step: 258600, Returns: -16.260, Epsilon: 0.4880
Step: 258700, Returns: -16.260, Epsilon: 0.4878
Step: 258800, Returns: -16.240, Epsilon: 0.4876
Step: 258900, Returns: -16.250, Epsilon: 0.4874
Step: 259000, Returns: -16.250, Epsilon: 0.4872
Step: 259100, Returns: -16.230, Epsilon: 0.4870
Step: 259200, Returns: -16.260, Epsilon: 0.4868
Step: 259300, Returns: -16.260, Epsilon: 0.4866
Step: 259400, Returns: -16.240, Epsilon: 0.4864
Step: 259500, Returns: -16.240, Epsilon: 0.4862
Step: 259600, Returns: -16.270, Epsilon: 0.4860
Step: 259700, Returns: -16.280, Epsilon: 0.4858
Step: 259800, Returns: -16.280, Epsilon: 0.4856
Step: 259900, Returns: -16.280, Epsilon: 0.4854
Step: 260000, Returns: -16.270, Epsilon: 0.4852
Step: 260100, Returns: -16.270, Epsilon: 0.4850
Step: 260200, Returns: -16.290, Epsilon: 0.4848
Step: 260300, Returns: -16.290, Epsilon: 0.4846
Step: 260400, Returns: -16.290, Epsilon: 0.4844
Step: 260500, Returns: -16.270, Epsilon: 0.4842
Step: 260600, Returns: -16.280, Epsilon: 0.4840
Updating target network...
Step: 260700, Returns: -16.260, Epsilon: 0.4838
Step: 260800, Returns: -16.180, Epsilon: 0.4836
Step: 260900, Returns: -16.150, Epsilon: 0.4834
Step: 261000, Returns: -16.150, Epsilon: 0.4832
Step: 261100, Returns: -16.110, Epsilon: 0.4830
Step: 261200, Returns: -16.110, Epsilon: 0.4828
Step: 261300, Returns: -16.110, Epsilon: 0.4826
Step: 261400, Returns: -16.100, Epsilon: 0.4824
Step: 261500, Returns: -16.110, Epsilon: 0.4822
Step: 261600, Returns: -16.060, Epsilon: 0.4820
Step: 261700, Returns: -16.060, Epsilon: 0.4818
Step: 261800, Returns: -16.090, Epsilon: 0.4816
Step: 261900, Returns: -16.090, Epsilon: 0.4814
Step: 262000, Returns: -16.150, Epsilon: 0.4812
Step: 262100, Returns: -16.160, Epsilon: 0.4810
Step: 262200, Returns: -16.190, Epsilon: 0.4808
Step: 262300, Returns: -16.160, Epsilon: 0.4806
Step: 262400, Returns: -16.190, Epsilon: 0.4804
Step: 262500, Returns: -16.190, Epsilon: 0.4803
Step: 262600, Returns: -16.150, Epsilon: 0.4801
Step: 262700, Returns: -16.190, Epsilon: 0.4799
Step: 262800, Returns: -16.190, Epsilon: 0.4797
Step: 262900, Returns: -16.190, Epsilon: 0.4795
Step: 263000, Returns: -16.190, Epsilon: 0.4793
Step: 263100, Returns: -16.180, Epsilon: 0.4791
Updating target network...
Step: 263200, Returns: -16.180, Epsilon: 0.4789
Step: 263300, Returns: -16.160, Epsilon: 0.4787
Step: 263400, Returns: -16.220, Epsilon: 0.4785
Step: 263500, Returns: -16.220, Epsilon: 0.4783
Step: 263600, Returns: -16.220, Epsilon: 0.4781
Step: 263700, Returns: -16.250, Epsilon: 0.4779
Step: 263800, Returns: -16.250, Epsilon: 0.4777
Step: 263900, Returns: -16.250, Epsilon: 0.4775
Step: 264000, Returns: -16.270, Epsilon: 0.4773
Step: 264100, Returns: -16.230, Epsilon: 0.4771
Step: 264200, Returns: -16.190, Epsilon: 0.4769
Step: 264300, Returns: -16.150, Epsilon: 0.4767
Step: 264400, Returns: -16.150, Epsilon: 0.4765
Step: 264500, Returns: -16.190, Epsilon: 0.4763
Step: 264600, Returns: -16.190, Epsilon: 0.4761
Step: 264700, Returns: -16.130, Epsilon: 0.4759
Step: 264800, Returns: -16.110, Epsilon: 0.4757
Step: 264900, Returns: -16.150, Epsilon: 0.4755
Step: 265000, Returns: -16.150, Epsilon: 0.4753
Step: 265100, Returns: -16.200, Epsilon: 0.4751
Step: 265200, Returns: -16.170, Epsilon: 0.4749
Step: 265300, Returns: -16.200, Epsilon: 0.4747
Step: 265400, Returns: -16.200, Epsilon: 0.4745
Step: 265500, Returns: -16.270, Epsilon: 0.4743
Step: 265600, Returns: -16.270, Epsilon: 0.4741
Updating target network...
Step: 265700, Returns: -16.280, Epsilon: 0.4739
Step: 265800, Returns: -16.280, Epsilon: 0.4737
Step: 265900, Returns: -16.230, Epsilon: 0.4735
Step: 266000, Returns: -16.230, Epsilon: 0.4733
Step: 266100, Returns: -16.230, Epsilon: 0.4731
Step: 266200, Returns: -16.230, Epsilon: 0.4729
Step: 266300, Returns: -16.230, Epsilon: 0.4727
Step: 266400, Returns: -16.230, Epsilon: 0.4725
Step: 266500, Returns: -16.280, Epsilon: 0.4723
Step: 266600, Returns: -16.280, Epsilon: 0.4721
Step: 266700, Returns: -16.280, Epsilon: 0.4719
Step: 266800, Returns: -16.280, Epsilon: 0.4717
Step: 266900, Returns: -16.280, Epsilon: 0.4715
Step: 267000, Returns: -16.280, Epsilon: 0.4713
Step: 267100, Returns: -16.280, Epsilon: 0.4711
Step: 267200, Returns: -16.280, Epsilon: 0.4709
Step: 267300, Returns: -16.260, Epsilon: 0.4707
Step: 267400, Returns: -16.230, Epsilon: 0.4705
Step: 267500, Returns: -16.230, Epsilon: 0.4704
Step: 267600, Returns: -16.230, Epsilon: 0.4702
Step: 267700, Returns: -16.200, Epsilon: 0.4700
Step: 267800, Returns: -16.200, Epsilon: 0.4698
Step: 267900, Returns: -16.210, Epsilon: 0.4696
Step: 268000, Returns: -16.210, Epsilon: 0.4694
Step: 268100, Returns: -16.270, Epsilon: 0.4692
Updating target network...
Step: 268200, Returns: -16.340, Epsilon: 0.4690
Step: 268300, Returns: -16.320, Epsilon: 0.4688
Step: 268400, Returns: -16.320, Epsilon: 0.4686
Step: 268500, Returns: -16.320, Epsilon: 0.4684
Step: 268600, Returns: -16.460, Epsilon: 0.4682
Step: 268700, Returns: -16.460, Epsilon: 0.4680
Step: 268800, Returns: -16.460, Epsilon: 0.4678
Step: 268900, Returns: -16.390, Epsilon: 0.4676
Step: 269000, Returns: -16.390, Epsilon: 0.4674
Step: 269100, Returns: -16.340, Epsilon: 0.4672
Step: 269200, Returns: -16.340, Epsilon: 0.4670
Step: 269300, Returns: -16.340, Epsilon: 0.4668
Step: 269400, Returns: -16.340, Epsilon: 0.4666
Step: 269500, Returns: -16.320, Epsilon: 0.4664
Step: 269600, Returns: -16.340, Epsilon: 0.4662
Step: 269700, Returns: -16.340, Epsilon: 0.4660
Step: 269800, Returns: -16.300, Epsilon: 0.4658
Step: 269900, Returns: -16.310, Epsilon: 0.4656
Step: 270000, Returns: -16.330, Epsilon: 0.4654
Step: 270100, Returns: -16.310, Epsilon: 0.4652
Step: 270200, Returns: -16.310, Epsilon: 0.4650
Step: 270300, Returns: -16.310, Epsilon: 0.4648
Step: 270400, Returns: -16.260, Epsilon: 0.4646
Step: 270500, Returns: -16.260, Epsilon: 0.4644
Step: 270600, Returns: -16.260, Epsilon: 0.4642
Updating target network...
Step: 270700, Returns: -16.260, Epsilon: 0.4640
Step: 270800, Returns: -16.280, Epsilon: 0.4638
Step: 270900, Returns: -16.260, Epsilon: 0.4636
Step: 271000, Returns: -16.260, Epsilon: 0.4634
Step: 271100, Returns: -16.260, Epsilon: 0.4632
Step: 271200, Returns: -16.190, Epsilon: 0.4630
Step: 271300, Returns: -16.190, Epsilon: 0.4628
Step: 271400, Returns: -16.190, Epsilon: 0.4626
Step: 271500, Returns: -16.100, Epsilon: 0.4624
Step: 271600, Returns: -16.120, Epsilon: 0.4622
Step: 271700, Returns: -16.140, Epsilon: 0.4620
Step: 271800, Returns: -16.110, Epsilon: 0.4618
Step: 271900, Returns: -16.170, Epsilon: 0.4616
Step: 272000, Returns: -16.170, Epsilon: 0.4614
Step: 272100, Returns: -16.170, Epsilon: 0.4612
Step: 272200, Returns: -16.130, Epsilon: 0.4610
Step: 272300, Returns: -16.130, Epsilon: 0.4608
Step: 272400, Returns: -16.130, Epsilon: 0.4606
Step: 272500, Returns: -16.130, Epsilon: 0.4605
Step: 272600, Returns: -16.130, Epsilon: 0.4603
Step: 272700, Returns: -16.140, Epsilon: 0.4601
Step: 272800, Returns: -16.110, Epsilon: 0.4599
Step: 272900, Returns: -16.110, Epsilon: 0.4597
Step: 273000, Returns: -16.180, Epsilon: 0.4595
Step: 273100, Returns: -16.180, Epsilon: 0.4593
Updating target network...
Step: 273200, Returns: -16.120, Epsilon: 0.4591
Step: 273300, Returns: -16.080, Epsilon: 0.4589
Step: 273400, Returns: -16.080, Epsilon: 0.4587
Step: 273500, Returns: -16.090, Epsilon: 0.4585
Step: 273600, Returns: -16.010, Epsilon: 0.4583
Step: 273700, Returns: -16.030, Epsilon: 0.4581
Step: 273800, Returns: -16.030, Epsilon: 0.4579
Step: 273900, Returns: -16.030, Epsilon: 0.4577
Step: 274000, Returns: -16.020, Epsilon: 0.4575
Step: 274100, Returns: -16.020, Epsilon: 0.4573
Step: 274200, Returns: -16.010, Epsilon: 0.4571
Step: 274300, Returns: -15.960, Epsilon: 0.4569
Step: 274400, Returns: -15.960, Epsilon: 0.4567
Step: 274500, Returns: -15.980, Epsilon: 0.4565
Step: 274600, Returns: -15.980, Epsilon: 0.4563
Step: 274700, Returns: -15.960, Epsilon: 0.4561
Step: 274800, Returns: -15.960, Epsilon: 0.4559
Step: 274900, Returns: -15.960, Epsilon: 0.4557
Step: 275000, Returns: -15.960, Epsilon: 0.4555
Step: 275100, Returns: -15.960, Epsilon: 0.4553
Step: 275200, Returns: -15.940, Epsilon: 0.4551
Step: 275300, Returns: -15.950, Epsilon: 0.4549
Step: 275400, Returns: -15.890, Epsilon: 0.4547
Step: 275500, Returns: -15.900, Epsilon: 0.4545
Step: 275600, Returns: -15.900, Epsilon: 0.4543
Updating target network...
Step: 275700, Returns: -15.900, Epsilon: 0.4541
Step: 275800, Returns: -15.960, Epsilon: 0.4539
Step: 275900, Returns: -15.890, Epsilon: 0.4537
Step: 276000, Returns: -15.900, Epsilon: 0.4535
Step: 276100, Returns: -15.950, Epsilon: 0.4533
Step: 276200, Returns: -15.950, Epsilon: 0.4531
Step: 276300, Returns: -15.950, Epsilon: 0.4529
Step: 276400, Returns: -15.950, Epsilon: 0.4527
Step: 276500, Returns: -15.870, Epsilon: 0.4525
Step: 276600, Returns: -15.870, Epsilon: 0.4523
Step: 276700, Returns: -15.870, Epsilon: 0.4521
Step: 276800, Returns: -15.840, Epsilon: 0.4519
Step: 276900, Returns: -15.790, Epsilon: 0.4517
Step: 277000, Returns: -15.720, Epsilon: 0.4515
Step: 277100, Returns: -15.720, Epsilon: 0.4513
Step: 277200, Returns: -15.720, Epsilon: 0.4511
Step: 277300, Returns: -15.710, Epsilon: 0.4509
Step: 277400, Returns: -15.710, Epsilon: 0.4507
Step: 277500, Returns: -15.710, Epsilon: 0.4506
Step: 277600, Returns: -15.710, Epsilon: 0.4504
Step: 277700, Returns: -15.720, Epsilon: 0.4502
Step: 277800, Returns: -15.720, Epsilon: 0.4500
Step: 277900, Returns: -15.720, Epsilon: 0.4498
Step: 278000, Returns: -15.700, Epsilon: 0.4496
Step: 278100, Returns: -15.620, Epsilon: 0.4494
Updating target network...
Step: 278200, Returns: -15.620, Epsilon: 0.4492
Step: 278300, Returns: -15.570, Epsilon: 0.4490
Step: 278400, Returns: -15.580, Epsilon: 0.4488
Step: 278500, Returns: -15.580, Epsilon: 0.4486
Step: 278600, Returns: -15.550, Epsilon: 0.4484
Step: 278700, Returns: -15.550, Epsilon: 0.4482
Step: 278800, Returns: -15.580, Epsilon: 0.4480
Step: 278900, Returns: -15.580, Epsilon: 0.4478
Step: 279000, Returns: -15.570, Epsilon: 0.4476
Step: 279100, Returns: -15.570, Epsilon: 0.4474
Step: 279200, Returns: -15.570, Epsilon: 0.4472
Step: 279300, Returns: -15.570, Epsilon: 0.4470
Step: 279400, Returns: -15.590, Epsilon: 0.4468
Step: 279500, Returns: -15.590, Epsilon: 0.4466
Step: 279600, Returns: -15.590, Epsilon: 0.4464
Step: 279700, Returns: -15.590, Epsilon: 0.4462
Step: 279800, Returns: -15.590, Epsilon: 0.4460
Step: 279900, Returns: -15.580, Epsilon: 0.4458
Step: 280000, Returns: -15.560, Epsilon: 0.4456
Step: 280100, Returns: -15.500, Epsilon: 0.4454
Step: 280200, Returns: -15.500, Epsilon: 0.4452
Step: 280300, Returns: -15.460, Epsilon: 0.4450
Step: 280400, Returns: -15.500, Epsilon: 0.4448
Step: 280500, Returns: -15.450, Epsilon: 0.4446
Step: 280600, Returns: -15.480, Epsilon: 0.4444
Updating target network...
Step: 280700, Returns: -15.470, Epsilon: 0.4442
Step: 280800, Returns: -15.470, Epsilon: 0.4440
Step: 280900, Returns: -15.470, Epsilon: 0.4438
Step: 281000, Returns: -15.470, Epsilon: 0.4436
Step: 281100, Returns: -15.470, Epsilon: 0.4434
Step: 281200, Returns: -15.470, Epsilon: 0.4432
Step: 281300, Returns: -15.470, Epsilon: 0.4430
Step: 281400, Returns: -15.470, Epsilon: 0.4428
Step: 281500, Returns: -15.500, Epsilon: 0.4426
Step: 281600, Returns: -15.540, Epsilon: 0.4424
Step: 281700, Returns: -15.540, Epsilon: 0.4422
Step: 281800, Returns: -15.540, Epsilon: 0.4420
Step: 281900, Returns: -15.540, Epsilon: 0.4418
Step: 282000, Returns: -15.510, Epsilon: 0.4416
Step: 282100, Returns: -15.500, Epsilon: 0.4414
Step: 282200, Returns: -15.500, Epsilon: 0.4412
Step: 282300, Returns: -15.520, Epsilon: 0.4410
Step: 282400, Returns: -15.460, Epsilon: 0.4408
Step: 282500, Returns: -15.420, Epsilon: 0.4407
Step: 282600, Returns: -15.410, Epsilon: 0.4405
Step: 282700, Returns: -15.380, Epsilon: 0.4403
Step: 282800, Returns: -15.380, Epsilon: 0.4401
Step: 282900, Returns: -15.380, Epsilon: 0.4399
Step: 283000, Returns: -15.390, Epsilon: 0.4397
Step: 283100, Returns: -15.390, Epsilon: 0.4395
Updating target network...
Step: 283200, Returns: -15.390, Epsilon: 0.4393
Step: 283300, Returns: -15.390, Epsilon: 0.4391
Step: 283400, Returns: -15.410, Epsilon: 0.4389
Step: 283500, Returns: -15.460, Epsilon: 0.4387
Step: 283600, Returns: -15.460, Epsilon: 0.4385
Step: 283700, Returns: -15.450, Epsilon: 0.4383
Step: 283800, Returns: -15.460, Epsilon: 0.4381
Step: 283900, Returns: -15.440, Epsilon: 0.4379
Step: 284000, Returns: -15.460, Epsilon: 0.4377
Step: 284100, Returns: -15.500, Epsilon: 0.4375
Step: 284200, Returns: -15.480, Epsilon: 0.4373
Step: 284300, Returns: -15.490, Epsilon: 0.4371
Step: 284400, Returns: -15.500, Epsilon: 0.4369
Step: 284500, Returns: -15.500, Epsilon: 0.4367
Step: 284600, Returns: -15.520, Epsilon: 0.4365
Step: 284700, Returns: -15.480, Epsilon: 0.4363
Step: 284800, Returns: -15.480, Epsilon: 0.4361
Step: 284900, Returns: -15.480, Epsilon: 0.4359
Step: 285000, Returns: -15.480, Epsilon: 0.4357
Step: 285100, Returns: -15.410, Epsilon: 0.4355
Step: 285200, Returns: -15.410, Epsilon: 0.4353
Step: 285300, Returns: -15.410, Epsilon: 0.4351
Step: 285400, Returns: -15.470, Epsilon: 0.4349
Step: 285500, Returns: -15.470, Epsilon: 0.4347
Step: 285600, Returns: -15.470, Epsilon: 0.4345
Updating target network...
Step: 285700, Returns: -15.370, Epsilon: 0.4343
Step: 285800, Returns: -15.370, Epsilon: 0.4341
Step: 285900, Returns: -15.360, Epsilon: 0.4339
Step: 286000, Returns: -15.360, Epsilon: 0.4337
Step: 286100, Returns: -15.360, Epsilon: 0.4335
Step: 286200, Returns: -15.300, Epsilon: 0.4333
Step: 286300, Returns: -15.330, Epsilon: 0.4331
Step: 286400, Returns: -15.230, Epsilon: 0.4329
Step: 286500, Returns: -15.230, Epsilon: 0.4327
Step: 286600, Returns: -15.180, Epsilon: 0.4325
Step: 286700, Returns: -15.180, Epsilon: 0.4323
Step: 286800, Returns: -15.140, Epsilon: 0.4321
Step: 286900, Returns: -15.140, Epsilon: 0.4319
Step: 287000, Returns: -15.140, Epsilon: 0.4317
Step: 287100, Returns: -15.140, Epsilon: 0.4315
Step: 287200, Returns: -15.100, Epsilon: 0.4313
Step: 287300, Returns: -15.100, Epsilon: 0.4311
Step: 287400, Returns: -15.130, Epsilon: 0.4309
Step: 287500, Returns: -15.130, Epsilon: 0.4308
Step: 287600, Returns: -15.160, Epsilon: 0.4306
Step: 287700, Returns: -15.200, Epsilon: 0.4304
Step: 287800, Returns: -15.200, Epsilon: 0.4302
Step: 287900, Returns: -15.200, Epsilon: 0.4300
Step: 288000, Returns: -15.290, Epsilon: 0.4298
Step: 288100, Returns: -15.290, Epsilon: 0.4296
Updating target network...
Step: 288200, Returns: -15.260, Epsilon: 0.4294
Step: 288300, Returns: -15.260, Epsilon: 0.4292
Step: 288400, Returns: -15.340, Epsilon: 0.4290
Step: 288500, Returns: -15.340, Epsilon: 0.4288
Step: 288600, Returns: -15.320, Epsilon: 0.4286
Step: 288700, Returns: -15.320, Epsilon: 0.4284
Step: 288800, Returns: -15.360, Epsilon: 0.4282
Step: 288900, Returns: -15.410, Epsilon: 0.4280
Step: 289000, Returns: -15.410, Epsilon: 0.4278
Step: 289100, Returns: -15.410, Epsilon: 0.4276
Step: 289200, Returns: -15.410, Epsilon: 0.4274
Step: 289300, Returns: -15.430, Epsilon: 0.4272
Step: 289400, Returns: -15.420, Epsilon: 0.4270
Step: 289500, Returns: -15.360, Epsilon: 0.4268
Step: 289600, Returns: -15.330, Epsilon: 0.4266
Step: 289700, Returns: -15.320, Epsilon: 0.4264
Step: 289800, Returns: -15.310, Epsilon: 0.4262
Step: 289900, Returns: -15.400, Epsilon: 0.4260
Step: 290000, Returns: -15.400, Epsilon: 0.4258
Step: 290100, Returns: -15.390, Epsilon: 0.4256
Step: 290200, Returns: -15.390, Epsilon: 0.4254
Step: 290300, Returns: -15.390, Epsilon: 0.4252
Step: 290400, Returns: -15.390, Epsilon: 0.4250
Step: 290500, Returns: -15.440, Epsilon: 0.4248
Step: 290600, Returns: -15.390, Epsilon: 0.4246
Updating target network...
Step: 290700, Returns: -15.390, Epsilon: 0.4244
Step: 290800, Returns: -15.390, Epsilon: 0.4242
Step: 290900, Returns: -15.390, Epsilon: 0.4240
Step: 291000, Returns: -15.400, Epsilon: 0.4238
Step: 291100, Returns: -15.400, Epsilon: 0.4236
Step: 291200, Returns: -15.400, Epsilon: 0.4234
Step: 291300, Returns: -15.400, Epsilon: 0.4232
Step: 291400, Returns: -15.420, Epsilon: 0.4230
Step: 291500, Returns: -15.420, Epsilon: 0.4228
Step: 291600, Returns: -15.400, Epsilon: 0.4226
Step: 291700, Returns: -15.400, Epsilon: 0.4224
Step: 291800, Returns: -15.350, Epsilon: 0.4222
Step: 291900, Returns: -15.380, Epsilon: 0.4220
Step: 292000, Returns: -15.330, Epsilon: 0.4218
Step: 292100, Returns: -15.330, Epsilon: 0.4216
Step: 292200, Returns: -15.250, Epsilon: 0.4214
Step: 292300, Returns: -15.290, Epsilon: 0.4212
Step: 292400, Returns: -15.290, Epsilon: 0.4210
Step: 292500, Returns: -15.290, Epsilon: 0.4209
Step: 292600, Returns: -15.230, Epsilon: 0.4207
Step: 292700, Returns: -15.230, Epsilon: 0.4205
Step: 292800, Returns: -15.200, Epsilon: 0.4203
Step: 292900, Returns: -15.200, Epsilon: 0.4201
Step: 293000, Returns: -15.200, Epsilon: 0.4199
Step: 293100, Returns: -15.200, Epsilon: 0.4197
Updating target network...
Step: 293200, Returns: -15.200, Epsilon: 0.4195
Step: 293300, Returns: -15.200, Epsilon: 0.4193
Step: 293400, Returns: -15.210, Epsilon: 0.4191
Step: 293500, Returns: -15.210, Epsilon: 0.4189
Step: 293600, Returns: -15.250, Epsilon: 0.4187
Step: 293700, Returns: -15.170, Epsilon: 0.4185
Step: 293800, Returns: -15.170, Epsilon: 0.4183
Step: 293900, Returns: -15.170, Epsilon: 0.4181
Step: 294000, Returns: -15.130, Epsilon: 0.4179
Step: 294100, Returns: -15.130, Epsilon: 0.4177
Step: 294200, Returns: -15.130, Epsilon: 0.4175
Step: 294300, Returns: -15.130, Epsilon: 0.4173
Step: 294400, Returns: -15.130, Epsilon: 0.4171
Step: 294500, Returns: -15.090, Epsilon: 0.4169
Step: 294600, Returns: -15.010, Epsilon: 0.4167
Step: 294700, Returns: -15.030, Epsilon: 0.4165
Step: 294800, Returns: -15.050, Epsilon: 0.4163
Step: 294900, Returns: -15.050, Epsilon: 0.4161
Step: 295000, Returns: -15.100, Epsilon: 0.4159
Step: 295100, Returns: -15.100, Epsilon: 0.4157
Step: 295200, Returns: -15.110, Epsilon: 0.4155
Step: 295300, Returns: -15.110, Epsilon: 0.4153
Step: 295400, Returns: -15.110, Epsilon: 0.4151
Step: 295500, Returns: -15.110, Epsilon: 0.4149
Step: 295600, Returns: -15.110, Epsilon: 0.4147
Updating target network...
Step: 295700, Returns: -15.110, Epsilon: 0.4145
Step: 295800, Returns: -15.110, Epsilon: 0.4143
Step: 295900, Returns: -15.130, Epsilon: 0.4141
Step: 296000, Returns: -15.070, Epsilon: 0.4139
Step: 296100, Returns: -15.070, Epsilon: 0.4137
Step: 296200, Returns: -15.070, Epsilon: 0.4135
Step: 296300, Returns: -15.090, Epsilon: 0.4133
Step: 296400, Returns: -15.080, Epsilon: 0.4131
Step: 296500, Returns: -15.030, Epsilon: 0.4129
Step: 296600, Returns: -14.930, Epsilon: 0.4127
Step: 296700, Returns: -14.880, Epsilon: 0.4125
Step: 296800, Returns: -14.890, Epsilon: 0.4123
Step: 296900, Returns: -14.890, Epsilon: 0.4121
Step: 297000, Returns: -14.880, Epsilon: 0.4119
Step: 297100, Returns: -14.840, Epsilon: 0.4117
Step: 297200, Returns: -14.840, Epsilon: 0.4115
Step: 297300, Returns: -14.780, Epsilon: 0.4113
Step: 297400, Returns: -14.780, Epsilon: 0.4111
Step: 297500, Returns: -14.780, Epsilon: 0.4110
Step: 297600, Returns: -14.780, Epsilon: 0.4108
Step: 297700, Returns: -14.780, Epsilon: 0.4106
Step: 297800, Returns: -14.780, Epsilon: 0.4104
Step: 297900, Returns: -14.740, Epsilon: 0.4102
Step: 298000, Returns: -14.740, Epsilon: 0.4100
Step: 298100, Returns: -14.800, Epsilon: 0.4098
Updating target network...
Step: 298200, Returns: -14.800, Epsilon: 0.4096
Step: 298300, Returns: -14.760, Epsilon: 0.4094
Step: 298400, Returns: -14.800, Epsilon: 0.4092
Step: 298500, Returns: -14.760, Epsilon: 0.4090
Step: 298600, Returns: -14.780, Epsilon: 0.4088
Step: 298700, Returns: -14.780, Epsilon: 0.4086
Step: 298800, Returns: -14.770, Epsilon: 0.4084
Step: 298900, Returns: -14.770, Epsilon: 0.4082
Step: 299000, Returns: -14.770, Epsilon: 0.4080
Step: 299100, Returns: -14.770, Epsilon: 0.4078
Step: 299200, Returns: -14.770, Epsilon: 0.4076
Step: 299300, Returns: -14.820, Epsilon: 0.4074
Step: 299400, Returns: -14.820, Epsilon: 0.4072
Step: 299500, Returns: -14.820, Epsilon: 0.4070
Step: 299600, Returns: -14.820, Epsilon: 0.4068
Step: 299700, Returns: -14.820, Epsilon: 0.4066
Step: 299800, Returns: -14.820, Epsilon: 0.4064
Step: 299900, Returns: -14.770, Epsilon: 0.4062
Step: 300000, Returns: -14.770, Epsilon: 0.4060
Step: 300100, Returns: -14.770, Epsilon: 0.4058
Step: 300200, Returns: -14.780, Epsilon: 0.4056
Step: 300300, Returns: -14.830, Epsilon: 0.4054
Step: 300400, Returns: -14.770, Epsilon: 0.4052
Step: 300500, Returns: -14.770, Epsilon: 0.4050
Step: 300600, Returns: -14.770, Epsilon: 0.4048
Updating target network...
Step: 300700, Returns: -14.770, Epsilon: 0.4046
Step: 300800, Returns: -14.680, Epsilon: 0.4044
Step: 300900, Returns: -14.680, Epsilon: 0.4042
Step: 301000, Returns: -14.640, Epsilon: 0.4040
Step: 301100, Returns: -14.620, Epsilon: 0.4038
Step: 301200, Returns: -14.580, Epsilon: 0.4036
Step: 301300, Returns: -14.580, Epsilon: 0.4034
Step: 301400, Returns: -14.580, Epsilon: 0.4032
Step: 301500, Returns: -14.580, Epsilon: 0.4030
Step: 301600, Returns: -14.580, Epsilon: 0.4028
Step: 301700, Returns: -14.610, Epsilon: 0.4026
Step: 301800, Returns: -14.600, Epsilon: 0.4024
Step: 301900, Returns: -14.600, Epsilon: 0.4022
Step: 302000, Returns: -14.610, Epsilon: 0.4020
Step: 302100, Returns: -14.640, Epsilon: 0.4018
Step: 302200, Returns: -14.640, Epsilon: 0.4016
Step: 302300, Returns: -14.650, Epsilon: 0.4014
Step: 302400, Returns: -14.650, Epsilon: 0.4012
Step: 302500, Returns: -14.720, Epsilon: 0.4011
Step: 302600, Returns: -14.740, Epsilon: 0.4009
Step: 302700, Returns: -14.710, Epsilon: 0.4007
Step: 302800, Returns: -14.660, Epsilon: 0.4005
Step: 302900, Returns: -14.660, Epsilon: 0.4003
Step: 303000, Returns: -14.660, Epsilon: 0.4001
Step: 303100, Returns: -14.660, Epsilon: 0.3999
Updating target network...
Step: 303200, Returns: -14.620, Epsilon: 0.3997
Step: 303300, Returns: -14.620, Epsilon: 0.3995
Step: 303400, Returns: -14.620, Epsilon: 0.3993
Step: 303500, Returns: -14.680, Epsilon: 0.3991
Step: 303600, Returns: -14.680, Epsilon: 0.3989
Step: 303700, Returns: -14.680, Epsilon: 0.3987
Step: 303800, Returns: -14.680, Epsilon: 0.3985
Step: 303900, Returns: -14.680, Epsilon: 0.3983
Step: 304000, Returns: -14.680, Epsilon: 0.3981
Step: 304100, Returns: -14.680, Epsilon: 0.3979
Step: 304200, Returns: -14.620, Epsilon: 0.3977
Step: 304300, Returns: -14.610, Epsilon: 0.3975
Step: 304400, Returns: -14.650, Epsilon: 0.3973
Step: 304500, Returns: -14.650, Epsilon: 0.3971
Step: 304600, Returns: -14.650, Epsilon: 0.3969
Step: 304700, Returns: -14.660, Epsilon: 0.3967
Step: 304800, Returns: -14.710, Epsilon: 0.3965
Step: 304900, Returns: -14.650, Epsilon: 0.3963
Step: 305000, Returns: -14.700, Epsilon: 0.3961
Step: 305100, Returns: -14.700, Epsilon: 0.3959
Step: 305200, Returns: -14.700, Epsilon: 0.3957
Step: 305300, Returns: -14.660, Epsilon: 0.3955
Step: 305400, Returns: -14.660, Epsilon: 0.3953
Step: 305500, Returns: -14.660, Epsilon: 0.3951
Step: 305600, Returns: -14.680, Epsilon: 0.3949
Updating target network...
Step: 305700, Returns: -14.680, Epsilon: 0.3947
Step: 305800, Returns: -14.650, Epsilon: 0.3945
Step: 305900, Returns: -14.620, Epsilon: 0.3943
Step: 306000, Returns: -14.620, Epsilon: 0.3941
Step: 306100, Returns: -14.630, Epsilon: 0.3939
Step: 306200, Returns: -14.630, Epsilon: 0.3937
Step: 306300, Returns: -14.700, Epsilon: 0.3935
Step: 306400, Returns: -14.710, Epsilon: 0.3933
Step: 306500, Returns: -14.710, Epsilon: 0.3931
Step: 306600, Returns: -14.710, Epsilon: 0.3929
Step: 306700, Returns: -14.720, Epsilon: 0.3927
Step: 306800, Returns: -14.720, Epsilon: 0.3925
Step: 306900, Returns: -14.660, Epsilon: 0.3923
Step: 307000, Returns: -14.550, Epsilon: 0.3921
Step: 307100, Returns: -14.550, Epsilon: 0.3919
Step: 307200, Returns: -14.550, Epsilon: 0.3917
Step: 307300, Returns: -14.550, Epsilon: 0.3915
Step: 307400, Returns: -14.560, Epsilon: 0.3913
Step: 307500, Returns: -14.560, Epsilon: 0.3912
Step: 307600, Returns: -14.570, Epsilon: 0.3910
Step: 307700, Returns: -14.570, Epsilon: 0.3908
Step: 307800, Returns: -14.570, Epsilon: 0.3906
Step: 307900, Returns: -14.550, Epsilon: 0.3904
Step: 308000, Returns: -14.500, Epsilon: 0.3902
Step: 308100, Returns: -14.500, Epsilon: 0.3900
Updating target network...
Step: 308200, Returns: -14.480, Epsilon: 0.3898
Step: 308300, Returns: -14.480, Epsilon: 0.3896
Step: 308400, Returns: -14.430, Epsilon: 0.3894
Step: 308500, Returns: -14.450, Epsilon: 0.3892
Step: 308600, Returns: -14.450, Epsilon: 0.3890
Step: 308700, Returns: -14.430, Epsilon: 0.3888
Step: 308800, Returns: -14.430, Epsilon: 0.3886
Step: 308900, Returns: -14.420, Epsilon: 0.3884
Step: 309000, Returns: -14.420, Epsilon: 0.3882
Step: 309100, Returns: -14.560, Epsilon: 0.3880
Step: 309200, Returns: -14.560, Epsilon: 0.3878
Step: 309300, Returns: -14.540, Epsilon: 0.3876
Step: 309400, Returns: -14.580, Epsilon: 0.3874
Step: 309500, Returns: -14.530, Epsilon: 0.3872
Step: 309600, Returns: -14.530, Epsilon: 0.3870
Step: 309700, Returns: -14.530, Epsilon: 0.3868
Step: 309800, Returns: -14.530, Epsilon: 0.3866
Step: 309900, Returns: -14.550, Epsilon: 0.3864
Step: 310000, Returns: -14.570, Epsilon: 0.3862
Step: 310100, Returns: -14.570, Epsilon: 0.3860
Step: 310200, Returns: -14.570, Epsilon: 0.3858
Step: 310300, Returns: -14.600, Epsilon: 0.3856
Step: 310400, Returns: -14.600, Epsilon: 0.3854
Step: 310500, Returns: -14.600, Epsilon: 0.3852
Step: 310600, Returns: -14.600, Epsilon: 0.3850
Updating target network...
Step: 310700, Returns: -14.600, Epsilon: 0.3848
Step: 310800, Returns: -14.620, Epsilon: 0.3846
Step: 310900, Returns: -14.530, Epsilon: 0.3844
Step: 311000, Returns: -14.560, Epsilon: 0.3842
Step: 311100, Returns: -14.560, Epsilon: 0.3840
Step: 311200, Returns: -14.430, Epsilon: 0.3838
Step: 311300, Returns: -14.460, Epsilon: 0.3836
Step: 311400, Returns: -14.460, Epsilon: 0.3834
Step: 311500, Returns: -14.420, Epsilon: 0.3832
Step: 311600, Returns: -14.420, Epsilon: 0.3830
Step: 311700, Returns: -14.410, Epsilon: 0.3828
Step: 311800, Returns: -14.430, Epsilon: 0.3826
Step: 311900, Returns: -14.420, Epsilon: 0.3824
Step: 312000, Returns: -14.430, Epsilon: 0.3822
Step: 312100, Returns: -14.340, Epsilon: 0.3820
Step: 312200, Returns: -14.340, Epsilon: 0.3818
Step: 312300, Returns: -14.340, Epsilon: 0.3816
Step: 312400, Returns: -14.300, Epsilon: 0.3814
Step: 312500, Returns: -14.300, Epsilon: 0.3813
Step: 312600, Returns: -14.300, Epsilon: 0.3811
Step: 312700, Returns: -14.360, Epsilon: 0.3809
Step: 312800, Returns: -14.360, Epsilon: 0.3807
Step: 312900, Returns: -14.380, Epsilon: 0.3805
Step: 313000, Returns: -14.390, Epsilon: 0.3803
Step: 313100, Returns: -14.390, Epsilon: 0.3801
Updating target network...
Step: 313200, Returns: -14.370, Epsilon: 0.3799
Step: 313300, Returns: -14.410, Epsilon: 0.3797
Step: 313400, Returns: -14.280, Epsilon: 0.3795
Step: 313500, Returns: -14.290, Epsilon: 0.3793
Step: 313600, Returns: -14.270, Epsilon: 0.3791
Step: 313700, Returns: -14.280, Epsilon: 0.3789
Step: 313800, Returns: -14.280, Epsilon: 0.3787
Step: 313900, Returns: -14.230, Epsilon: 0.3785
Step: 314000, Returns: -14.240, Epsilon: 0.3783
Step: 314100, Returns: -14.240, Epsilon: 0.3781
Step: 314200, Returns: -14.240, Epsilon: 0.3779
Step: 314300, Returns: -14.240, Epsilon: 0.3777
Step: 314400, Returns: -14.260, Epsilon: 0.3775
Step: 314500, Returns: -14.230, Epsilon: 0.3773
Step: 314600, Returns: -14.230, Epsilon: 0.3771
Step: 314700, Returns: -14.180, Epsilon: 0.3769
Step: 314800, Returns: -14.180, Epsilon: 0.3767
Step: 314900, Returns: -14.150, Epsilon: 0.3765
Step: 315000, Returns: -14.070, Epsilon: 0.3763
Step: 315100, Returns: -14.030, Epsilon: 0.3761
Step: 315200, Returns: -14.030, Epsilon: 0.3759
Step: 315300, Returns: -14.030, Epsilon: 0.3757
Step: 315400, Returns: -14.030, Epsilon: 0.3755
Step: 315500, Returns: -14.020, Epsilon: 0.3753
Step: 315600, Returns: -13.860, Epsilon: 0.3751
Updating target network...
Step: 315700, Returns: -13.860, Epsilon: 0.3749
Step: 315800, Returns: -13.860, Epsilon: 0.3747
Step: 315900, Returns: -13.810, Epsilon: 0.3745
Step: 316000, Returns: -13.810, Epsilon: 0.3743
Step: 316100, Returns: -13.810, Epsilon: 0.3741
Step: 316200, Returns: -13.810, Epsilon: 0.3739
Step: 316300, Returns: -13.840, Epsilon: 0.3737
Step: 316400, Returns: -13.860, Epsilon: 0.3735
Step: 316500, Returns: -13.860, Epsilon: 0.3733
Step: 316600, Returns: -13.840, Epsilon: 0.3731
Step: 316700, Returns: -13.770, Epsilon: 0.3729
Step: 316800, Returns: -13.770, Epsilon: 0.3727
Step: 316900, Returns: -13.740, Epsilon: 0.3725
Step: 317000, Returns: -13.720, Epsilon: 0.3723
Step: 317100, Returns: -13.720, Epsilon: 0.3721
Step: 317200, Returns: -13.720, Epsilon: 0.3719
Step: 317300, Returns: -13.720, Epsilon: 0.3717
Step: 317400, Returns: -13.710, Epsilon: 0.3715
Step: 317500, Returns: -13.720, Epsilon: 0.3714
Step: 317600, Returns: -13.720, Epsilon: 0.3712
Step: 317700, Returns: -13.720, Epsilon: 0.3710
Step: 317800, Returns: -13.720, Epsilon: 0.3708
Step: 317900, Returns: -13.760, Epsilon: 0.3706
Step: 318000, Returns: -13.700, Epsilon: 0.3704
Step: 318100, Returns: -13.700, Epsilon: 0.3702
Updating target network...
Step: 318200, Returns: -13.730, Epsilon: 0.3700
Step: 318300, Returns: -13.730, Epsilon: 0.3698
Step: 318400, Returns: -13.650, Epsilon: 0.3696
Step: 318500, Returns: -13.650, Epsilon: 0.3694
Step: 318600, Returns: -13.690, Epsilon: 0.3692
Step: 318700, Returns: -13.680, Epsilon: 0.3690
Step: 318800, Returns: -13.680, Epsilon: 0.3688
Step: 318900, Returns: -13.720, Epsilon: 0.3686
Step: 319000, Returns: -13.720, Epsilon: 0.3684
Step: 319100, Returns: -13.720, Epsilon: 0.3682
Step: 319200, Returns: -13.720, Epsilon: 0.3680
Step: 319300, Returns: -13.720, Epsilon: 0.3678
Step: 319400, Returns: -13.720, Epsilon: 0.3676
Step: 319500, Returns: -13.690, Epsilon: 0.3674
Step: 319600, Returns: -13.690, Epsilon: 0.3672
Step: 319700, Returns: -13.650, Epsilon: 0.3670
Step: 319800, Returns: -13.650, Epsilon: 0.3668
Step: 319900, Returns: -13.670, Epsilon: 0.3666
Step: 320000, Returns: -13.790, Epsilon: 0.3664
Step: 320100, Returns: -13.730, Epsilon: 0.3662
Step: 320200, Returns: -13.710, Epsilon: 0.3660
Step: 320300, Returns: -13.710, Epsilon: 0.3658
Step: 320400, Returns: -13.710, Epsilon: 0.3656
Step: 320500, Returns: -13.710, Epsilon: 0.3654
Step: 320600, Returns: -13.770, Epsilon: 0.3652
Updating target network...
Step: 320700, Returns: -13.770, Epsilon: 0.3650
Step: 320800, Returns: -13.770, Epsilon: 0.3648
Step: 320900, Returns: -13.770, Epsilon: 0.3646
Step: 321000, Returns: -13.770, Epsilon: 0.3644
Step: 321100, Returns: -13.710, Epsilon: 0.3642
Step: 321200, Returns: -13.710, Epsilon: 0.3640
Step: 321300, Returns: -13.690, Epsilon: 0.3638
Step: 321400, Returns: -13.730, Epsilon: 0.3636
Step: 321500, Returns: -13.730, Epsilon: 0.3634
Step: 321600, Returns: -13.730, Epsilon: 0.3632
Step: 321700, Returns: -13.730, Epsilon: 0.3630
Step: 321800, Returns: -13.730, Epsilon: 0.3628
Step: 321900, Returns: -13.740, Epsilon: 0.3626
Step: 322000, Returns: -13.770, Epsilon: 0.3624
Step: 322100, Returns: -13.710, Epsilon: 0.3622
Step: 322200, Returns: -13.690, Epsilon: 0.3620
Step: 322300, Returns: -13.690, Epsilon: 0.3618
Step: 322400, Returns: -13.630, Epsilon: 0.3616
Step: 322500, Returns: -13.590, Epsilon: 0.3615
Step: 322600, Returns: -13.590, Epsilon: 0.3613
Step: 322700, Returns: -13.590, Epsilon: 0.3611
Step: 322800, Returns: -13.590, Epsilon: 0.3609
Step: 322900, Returns: -13.600, Epsilon: 0.3607
Step: 323000, Returns: -13.600, Epsilon: 0.3605
Step: 323100, Returns: -13.600, Epsilon: 0.3603
Updating target network...
Step: 323200, Returns: -13.580, Epsilon: 0.3601
Step: 323300, Returns: -13.590, Epsilon: 0.3599
Step: 323400, Returns: -13.530, Epsilon: 0.3597
Step: 323500, Returns: -13.540, Epsilon: 0.3595
Step: 323600, Returns: -13.540, Epsilon: 0.3593
Step: 323700, Returns: -13.540, Epsilon: 0.3591
Step: 323800, Returns: -13.540, Epsilon: 0.3589
Step: 323900, Returns: -13.510, Epsilon: 0.3587
Step: 324000, Returns: -13.510, Epsilon: 0.3585
Step: 324100, Returns: -13.500, Epsilon: 0.3583
Step: 324200, Returns: -13.500, Epsilon: 0.3581
Step: 324300, Returns: -13.520, Epsilon: 0.3579
Step: 324400, Returns: -13.520, Epsilon: 0.3577
Step: 324500, Returns: -13.520, Epsilon: 0.3575
Step: 324600, Returns: -13.520, Epsilon: 0.3573
Step: 324700, Returns: -13.530, Epsilon: 0.3571
Step: 324800, Returns: -13.500, Epsilon: 0.3569
Step: 324900, Returns: -13.500, Epsilon: 0.3567
Step: 325000, Returns: -13.500, Epsilon: 0.3565
Step: 325100, Returns: -13.510, Epsilon: 0.3563
Step: 325200, Returns: -13.510, Epsilon: 0.3561
Step: 325300, Returns: -13.510, Epsilon: 0.3559
Step: 325400, Returns: -13.510, Epsilon: 0.3557
Step: 325500, Returns: -13.510, Epsilon: 0.3555
Step: 325600, Returns: -13.540, Epsilon: 0.3553
Updating target network...
Step: 325700, Returns: -13.490, Epsilon: 0.3551
Step: 325800, Returns: -13.480, Epsilon: 0.3549
Step: 325900, Returns: -13.480, Epsilon: 0.3547
Step: 326000, Returns: -13.480, Epsilon: 0.3545
Step: 326100, Returns: -13.610, Epsilon: 0.3543
Step: 326200, Returns: -13.560, Epsilon: 0.3541
Step: 326300, Returns: -13.480, Epsilon: 0.3539
Step: 326400, Returns: -13.480, Epsilon: 0.3537
Step: 326500, Returns: -13.480, Epsilon: 0.3535
Step: 326600, Returns: -13.460, Epsilon: 0.3533
Step: 326700, Returns: -13.400, Epsilon: 0.3531
Step: 326800, Returns: -13.410, Epsilon: 0.3529
Step: 326900, Returns: -13.410, Epsilon: 0.3527
Step: 327000, Returns: -13.390, Epsilon: 0.3525
Step: 327100, Returns: -13.390, Epsilon: 0.3523
Step: 327200, Returns: -13.390, Epsilon: 0.3521
Step: 327300, Returns: -13.400, Epsilon: 0.3519
Step: 327400, Returns: -13.400, Epsilon: 0.3517
Step: 327500, Returns: -13.400, Epsilon: 0.3516
Step: 327600, Returns: -13.400, Epsilon: 0.3514
Step: 327700, Returns: -13.390, Epsilon: 0.3512
Step: 327800, Returns: -13.380, Epsilon: 0.3510
Step: 327900, Returns: -13.380, Epsilon: 0.3508
Step: 328000, Returns: -13.400, Epsilon: 0.3506
Step: 328100, Returns: -13.400, Epsilon: 0.3504
Updating target network...
Step: 328200, Returns: -13.400, Epsilon: 0.3502
Step: 328300, Returns: -13.400, Epsilon: 0.3500
Step: 328400, Returns: -13.400, Epsilon: 0.3498
Step: 328500, Returns: -13.400, Epsilon: 0.3496
Step: 328600, Returns: -13.340, Epsilon: 0.3494
Step: 328700, Returns: -13.340, Epsilon: 0.3492
Step: 328800, Returns: -13.360, Epsilon: 0.3490
Step: 328900, Returns: -13.360, Epsilon: 0.3488
Step: 329000, Returns: -13.320, Epsilon: 0.3486
Step: 329100, Returns: -13.330, Epsilon: 0.3484
Step: 329200, Returns: -13.280, Epsilon: 0.3482
Step: 329300, Returns: -13.280, Epsilon: 0.3480
Step: 329400, Returns: -13.260, Epsilon: 0.3478
Step: 329500, Returns: -13.140, Epsilon: 0.3476
Step: 329600, Returns: -13.110, Epsilon: 0.3474
Step: 329700, Returns: -13.110, Epsilon: 0.3472
Step: 329800, Returns: -13.110, Epsilon: 0.3470
Step: 329900, Returns: -13.110, Epsilon: 0.3468
Step: 330000, Returns: -13.110, Epsilon: 0.3466
Step: 330100, Returns: -13.130, Epsilon: 0.3464
Step: 330200, Returns: -13.210, Epsilon: 0.3462
Step: 330300, Returns: -13.170, Epsilon: 0.3460
Step: 330400, Returns: -13.170, Epsilon: 0.3458
Step: 330500, Returns: -13.190, Epsilon: 0.3456
Step: 330600, Returns: -13.230, Epsilon: 0.3454
Updating target network...
Step: 330700, Returns: -13.230, Epsilon: 0.3452
Step: 330800, Returns: -13.230, Epsilon: 0.3450
Step: 330900, Returns: -13.230, Epsilon: 0.3448
Step: 331000, Returns: -13.230, Epsilon: 0.3446
Step: 331100, Returns: -13.230, Epsilon: 0.3444
Step: 331200, Returns: -13.150, Epsilon: 0.3442
Step: 331300, Returns: -13.150, Epsilon: 0.3440
Step: 331400, Returns: -13.110, Epsilon: 0.3438
Step: 331500, Returns: -13.200, Epsilon: 0.3436
Step: 331600, Returns: -13.200, Epsilon: 0.3434
Step: 331700, Returns: -13.200, Epsilon: 0.3432
Step: 331800, Returns: -13.200, Epsilon: 0.3430
Step: 331900, Returns: -13.190, Epsilon: 0.3428
Step: 332000, Returns: -13.190, Epsilon: 0.3426
Step: 332100, Returns: -13.040, Epsilon: 0.3424
Step: 332200, Returns: -13.040, Epsilon: 0.3422
Step: 332300, Returns: -12.970, Epsilon: 0.3420
Step: 332400, Returns: -12.950, Epsilon: 0.3418
Step: 332500, Returns: -12.960, Epsilon: 0.3417
Step: 332600, Returns: -12.940, Epsilon: 0.3415
Step: 332700, Returns: -12.940, Epsilon: 0.3413
Step: 332800, Returns: -12.950, Epsilon: 0.3411
Step: 332900, Returns: -12.950, Epsilon: 0.3409
Step: 333000, Returns: -12.950, Epsilon: 0.3407
Step: 333100, Returns: -12.950, Epsilon: 0.3405
Updating target network...
Step: 333200, Returns: -12.950, Epsilon: 0.3403
Step: 333300, Returns: -12.950, Epsilon: 0.3401
Step: 333400, Returns: -12.920, Epsilon: 0.3399
Step: 333500, Returns: -12.920, Epsilon: 0.3397
Step: 333600, Returns: -12.860, Epsilon: 0.3395
Step: 333700, Returns: -12.830, Epsilon: 0.3393
Step: 333800, Returns: -12.830, Epsilon: 0.3391
Step: 333900, Returns: -12.800, Epsilon: 0.3389
Step: 334000, Returns: -12.800, Epsilon: 0.3387
Step: 334100, Returns: -12.800, Epsilon: 0.3385
Step: 334200, Returns: -12.770, Epsilon: 0.3383
Step: 334300, Returns: -12.710, Epsilon: 0.3381
Step: 334400, Returns: -12.710, Epsilon: 0.3379
Step: 334500, Returns: -12.680, Epsilon: 0.3377
Step: 334600, Returns: -12.630, Epsilon: 0.3375
Step: 334700, Returns: -12.630, Epsilon: 0.3373
Step: 334800, Returns: -12.630, Epsilon: 0.3371
Step: 334900, Returns: -12.630, Epsilon: 0.3369
Step: 335000, Returns: -12.630, Epsilon: 0.3367
Step: 335100, Returns: -12.500, Epsilon: 0.3365
Step: 335200, Returns: -12.430, Epsilon: 0.3363
Step: 335300, Returns: -12.480, Epsilon: 0.3361
Step: 335400, Returns: -12.450, Epsilon: 0.3359
Step: 335500, Returns: -12.450, Epsilon: 0.3357
Step: 335600, Returns: -12.450, Epsilon: 0.3355
Updating target network...
Step: 335700, Returns: -12.450, Epsilon: 0.3353
Step: 335800, Returns: -12.450, Epsilon: 0.3351
Step: 335900, Returns: -12.450, Epsilon: 0.3349
Step: 336000, Returns: -12.470, Epsilon: 0.3347
Step: 336100, Returns: -12.470, Epsilon: 0.3345
Step: 336200, Returns: -12.470, Epsilon: 0.3343
Step: 336300, Returns: -12.490, Epsilon: 0.3341
Step: 336400, Returns: -12.480, Epsilon: 0.3339
Step: 336500, Returns: -12.480, Epsilon: 0.3337
Step: 336600, Returns: -12.420, Epsilon: 0.3335
Step: 336700, Returns: -12.380, Epsilon: 0.3333
Step: 336800, Returns: -12.380, Epsilon: 0.3331
Step: 336900, Returns: -12.380, Epsilon: 0.3329
Step: 337000, Returns: -12.310, Epsilon: 0.3327
Step: 337100, Returns: -12.240, Epsilon: 0.3325
Step: 337200, Returns: -12.240, Epsilon: 0.3323
Step: 337300, Returns: -12.240, Epsilon: 0.3321
Step: 337400, Returns: -12.240, Epsilon: 0.3319
Step: 337500, Returns: -12.260, Epsilon: 0.3318
Step: 337600, Returns: -12.190, Epsilon: 0.3316
Step: 337700, Returns: -12.190, Epsilon: 0.3314
Step: 337800, Returns: -12.240, Epsilon: 0.3312
Step: 337900, Returns: -12.240, Epsilon: 0.3310
Step: 338000, Returns: -12.200, Epsilon: 0.3308
Step: 338100, Returns: -12.210, Epsilon: 0.3306
Updating target network...
Step: 338200, Returns: -12.210, Epsilon: 0.3304
Step: 338300, Returns: -12.180, Epsilon: 0.3302
Step: 338400, Returns: -12.180, Epsilon: 0.3300
Step: 338500, Returns: -12.260, Epsilon: 0.3298
Step: 338600, Returns: -12.190, Epsilon: 0.3296
Step: 338700, Returns: -12.190, Epsilon: 0.3294
Step: 338800, Returns: -12.190, Epsilon: 0.3292
Step: 338900, Returns: -12.190, Epsilon: 0.3290
Step: 339000, Returns: -12.190, Epsilon: 0.3288
Step: 339100, Returns: -12.190, Epsilon: 0.3286
Step: 339200, Returns: -12.190, Epsilon: 0.3284
Step: 339300, Returns: -12.210, Epsilon: 0.3282
Step: 339400, Returns: -12.320, Epsilon: 0.3280
Step: 339500, Returns: -12.320, Epsilon: 0.3278
Step: 339600, Returns: -12.360, Epsilon: 0.3276
Step: 339700, Returns: -12.360, Epsilon: 0.3274
Step: 339800, Returns: -12.360, Epsilon: 0.3272
Step: 339900, Returns: -12.330, Epsilon: 0.3270
Step: 340000, Returns: -12.330, Epsilon: 0.3268
Step: 340100, Returns: -12.300, Epsilon: 0.3266
Step: 340200, Returns: -12.300, Epsilon: 0.3264
Step: 340300, Returns: -12.300, Epsilon: 0.3262
Step: 340400, Returns: -12.310, Epsilon: 0.3260
Step: 340500, Returns: -12.310, Epsilon: 0.3258
Step: 340600, Returns: -12.310, Epsilon: 0.3256
Updating target network...
Step: 340700, Returns: -12.260, Epsilon: 0.3254
Step: 340800, Returns: -12.260, Epsilon: 0.3252
Step: 340900, Returns: -12.260, Epsilon: 0.3250
Step: 341000, Returns: -12.260, Epsilon: 0.3248
Step: 341100, Returns: -12.230, Epsilon: 0.3246
Step: 341200, Returns: -12.190, Epsilon: 0.3244
Step: 341300, Returns: -12.190, Epsilon: 0.3242
Step: 341400, Returns: -12.190, Epsilon: 0.3240
Step: 341500, Returns: -12.190, Epsilon: 0.3238
Step: 341600, Returns: -12.220, Epsilon: 0.3236
Step: 341700, Returns: -12.220, Epsilon: 0.3234
Step: 341800, Returns: -12.220, Epsilon: 0.3232
Step: 341900, Returns: -12.220, Epsilon: 0.3230
Step: 342000, Returns: -12.240, Epsilon: 0.3228
Step: 342100, Returns: -12.240, Epsilon: 0.3226
Step: 342200, Returns: -12.220, Epsilon: 0.3224
Step: 342300, Returns: -12.200, Epsilon: 0.3222
Step: 342400, Returns: -12.200, Epsilon: 0.3220
Step: 342500, Returns: -12.200, Epsilon: 0.3219
Step: 342600, Returns: -12.140, Epsilon: 0.3217
Step: 342700, Returns: -12.100, Epsilon: 0.3215
Step: 342800, Returns: -12.160, Epsilon: 0.3213
Step: 342900, Returns: -12.160, Epsilon: 0.3211
Step: 343000, Returns: -12.160, Epsilon: 0.3209
Step: 343100, Returns: -12.150, Epsilon: 0.3207
Updating target network...
Step: 343200, Returns: -12.150, Epsilon: 0.3205
Step: 343300, Returns: -12.150, Epsilon: 0.3203
Step: 343400, Returns: -12.190, Epsilon: 0.3201
Step: 343500, Returns: -12.190, Epsilon: 0.3199
Step: 343600, Returns: -12.130, Epsilon: 0.3197
Step: 343700, Returns: -12.140, Epsilon: 0.3195
Step: 343800, Returns: -12.140, Epsilon: 0.3193
Step: 343900, Returns: -12.140, Epsilon: 0.3191
Step: 344000, Returns: -12.110, Epsilon: 0.3189
Step: 344100, Returns: -12.110, Epsilon: 0.3187
Step: 344200, Returns: -12.110, Epsilon: 0.3185
Step: 344300, Returns: -12.050, Epsilon: 0.3183
Step: 344400, Returns: -12.050, Epsilon: 0.3181
Step: 344500, Returns: -12.070, Epsilon: 0.3179
Step: 344600, Returns: -12.080, Epsilon: 0.3177
Step: 344700, Returns: -12.080, Epsilon: 0.3175
Step: 344800, Returns: -12.080, Epsilon: 0.3173
Step: 344900, Returns: -12.210, Epsilon: 0.3171
Step: 345000, Returns: -12.210, Epsilon: 0.3169
Step: 345100, Returns: -12.210, Epsilon: 0.3167
Step: 345200, Returns: -12.210, Epsilon: 0.3165
Step: 345300, Returns: -12.160, Epsilon: 0.3163
Step: 345400, Returns: -12.160, Epsilon: 0.3161
Step: 345500, Returns: -12.160, Epsilon: 0.3159
Step: 345600, Returns: -12.190, Epsilon: 0.3157
Updating target network...
Step: 345700, Returns: -12.140, Epsilon: 0.3155
Step: 345800, Returns: -12.120, Epsilon: 0.3153
Step: 345900, Returns: -12.080, Epsilon: 0.3151
Step: 346000, Returns: -12.160, Epsilon: 0.3149
Step: 346100, Returns: -12.140, Epsilon: 0.3147
Step: 346200, Returns: -12.140, Epsilon: 0.3145
Step: 346300, Returns: -12.140, Epsilon: 0.3143
Step: 346400, Returns: -12.150, Epsilon: 0.3141
Step: 346500, Returns: -12.150, Epsilon: 0.3139
Step: 346600, Returns: -12.150, Epsilon: 0.3137
Step: 346700, Returns: -12.150, Epsilon: 0.3135
Step: 346800, Returns: -12.150, Epsilon: 0.3133
Step: 346900, Returns: -12.100, Epsilon: 0.3131
Step: 347000, Returns: -12.020, Epsilon: 0.3129
Step: 347100, Returns: -12.050, Epsilon: 0.3127
Step: 347200, Returns: -12.140, Epsilon: 0.3125
Step: 347300, Returns: -12.140, Epsilon: 0.3123
Step: 347400, Returns: -12.120, Epsilon: 0.3121
Step: 347500, Returns: -12.100, Epsilon: 0.3120
Step: 347600, Returns: -12.100, Epsilon: 0.3118
Step: 347700, Returns: -12.100, Epsilon: 0.3116
Step: 347800, Returns: -12.100, Epsilon: 0.3114
Step: 347900, Returns: -12.070, Epsilon: 0.3112
Step: 348000, Returns: -12.090, Epsilon: 0.3110
Step: 348100, Returns: -12.090, Epsilon: 0.3108
Updating target network...
Step: 348200, Returns: -12.090, Epsilon: 0.3106
Step: 348300, Returns: -12.130, Epsilon: 0.3104
Step: 348400, Returns: -12.160, Epsilon: 0.3102
Step: 348500, Returns: -12.220, Epsilon: 0.3100
Step: 348600, Returns: -12.190, Epsilon: 0.3098
Step: 348700, Returns: -12.160, Epsilon: 0.3096
Step: 348800, Returns: -12.160, Epsilon: 0.3094
Step: 348900, Returns: -12.160, Epsilon: 0.3092
Step: 349000, Returns: -12.160, Epsilon: 0.3090
Step: 349100, Returns: -12.200, Epsilon: 0.3088
Step: 349200, Returns: -12.200, Epsilon: 0.3086
Step: 349300, Returns: -12.200, Epsilon: 0.3084
Step: 349400, Returns: -12.200, Epsilon: 0.3082
Step: 349500, Returns: -12.150, Epsilon: 0.3080
Step: 349600, Returns: -12.150, Epsilon: 0.3078
Step: 349700, Returns: -12.150, Epsilon: 0.3076
Step: 349800, Returns: -12.130, Epsilon: 0.3074
Step: 349900, Returns: -12.130, Epsilon: 0.3072
Step: 350000, Returns: -12.130, Epsilon: 0.3070
Step: 350100, Returns: -12.120, Epsilon: 0.3068
Step: 350200, Returns: -12.110, Epsilon: 0.3066
Step: 350300, Returns: -12.110, Epsilon: 0.3064
Step: 350400, Returns: -12.210, Epsilon: 0.3062
Step: 350500, Returns: -12.260, Epsilon: 0.3060
Step: 350600, Returns: -12.310, Epsilon: 0.3058
Updating target network...
Step: 350700, Returns: -12.310, Epsilon: 0.3056
Step: 350800, Returns: -12.310, Epsilon: 0.3054
Step: 350900, Returns: -12.340, Epsilon: 0.3052
Step: 351000, Returns: -12.300, Epsilon: 0.3050
Step: 351100, Returns: -12.240, Epsilon: 0.3048
Step: 351200, Returns: -12.240, Epsilon: 0.3046
Step: 351300, Returns: -12.240, Epsilon: 0.3044
Step: 351400, Returns: -12.240, Epsilon: 0.3042
Step: 351500, Returns: -12.230, Epsilon: 0.3040
Step: 351600, Returns: -12.230, Epsilon: 0.3038
Step: 351700, Returns: -12.300, Epsilon: 0.3036
Step: 351800, Returns: -12.300, Epsilon: 0.3034
Step: 351900, Returns: -12.300, Epsilon: 0.3032
Step: 352000, Returns: -12.300, Epsilon: 0.3030
Step: 352100, Returns: -12.300, Epsilon: 0.3028
Step: 352200, Returns: -12.300, Epsilon: 0.3026
Step: 352300, Returns: -12.300, Epsilon: 0.3024
Step: 352400, Returns: -12.270, Epsilon: 0.3022
Step: 352500, Returns: -12.280, Epsilon: 0.3021
Step: 352600, Returns: -12.310, Epsilon: 0.3019
Step: 352700, Returns: -12.310, Epsilon: 0.3017
Step: 352800, Returns: -12.310, Epsilon: 0.3015
Step: 352900, Returns: -12.310, Epsilon: 0.3013
Step: 353000, Returns: -12.300, Epsilon: 0.3011
Step: 353100, Returns: -12.410, Epsilon: 0.3009
Updating target network...
Step: 353200, Returns: -12.300, Epsilon: 0.3007
Step: 353300, Returns: -12.310, Epsilon: 0.3005
Step: 353400, Returns: -12.240, Epsilon: 0.3003
Step: 353500, Returns: -12.240, Epsilon: 0.3001
Step: 353600, Returns: -12.240, Epsilon: 0.2999
Step: 353700, Returns: -12.140, Epsilon: 0.2997
Step: 353800, Returns: -12.120, Epsilon: 0.2995
Step: 353900, Returns: -12.070, Epsilon: 0.2993
Step: 354000, Returns: -12.070, Epsilon: 0.2991
Step: 354100, Returns: -12.070, Epsilon: 0.2989
Step: 354200, Returns: -12.070, Epsilon: 0.2987
Step: 354300, Returns: -12.060, Epsilon: 0.2985
Step: 354400, Returns: -12.000, Epsilon: 0.2983
Step: 354500, Returns: -12.000, Epsilon: 0.2981
Step: 354600, Returns: -12.000, Epsilon: 0.2979
Step: 354700, Returns: -12.000, Epsilon: 0.2977
Step: 354800, Returns: -12.000, Epsilon: 0.2975
Step: 354900, Returns: -11.930, Epsilon: 0.2973
Step: 355000, Returns: -11.920, Epsilon: 0.2971
Step: 355100, Returns: -11.920, Epsilon: 0.2969
Step: 355200, Returns: -11.920, Epsilon: 0.2967
Step: 355300, Returns: -11.840, Epsilon: 0.2965
Step: 355400, Returns: -11.810, Epsilon: 0.2963
Step: 355500, Returns: -11.810, Epsilon: 0.2961
Step: 355600, Returns: -11.810, Epsilon: 0.2959
Updating target network...
Step: 355700, Returns: -11.840, Epsilon: 0.2957
Step: 355800, Returns: -11.840, Epsilon: 0.2955
Step: 355900, Returns: -11.810, Epsilon: 0.2953
Step: 356000, Returns: -11.810, Epsilon: 0.2951
Step: 356100, Returns: -11.810, Epsilon: 0.2949
Step: 356200, Returns: -11.840, Epsilon: 0.2947
Step: 356300, Returns: -11.840, Epsilon: 0.2945
Step: 356400, Returns: -11.810, Epsilon: 0.2943
Step: 356500, Returns: -11.810, Epsilon: 0.2941
Step: 356600, Returns: -11.740, Epsilon: 0.2939
Step: 356700, Returns: -11.740, Epsilon: 0.2937
Step: 356800, Returns: -11.740, Epsilon: 0.2935
Step: 356900, Returns: -11.780, Epsilon: 0.2933
Step: 357000, Returns: -11.760, Epsilon: 0.2931
Step: 357100, Returns: -11.760, Epsilon: 0.2929
Step: 357200, Returns: -11.760, Epsilon: 0.2927
Step: 357300, Returns: -11.730, Epsilon: 0.2925
Step: 357400, Returns: -11.730, Epsilon: 0.2923
Step: 357500, Returns: -11.730, Epsilon: 0.2922
Step: 357600, Returns: -11.730, Epsilon: 0.2920
Step: 357700, Returns: -11.740, Epsilon: 0.2918
Step: 357800, Returns: -11.740, Epsilon: 0.2916
Step: 357900, Returns: -11.740, Epsilon: 0.2914
Step: 358000, Returns: -11.730, Epsilon: 0.2912
Step: 358100, Returns: -11.750, Epsilon: 0.2910
Updating target network...
Step: 358200, Returns: -11.750, Epsilon: 0.2908
Step: 358300, Returns: -11.750, Epsilon: 0.2906
Step: 358400, Returns: -11.810, Epsilon: 0.2904
Step: 358500, Returns: -11.810, Epsilon: 0.2902
Step: 358600, Returns: -11.750, Epsilon: 0.2900
Step: 358700, Returns: -11.750, Epsilon: 0.2898
Step: 358800, Returns: -11.730, Epsilon: 0.2896
Step: 358900, Returns: -11.680, Epsilon: 0.2894
Step: 359000, Returns: -11.690, Epsilon: 0.2892
Step: 359100, Returns: -11.690, Epsilon: 0.2890
Step: 359200, Returns: -11.660, Epsilon: 0.2888
Step: 359300, Returns: -11.630, Epsilon: 0.2886
Step: 359400, Returns: -11.630, Epsilon: 0.2884
Step: 359500, Returns: -11.630, Epsilon: 0.2882
Step: 359600, Returns: -11.620, Epsilon: 0.2880
Step: 359700, Returns: -11.620, Epsilon: 0.2878
Step: 359800, Returns: -11.620, Epsilon: 0.2876
Step: 359900, Returns: -11.620, Epsilon: 0.2874
Step: 360000, Returns: -11.620, Epsilon: 0.2872
Step: 360100, Returns: -11.620, Epsilon: 0.2870
Step: 360200, Returns: -11.680, Epsilon: 0.2868
Step: 360300, Returns: -11.690, Epsilon: 0.2866
Step: 360400, Returns: -11.690, Epsilon: 0.2864
Step: 360500, Returns: -11.690, Epsilon: 0.2862
Step: 360600, Returns: -11.690, Epsilon: 0.2860
Updating target network...
Step: 360700, Returns: -11.690, Epsilon: 0.2858
Step: 360800, Returns: -11.660, Epsilon: 0.2856
Step: 360900, Returns: -11.670, Epsilon: 0.2854
Step: 361000, Returns: -11.670, Epsilon: 0.2852
Step: 361100, Returns: -11.660, Epsilon: 0.2850
Step: 361200, Returns: -11.600, Epsilon: 0.2848
Step: 361300, Returns: -11.600, Epsilon: 0.2846
Step: 361400, Returns: -11.620, Epsilon: 0.2844
Step: 361500, Returns: -11.620, Epsilon: 0.2842
Step: 361600, Returns: -11.620, Epsilon: 0.2840
Step: 361700, Returns: -11.610, Epsilon: 0.2838
Step: 361800, Returns: -11.620, Epsilon: 0.2836
Step: 361900, Returns: -11.560, Epsilon: 0.2834
Step: 362000, Returns: -11.550, Epsilon: 0.2832
Step: 362100, Returns: -11.550, Epsilon: 0.2830
Step: 362200, Returns: -11.510, Epsilon: 0.2828
Step: 362300, Returns: -11.510, Epsilon: 0.2826
Step: 362400, Returns: -11.510, Epsilon: 0.2824
Step: 362500, Returns: -11.510, Epsilon: 0.2823
Step: 362600, Returns: -11.510, Epsilon: 0.2821
Step: 362700, Returns: -11.510, Epsilon: 0.2819
Step: 362800, Returns: -11.510, Epsilon: 0.2817
Step: 362900, Returns: -11.510, Epsilon: 0.2815
Step: 363000, Returns: -11.510, Epsilon: 0.2813
Step: 363100, Returns: -11.550, Epsilon: 0.2811
Updating target network...
Step: 363200, Returns: -11.630, Epsilon: 0.2809
Step: 363300, Returns: -11.610, Epsilon: 0.2807
Step: 363400, Returns: -11.600, Epsilon: 0.2805
Step: 363500, Returns: -11.640, Epsilon: 0.2803
Step: 363600, Returns: -11.640, Epsilon: 0.2801
Step: 363700, Returns: -11.640, Epsilon: 0.2799
Step: 363800, Returns: -11.640, Epsilon: 0.2797
Step: 363900, Returns: -11.670, Epsilon: 0.2795
Step: 364000, Returns: -11.600, Epsilon: 0.2793
Step: 364100, Returns: -11.560, Epsilon: 0.2791
Step: 364200, Returns: -11.560, Epsilon: 0.2789
Step: 364300, Returns: -11.510, Epsilon: 0.2787
Step: 364400, Returns: -11.510, Epsilon: 0.2785
Step: 364500, Returns: -11.510, Epsilon: 0.2783
Step: 364600, Returns: -11.510, Epsilon: 0.2781
Step: 364700, Returns: -11.570, Epsilon: 0.2779
Step: 364800, Returns: -11.570, Epsilon: 0.2777
Step: 364900, Returns: -11.560, Epsilon: 0.2775
Step: 365000, Returns: -11.560, Epsilon: 0.2773
Step: 365100, Returns: -11.550, Epsilon: 0.2771
Step: 365200, Returns: -11.550, Epsilon: 0.2769
Step: 365300, Returns: -11.550, Epsilon: 0.2767
Step: 365400, Returns: -11.550, Epsilon: 0.2765
Step: 365500, Returns: -11.550, Epsilon: 0.2763
Step: 365600, Returns: -11.590, Epsilon: 0.2761
Updating target network...
Step: 365700, Returns: -11.630, Epsilon: 0.2759
Step: 365800, Returns: -11.630, Epsilon: 0.2757
Step: 365900, Returns: -11.640, Epsilon: 0.2755
Step: 366000, Returns: -11.640, Epsilon: 0.2753
Step: 366100, Returns: -11.640, Epsilon: 0.2751
Step: 366200, Returns: -11.700, Epsilon: 0.2749
Step: 366300, Returns: -11.700, Epsilon: 0.2747
Step: 366400, Returns: -11.650, Epsilon: 0.2745
Step: 366500, Returns: -11.650, Epsilon: 0.2743
Step: 366600, Returns: -11.570, Epsilon: 0.2741
Step: 366700, Returns: -11.500, Epsilon: 0.2739
Step: 366800, Returns: -11.500, Epsilon: 0.2737
Step: 366900, Returns: -11.500, Epsilon: 0.2735
Step: 367000, Returns: -11.500, Epsilon: 0.2733
Step: 367100, Returns: -11.500, Epsilon: 0.2731
Step: 367200, Returns: -11.510, Epsilon: 0.2729
Step: 367300, Returns: -11.510, Epsilon: 0.2727
Step: 367400, Returns: -11.510, Epsilon: 0.2725
Step: 367500, Returns: -11.520, Epsilon: 0.2724
Step: 367600, Returns: -11.520, Epsilon: 0.2722
Step: 367700, Returns: -11.520, Epsilon: 0.2720
Step: 367800, Returns: -11.520, Epsilon: 0.2718
Step: 367900, Returns: -11.490, Epsilon: 0.2716
Step: 368000, Returns: -11.490, Epsilon: 0.2714
Step: 368100, Returns: -11.490, Epsilon: 0.2712
Updating target network...
Step: 368200, Returns: -11.490, Epsilon: 0.2710
Step: 368300, Returns: -11.490, Epsilon: 0.2708
Step: 368400, Returns: -11.620, Epsilon: 0.2706
Step: 368500, Returns: -11.540, Epsilon: 0.2704
Step: 368600, Returns: -11.540, Epsilon: 0.2702
Step: 368700, Returns: -11.570, Epsilon: 0.2700
Step: 368800, Returns: -11.560, Epsilon: 0.2698
Step: 368900, Returns: -11.560, Epsilon: 0.2696
Step: 369000, Returns: -11.560, Epsilon: 0.2694
Step: 369100, Returns: -11.520, Epsilon: 0.2692
Step: 369200, Returns: -11.500, Epsilon: 0.2690
Step: 369300, Returns: -11.500, Epsilon: 0.2688
Step: 369400, Returns: -11.500, Epsilon: 0.2686
Step: 369500, Returns: -11.500, Epsilon: 0.2684
Step: 369600, Returns: -11.600, Epsilon: 0.2682
Step: 369700, Returns: -11.600, Epsilon: 0.2680
Step: 369800, Returns: -11.520, Epsilon: 0.2678
Step: 369900, Returns: -11.520, Epsilon: 0.2676
Step: 370000, Returns: -11.520, Epsilon: 0.2674
Step: 370100, Returns: -11.560, Epsilon: 0.2672
Step: 370200, Returns: -11.560, Epsilon: 0.2670
Step: 370300, Returns: -11.560, Epsilon: 0.2668
Step: 370400, Returns: -11.560, Epsilon: 0.2666
Step: 370500, Returns: -11.440, Epsilon: 0.2664
Step: 370600, Returns: -11.440, Epsilon: 0.2662
Updating target network...
Step: 370700, Returns: -11.390, Epsilon: 0.2660
Step: 370800, Returns: -11.390, Epsilon: 0.2658
Step: 370900, Returns: -11.390, Epsilon: 0.2656
Step: 371000, Returns: -11.420, Epsilon: 0.2654
Step: 371100, Returns: -11.390, Epsilon: 0.2652
Step: 371200, Returns: -11.390, Epsilon: 0.2650
Step: 371300, Returns: -11.390, Epsilon: 0.2648
Step: 371400, Returns: -11.390, Epsilon: 0.2646
Step: 371500, Returns: -11.340, Epsilon: 0.2644
Step: 371600, Returns: -11.270, Epsilon: 0.2642
Step: 371700, Returns: -11.270, Epsilon: 0.2640
Step: 371800, Returns: -11.240, Epsilon: 0.2638
Step: 371900, Returns: -11.290, Epsilon: 0.2636
Step: 372000, Returns: -11.250, Epsilon: 0.2634
Step: 372100, Returns: -11.250, Epsilon: 0.2632
Step: 372200, Returns: -11.250, Epsilon: 0.2630
Step: 372300, Returns: -11.250, Epsilon: 0.2628
Step: 372400, Returns: -11.250, Epsilon: 0.2626
Step: 372500, Returns: -11.250, Epsilon: 0.2625
Step: 372600, Returns: -11.320, Epsilon: 0.2623
Step: 372700, Returns: -11.340, Epsilon: 0.2621
Step: 372800, Returns: -11.340, Epsilon: 0.2619
Step: 372900, Returns: -11.340, Epsilon: 0.2617
Step: 373000, Returns: -11.310, Epsilon: 0.2615
Step: 373100, Returns: -11.330, Epsilon: 0.2613
Updating target network...
Step: 373200, Returns: -11.330, Epsilon: 0.2611
Step: 373300, Returns: -11.310, Epsilon: 0.2609
Step: 373400, Returns: -11.320, Epsilon: 0.2607
Step: 373500, Returns: -11.300, Epsilon: 0.2605
Step: 373600, Returns: -11.300, Epsilon: 0.2603
Step: 373700, Returns: -11.300, Epsilon: 0.2601
Step: 373800, Returns: -11.300, Epsilon: 0.2599
Step: 373900, Returns: -11.320, Epsilon: 0.2597
Step: 374000, Returns: -11.320, Epsilon: 0.2595
Step: 374100, Returns: -11.320, Epsilon: 0.2593
Step: 374200, Returns: -11.330, Epsilon: 0.2591
Step: 374300, Returns: -11.220, Epsilon: 0.2589
Step: 374400, Returns: -11.230, Epsilon: 0.2587
Step: 374500, Returns: -11.230, Epsilon: 0.2585
Step: 374600, Returns: -11.230, Epsilon: 0.2583
Step: 374700, Returns: -11.230, Epsilon: 0.2581
Step: 374800, Returns: -11.210, Epsilon: 0.2579
Step: 374900, Returns: -11.250, Epsilon: 0.2577
Step: 375000, Returns: -11.220, Epsilon: 0.2575
Step: 375100, Returns: -11.220, Epsilon: 0.2573
Step: 375200, Returns: -11.220, Epsilon: 0.2571
Step: 375300, Returns: -11.190, Epsilon: 0.2569
Step: 375400, Returns: -11.190, Epsilon: 0.2567
Step: 375500, Returns: -11.190, Epsilon: 0.2565
Step: 375600, Returns: -11.130, Epsilon: 0.2563
Updating target network...
Step: 375700, Returns: -11.130, Epsilon: 0.2561
Step: 375800, Returns: -11.130, Epsilon: 0.2559
Step: 375900, Returns: -11.170, Epsilon: 0.2557
Step: 376000, Returns: -11.170, Epsilon: 0.2555
Step: 376100, Returns: -11.170, Epsilon: 0.2553
Step: 376200, Returns: -11.160, Epsilon: 0.2551
Step: 376300, Returns: -11.160, Epsilon: 0.2549
Step: 376400, Returns: -11.160, Epsilon: 0.2547
Step: 376500, Returns: -11.160, Epsilon: 0.2545
Step: 376600, Returns: -11.160, Epsilon: 0.2543
Step: 376700, Returns: -11.210, Epsilon: 0.2541
Step: 376800, Returns: -11.090, Epsilon: 0.2539
Step: 376900, Returns: -11.090, Epsilon: 0.2537
Step: 377000, Returns: -11.120, Epsilon: 0.2535
Step: 377100, Returns: -11.120, Epsilon: 0.2533
Step: 377200, Returns: -11.120, Epsilon: 0.2531
Step: 377300, Returns: -11.120, Epsilon: 0.2529
Step: 377400, Returns: -11.110, Epsilon: 0.2527
Step: 377500, Returns: -11.080, Epsilon: 0.2526
Step: 377600, Returns: -11.080, Epsilon: 0.2524
Step: 377700, Returns: -11.110, Epsilon: 0.2522
Step: 377800, Returns: -11.120, Epsilon: 0.2520
Step: 377900, Returns: -11.120, Epsilon: 0.2518
Step: 378000, Returns: -11.140, Epsilon: 0.2516
Step: 378100, Returns: -11.140, Epsilon: 0.2514
Updating target network...
Step: 378200, Returns: -11.100, Epsilon: 0.2512
Step: 378300, Returns: -11.130, Epsilon: 0.2510
Step: 378400, Returns: -11.140, Epsilon: 0.2508
Step: 378500, Returns: -11.140, Epsilon: 0.2506
Step: 378600, Returns: -11.140, Epsilon: 0.2504
Step: 378700, Returns: -11.140, Epsilon: 0.2502
Step: 378800, Returns: -11.050, Epsilon: 0.2500
Step: 378900, Returns: -11.050, Epsilon: 0.2498
Step: 379000, Returns: -11.080, Epsilon: 0.2496
Step: 379100, Returns: -11.080, Epsilon: 0.2494
Step: 379200, Returns: -11.060, Epsilon: 0.2492
Step: 379300, Returns: -11.060, Epsilon: 0.2490
Step: 379400, Returns: -11.060, Epsilon: 0.2488
Step: 379500, Returns: -11.060, Epsilon: 0.2486
Step: 379600, Returns: -11.060, Epsilon: 0.2484
Step: 379700, Returns: -11.060, Epsilon: 0.2482
Step: 379800, Returns: -11.020, Epsilon: 0.2480
Step: 379900, Returns: -10.990, Epsilon: 0.2478
Step: 380000, Returns: -10.990, Epsilon: 0.2476
Step: 380100, Returns: -11.030, Epsilon: 0.2474
Step: 380200, Returns: -11.030, Epsilon: 0.2472
Step: 380300, Returns: -11.030, Epsilon: 0.2470
Step: 380400, Returns: -10.990, Epsilon: 0.2468
Step: 380500, Returns: -10.870, Epsilon: 0.2466
Step: 380600, Returns: -10.870, Epsilon: 0.2464
Updating target network...
Step: 380700, Returns: -10.870, Epsilon: 0.2462
Step: 380800, Returns: -10.870, Epsilon: 0.2460
Step: 380900, Returns: -10.880, Epsilon: 0.2458
Step: 381000, Returns: -10.850, Epsilon: 0.2456
Step: 381100, Returns: -10.850, Epsilon: 0.2454
Step: 381200, Returns: -10.850, Epsilon: 0.2452
Step: 381300, Returns: -10.840, Epsilon: 0.2450
Step: 381400, Returns: -10.880, Epsilon: 0.2448
Step: 381500, Returns: -10.880, Epsilon: 0.2446
Step: 381600, Returns: -10.880, Epsilon: 0.2444
Step: 381700, Returns: -10.880, Epsilon: 0.2442
Step: 381800, Returns: -10.880, Epsilon: 0.2440
Step: 381900, Returns: -10.880, Epsilon: 0.2438
Step: 382000, Returns: -10.880, Epsilon: 0.2436
Step: 382100, Returns: -10.810, Epsilon: 0.2434
Step: 382200, Returns: -10.810, Epsilon: 0.2432
Step: 382300, Returns: -10.840, Epsilon: 0.2430
Step: 382400, Returns: -10.840, Epsilon: 0.2428
Step: 382500, Returns: -10.810, Epsilon: 0.2427
Step: 382600, Returns: -10.810, Epsilon: 0.2425
Step: 382700, Returns: -10.770, Epsilon: 0.2423
Step: 382800, Returns: -10.770, Epsilon: 0.2421
Step: 382900, Returns: -10.770, Epsilon: 0.2419
Step: 383000, Returns: -10.590, Epsilon: 0.2417
Step: 383100, Returns: -10.600, Epsilon: 0.2415
Updating target network...
Step: 383200, Returns: -10.490, Epsilon: 0.2413
Step: 383300, Returns: -10.490, Epsilon: 0.2411
Step: 383400, Returns: -10.520, Epsilon: 0.2409
Step: 383500, Returns: -10.500, Epsilon: 0.2407
Step: 383600, Returns: -10.500, Epsilon: 0.2405
Step: 383700, Returns: -10.480, Epsilon: 0.2403
Step: 383800, Returns: -10.480, Epsilon: 0.2401
Step: 383900, Returns: -10.500, Epsilon: 0.2399
Step: 384000, Returns: -10.500, Epsilon: 0.2397
Step: 384100, Returns: -10.500, Epsilon: 0.2395
Step: 384200, Returns: -10.500, Epsilon: 0.2393
Step: 384300, Returns: -10.500, Epsilon: 0.2391
Step: 384400, Returns: -10.500, Epsilon: 0.2389
Step: 384500, Returns: -10.500, Epsilon: 0.2387
Step: 384600, Returns: -10.500, Epsilon: 0.2385
Step: 384700, Returns: -10.500, Epsilon: 0.2383
Step: 384800, Returns: -10.500, Epsilon: 0.2381
Step: 384900, Returns: -10.500, Epsilon: 0.2379
Step: 385000, Returns: -10.500, Epsilon: 0.2377
Step: 385100, Returns: -10.500, Epsilon: 0.2375
Step: 385200, Returns: -10.500, Epsilon: 0.2373
Step: 385300, Returns: -10.420, Epsilon: 0.2371
Step: 385400, Returns: -10.420, Epsilon: 0.2369
Step: 385500, Returns: -10.390, Epsilon: 0.2367
Step: 385600, Returns: -10.390, Epsilon: 0.2365
Updating target network...
Step: 385700, Returns: -10.390, Epsilon: 0.2363
Step: 385800, Returns: -10.370, Epsilon: 0.2361
Step: 385900, Returns: -10.370, Epsilon: 0.2359
Step: 386000, Returns: -10.480, Epsilon: 0.2357
Step: 386100, Returns: -10.390, Epsilon: 0.2355
Step: 386200, Returns: -10.390, Epsilon: 0.2353
Step: 386300, Returns: -10.390, Epsilon: 0.2351
Step: 386400, Returns: -10.390, Epsilon: 0.2349
Step: 386500, Returns: -10.390, Epsilon: 0.2347
Step: 386600, Returns: -10.440, Epsilon: 0.2345
Step: 386700, Returns: -10.440, Epsilon: 0.2343
Step: 386800, Returns: -10.490, Epsilon: 0.2341
Step: 386900, Returns: -10.490, Epsilon: 0.2339
Step: 387000, Returns: -10.490, Epsilon: 0.2337
Step: 387100, Returns: -10.430, Epsilon: 0.2335
Step: 387200, Returns: -10.430, Epsilon: 0.2333
Step: 387300, Returns: -10.430, Epsilon: 0.2331
Step: 387400, Returns: -10.430, Epsilon: 0.2329
Step: 387500, Returns: -10.430, Epsilon: 0.2328
Step: 387600, Returns: -10.430, Epsilon: 0.2326
Step: 387700, Returns: -10.430, Epsilon: 0.2324
Step: 387800, Returns: -10.430, Epsilon: 0.2322
Step: 387900, Returns: -10.420, Epsilon: 0.2320
Step: 388000, Returns: -10.420, Epsilon: 0.2318
Step: 388100, Returns: -10.420, Epsilon: 0.2316
Updating target network...
Step: 388200, Returns: -10.510, Epsilon: 0.2314
Step: 388300, Returns: -10.650, Epsilon: 0.2312
Step: 388400, Returns: -10.720, Epsilon: 0.2310
Step: 388500, Returns: -10.790, Epsilon: 0.2308
Step: 388600, Returns: -10.790, Epsilon: 0.2306
Step: 388700, Returns: -10.810, Epsilon: 0.2304
Step: 388800, Returns: -10.790, Epsilon: 0.2302
Step: 388900, Returns: -10.790, Epsilon: 0.2300
Step: 389000, Returns: -10.790, Epsilon: 0.2298
Step: 389100, Returns: -10.810, Epsilon: 0.2296
Step: 389200, Returns: -10.810, Epsilon: 0.2294
Step: 389300, Returns: -10.810, Epsilon: 0.2292
Step: 389400, Returns: -10.820, Epsilon: 0.2290
Step: 389500, Returns: -10.820, Epsilon: 0.2288
Step: 389600, Returns: -10.820, Epsilon: 0.2286
Step: 389700, Returns: -10.820, Epsilon: 0.2284
Step: 389800, Returns: -10.820, Epsilon: 0.2282
Step: 389900, Returns: -10.820, Epsilon: 0.2280
Step: 390000, Returns: -10.770, Epsilon: 0.2278
Step: 390100, Returns: -10.770, Epsilon: 0.2276
Step: 390200, Returns: -10.770, Epsilon: 0.2274
Step: 390300, Returns: -10.770, Epsilon: 0.2272
Step: 390400, Returns: -10.830, Epsilon: 0.2270
Step: 390500, Returns: -10.870, Epsilon: 0.2268
Step: 390600, Returns: -10.870, Epsilon: 0.2266
Updating target network...
Step: 390700, Returns: -10.870, Epsilon: 0.2264
Step: 390800, Returns: -10.870, Epsilon: 0.2262
Step: 390900, Returns: -10.870, Epsilon: 0.2260
Step: 391000, Returns: -10.900, Epsilon: 0.2258
Step: 391100, Returns: -10.890, Epsilon: 0.2256
Step: 391200, Returns: -10.800, Epsilon: 0.2254
Step: 391300, Returns: -10.760, Epsilon: 0.2252
Step: 391400, Returns: -10.770, Epsilon: 0.2250
Step: 391500, Returns: -10.770, Epsilon: 0.2248
Step: 391600, Returns: -10.710, Epsilon: 0.2246
Step: 391700, Returns: -10.710, Epsilon: 0.2244
Step: 391800, Returns: -10.710, Epsilon: 0.2242
Step: 391900, Returns: -10.710, Epsilon: 0.2240
Step: 392000, Returns: -10.720, Epsilon: 0.2238
Step: 392100, Returns: -10.720, Epsilon: 0.2236
Step: 392200, Returns: -10.750, Epsilon: 0.2234
Step: 392300, Returns: -10.750, Epsilon: 0.2232
Step: 392400, Returns: -10.730, Epsilon: 0.2230
Step: 392500, Returns: -10.730, Epsilon: 0.2229
Step: 392600, Returns: -10.730, Epsilon: 0.2227
Step: 392700, Returns: -10.730, Epsilon: 0.2225
Step: 392800, Returns: -10.700, Epsilon: 0.2223
Step: 392900, Returns: -10.670, Epsilon: 0.2221
Step: 393000, Returns: -10.550, Epsilon: 0.2219
Step: 393100, Returns: -10.550, Epsilon: 0.2217
Updating target network...
Step: 393200, Returns: -10.550, Epsilon: 0.2215
Step: 393300, Returns: -10.550, Epsilon: 0.2213
Step: 393400, Returns: -10.570, Epsilon: 0.2211
Step: 393500, Returns: -10.570, Epsilon: 0.2209
Step: 393600, Returns: -10.570, Epsilon: 0.2207
Step: 393700, Returns: -10.570, Epsilon: 0.2205
Step: 393800, Returns: -10.560, Epsilon: 0.2203
Step: 393900, Returns: -10.560, Epsilon: 0.2201
Step: 394000, Returns: -10.560, Epsilon: 0.2199
Step: 394100, Returns: -10.570, Epsilon: 0.2197
Step: 394200, Returns: -10.570, Epsilon: 0.2195
Step: 394300, Returns: -10.570, Epsilon: 0.2193
Step: 394400, Returns: -10.480, Epsilon: 0.2191
Step: 394500, Returns: -10.290, Epsilon: 0.2189
Step: 394600, Returns: -10.170, Epsilon: 0.2187
Step: 394700, Returns: -10.170, Epsilon: 0.2185
Step: 394800, Returns: -10.170, Epsilon: 0.2183
Step: 394900, Returns: -10.170, Epsilon: 0.2181
Step: 395000, Returns: -10.150, Epsilon: 0.2179
Step: 395100, Returns: -10.150, Epsilon: 0.2177
Step: 395200, Returns: -10.160, Epsilon: 0.2175
Step: 395300, Returns: -10.160, Epsilon: 0.2173
Step: 395400, Returns: -10.160, Epsilon: 0.2171
Step: 395500, Returns: -10.160, Epsilon: 0.2169
Step: 395600, Returns: -10.160, Epsilon: 0.2167
Updating target network...
Step: 395700, Returns: -10.160, Epsilon: 0.2165
Step: 395800, Returns: -10.160, Epsilon: 0.2163
Step: 395900, Returns: -10.130, Epsilon: 0.2161
Step: 396000, Returns: -10.130, Epsilon: 0.2159
Step: 396100, Returns: -10.060, Epsilon: 0.2157
Step: 396200, Returns: -10.050, Epsilon: 0.2155
Step: 396300, Returns: -10.030, Epsilon: 0.2153
Step: 396400, Returns: -10.030, Epsilon: 0.2151
Step: 396500, Returns: -10.030, Epsilon: 0.2149
Step: 396600, Returns: -10.120, Epsilon: 0.2147
Step: 396700, Returns: -10.120, Epsilon: 0.2145
Step: 396800, Returns: -10.120, Epsilon: 0.2143
Step: 396900, Returns: -10.120, Epsilon: 0.2141
Step: 397000, Returns: -10.120, Epsilon: 0.2139
Step: 397100, Returns: -10.120, Epsilon: 0.2137
Step: 397200, Returns: -10.120, Epsilon: 0.2135
Step: 397300, Returns: -10.120, Epsilon: 0.2133
Step: 397400, Returns: -10.120, Epsilon: 0.2131
Step: 397500, Returns: -10.060, Epsilon: 0.2130
Step: 397600, Returns: -9.980, Epsilon: 0.2128
Step: 397700, Returns: -9.980, Epsilon: 0.2126
Step: 397800, Returns: -9.980, Epsilon: 0.2124
Step: 397900, Returns: -9.980, Epsilon: 0.2122
Step: 398000, Returns: -9.790, Epsilon: 0.2120
Step: 398100, Returns: -9.670, Epsilon: 0.2118
Updating target network...
Step: 398200, Returns: -9.650, Epsilon: 0.2116
Step: 398300, Returns: -9.650, Epsilon: 0.2114
Step: 398400, Returns: -9.650, Epsilon: 0.2112
Step: 398500, Returns: -9.620, Epsilon: 0.2110
Step: 398600, Returns: -9.620, Epsilon: 0.2108
Step: 398700, Returns: -9.620, Epsilon: 0.2106
Step: 398800, Returns: -9.720, Epsilon: 0.2104
Step: 398900, Returns: -9.660, Epsilon: 0.2102
Step: 399000, Returns: -9.720, Epsilon: 0.2100
Step: 399100, Returns: -9.720, Epsilon: 0.2098
Step: 399200, Returns: -9.720, Epsilon: 0.2096
Step: 399300, Returns: -9.720, Epsilon: 0.2094
Step: 399400, Returns: -9.720, Epsilon: 0.2092
Step: 399500, Returns: -9.630, Epsilon: 0.2090
Step: 399600, Returns: -9.630, Epsilon: 0.2088
Step: 399700, Returns: -9.630, Epsilon: 0.2086
Step: 399800, Returns: -9.630, Epsilon: 0.2084
Step: 399900, Returns: -9.630, Epsilon: 0.2082
Step: 400000, Returns: -9.630, Epsilon: 0.2080
Step: 400100, Returns: -9.660, Epsilon: 0.2078
Step: 400200, Returns: -9.660, Epsilon: 0.2076
Step: 400300, Returns: -9.660, Epsilon: 0.2074
Step: 400400, Returns: -9.660, Epsilon: 0.2072
Step: 400500, Returns: -9.630, Epsilon: 0.2070
Step: 400600, Returns: -9.630, Epsilon: 0.2068
Updating target network...
Step: 400700, Returns: -9.630, Epsilon: 0.2066
Step: 400800, Returns: -9.630, Epsilon: 0.2064
Step: 400900, Returns: -9.760, Epsilon: 0.2062
Step: 401000, Returns: -9.770, Epsilon: 0.2060
Step: 401100, Returns: -9.700, Epsilon: 0.2058
Step: 401200, Returns: -9.740, Epsilon: 0.2056
Step: 401300, Returns: -9.740, Epsilon: 0.2054
Step: 401400, Returns: -9.740, Epsilon: 0.2052
Step: 401500, Returns: -9.700, Epsilon: 0.2050
Step: 401600, Returns: -9.630, Epsilon: 0.2048
Step: 401700, Returns: -9.630, Epsilon: 0.2046
Step: 401800, Returns: -9.590, Epsilon: 0.2044
Step: 401900, Returns: -9.590, Epsilon: 0.2042
Step: 402000, Returns: -9.610, Epsilon: 0.2040
Step: 402100, Returns: -9.610, Epsilon: 0.2038
Step: 402200, Returns: -9.630, Epsilon: 0.2036
Step: 402300, Returns: -9.630, Epsilon: 0.2034
Step: 402400, Returns: -9.630, Epsilon: 0.2032
Step: 402500, Returns: -9.520, Epsilon: 0.2031
Step: 402600, Returns: -9.520, Epsilon: 0.2029
Step: 402700, Returns: -9.520, Epsilon: 0.2027
Step: 402800, Returns: -9.540, Epsilon: 0.2025
Step: 402900, Returns: -9.540, Epsilon: 0.2023
Step: 403000, Returns: -9.540, Epsilon: 0.2021
Step: 403100, Returns: -9.540, Epsilon: 0.2019
Updating target network...
Step: 403200, Returns: -9.450, Epsilon: 0.2017
Step: 403300, Returns: -9.450, Epsilon: 0.2015
Step: 403400, Returns: -9.470, Epsilon: 0.2013
Step: 403500, Returns: -9.470, Epsilon: 0.2011
Step: 403600, Returns: -9.400, Epsilon: 0.2009
Step: 403700, Returns: -9.400, Epsilon: 0.2007
Step: 403800, Returns: -9.400, Epsilon: 0.2005
Step: 403900, Returns: -9.390, Epsilon: 0.2003
Step: 404000, Returns: -9.380, Epsilon: 0.2001
Step: 404100, Returns: -9.380, Epsilon: 0.1999
Step: 404200, Returns: -9.350, Epsilon: 0.1997
Step: 404300, Returns: -9.350, Epsilon: 0.1995
Step: 404400, Returns: -9.340, Epsilon: 0.1993
Step: 404500, Returns: -9.340, Epsilon: 0.1991
Step: 404600, Returns: -9.280, Epsilon: 0.1989
Step: 404700, Returns: -9.280, Epsilon: 0.1987
Step: 404800, Returns: -9.280, Epsilon: 0.1985
Step: 404900, Returns: -9.280, Epsilon: 0.1983
Step: 405000, Returns: -9.170, Epsilon: 0.1981
Step: 405100, Returns: -9.170, Epsilon: 0.1979
Step: 405200, Returns: -9.160, Epsilon: 0.1977
Step: 405300, Returns: -9.160, Epsilon: 0.1975
Step: 405400, Returns: -9.160, Epsilon: 0.1973
Step: 405500, Returns: -9.160, Epsilon: 0.1971
Step: 405600, Returns: -9.160, Epsilon: 0.1969
Updating target network...
Step: 405700, Returns: -9.160, Epsilon: 0.1967
Step: 405800, Returns: -9.130, Epsilon: 0.1965
Step: 405900, Returns: -9.130, Epsilon: 0.1963
Step: 406000, Returns: -9.130, Epsilon: 0.1961
Step: 406100, Returns: -9.040, Epsilon: 0.1959
Step: 406200, Returns: -9.040, Epsilon: 0.1957
Step: 406300, Returns: -8.990, Epsilon: 0.1955
Step: 406400, Returns: -8.990, Epsilon: 0.1953
Step: 406500, Returns: -8.990, Epsilon: 0.1951
Step: 406600, Returns: -8.990, Epsilon: 0.1949
Step: 406700, Returns: -8.960, Epsilon: 0.1947
Step: 406800, Returns: -8.960, Epsilon: 0.1945
Step: 406900, Returns: -8.960, Epsilon: 0.1943
Step: 407000, Returns: -8.960, Epsilon: 0.1941
Step: 407100, Returns: -8.900, Epsilon: 0.1939
Step: 407200, Returns: -8.900, Epsilon: 0.1937
Step: 407300, Returns: -8.900, Epsilon: 0.1935
Step: 407400, Returns: -8.900, Epsilon: 0.1933
Step: 407500, Returns: -8.830, Epsilon: 0.1932
Step: 407600, Returns: -8.870, Epsilon: 0.1930
Step: 407700, Returns: -8.760, Epsilon: 0.1928
Step: 407800, Returns: -8.760, Epsilon: 0.1926
Step: 407900, Returns: -8.690, Epsilon: 0.1924
Step: 408000, Returns: -8.690, Epsilon: 0.1922
Step: 408100, Returns: -8.690, Epsilon: 0.1920
Updating target network...
Step: 408200, Returns: -8.570, Epsilon: 0.1918
Step: 408300, Returns: -8.570, Epsilon: 0.1916
Step: 408400, Returns: -8.570, Epsilon: 0.1914
Step: 408500, Returns: -8.570, Epsilon: 0.1912
Step: 408600, Returns: -8.570, Epsilon: 0.1910
Step: 408700, Returns: -8.570, Epsilon: 0.1908
Step: 408800, Returns: -8.330, Epsilon: 0.1906
Step: 408900, Returns: -8.330, Epsilon: 0.1904
Step: 409000, Returns: -8.280, Epsilon: 0.1902
Step: 409100, Returns: -8.200, Epsilon: 0.1900
Step: 409200, Returns: -8.200, Epsilon: 0.1898
Step: 409300, Returns: -8.200, Epsilon: 0.1896
Step: 409400, Returns: -8.200, Epsilon: 0.1894
Step: 409500, Returns: -8.210, Epsilon: 0.1892
Step: 409600, Returns: -8.210, Epsilon: 0.1890
Step: 409700, Returns: -8.210, Epsilon: 0.1888
Step: 409800, Returns: -8.240, Epsilon: 0.1886
Step: 409900, Returns: -8.240, Epsilon: 0.1884
Step: 410000, Returns: -8.260, Epsilon: 0.1882
Step: 410100, Returns: -8.240, Epsilon: 0.1880
Step: 410200, Returns: -8.240, Epsilon: 0.1878
Step: 410300, Returns: -8.240, Epsilon: 0.1876
Step: 410400, Returns: -8.240, Epsilon: 0.1874
Step: 410500, Returns: -8.240, Epsilon: 0.1872
Step: 410600, Returns: -8.240, Epsilon: 0.1870
Updating target network...
Step: 410700, Returns: -8.240, Epsilon: 0.1868
Step: 410800, Returns: -8.240, Epsilon: 0.1866
Step: 410900, Returns: -8.210, Epsilon: 0.1864
Step: 411000, Returns: -8.180, Epsilon: 0.1862
Step: 411100, Returns: -8.150, Epsilon: 0.1860
Step: 411200, Returns: -7.990, Epsilon: 0.1858
Step: 411300, Returns: -7.990, Epsilon: 0.1856
Step: 411400, Returns: -7.990, Epsilon: 0.1854
Step: 411500, Returns: -7.990, Epsilon: 0.1852
Step: 411600, Returns: -7.940, Epsilon: 0.1850
Step: 411700, Returns: -8.070, Epsilon: 0.1848
Step: 411800, Returns: -8.070, Epsilon: 0.1846
Step: 411900, Returns: -8.060, Epsilon: 0.1844
Step: 412000, Returns: -8.060, Epsilon: 0.1842
Step: 412100, Returns: -8.060, Epsilon: 0.1840
Step: 412200, Returns: -8.060, Epsilon: 0.1838
Step: 412300, Returns: -7.760, Epsilon: 0.1836
Step: 412400, Returns: -7.760, Epsilon: 0.1834
Step: 412500, Returns: -7.760, Epsilon: 0.1833
Step: 412600, Returns: -7.760, Epsilon: 0.1831
Step: 412700, Returns: -7.760, Epsilon: 0.1829
Step: 412800, Returns: -7.760, Epsilon: 0.1827
Step: 412900, Returns: -7.760, Epsilon: 0.1825
Step: 413000, Returns: -7.760, Epsilon: 0.1823
Step: 413100, Returns: -7.750, Epsilon: 0.1821
Updating target network...
Step: 413200, Returns: -7.750, Epsilon: 0.1819
Step: 413300, Returns: -7.670, Epsilon: 0.1817
Step: 413400, Returns: -7.670, Epsilon: 0.1815
Step: 413500, Returns: -7.620, Epsilon: 0.1813
Step: 413600, Returns: -7.620, Epsilon: 0.1811
Step: 413700, Returns: -7.620, Epsilon: 0.1809
Step: 413800, Returns: -7.620, Epsilon: 0.1807
Step: 413900, Returns: -7.690, Epsilon: 0.1805
Step: 414000, Returns: -7.690, Epsilon: 0.1803
Step: 414100, Returns: -7.690, Epsilon: 0.1801
Step: 414200, Returns: -7.690, Epsilon: 0.1799
Step: 414300, Returns: -7.690, Epsilon: 0.1797
Step: 414400, Returns: -7.640, Epsilon: 0.1795
Step: 414500, Returns: -7.670, Epsilon: 0.1793
Step: 414600, Returns: -7.670, Epsilon: 0.1791
Step: 414700, Returns: -7.670, Epsilon: 0.1789
Step: 414800, Returns: -7.670, Epsilon: 0.1787
Step: 414900, Returns: -7.670, Epsilon: 0.1785
Step: 415000, Returns: -7.600, Epsilon: 0.1783
Step: 415100, Returns: -7.530, Epsilon: 0.1781
Step: 415200, Returns: -7.530, Epsilon: 0.1779
Step: 415300, Returns: -7.530, Epsilon: 0.1777
Step: 415400, Returns: -7.470, Epsilon: 0.1775
Step: 415500, Returns: -7.360, Epsilon: 0.1773
Step: 415600, Returns: -7.210, Epsilon: 0.1771
Updating target network...
Step: 415700, Returns: -7.210, Epsilon: 0.1769
Step: 415800, Returns: -7.290, Epsilon: 0.1767
Step: 415900, Returns: -7.290, Epsilon: 0.1765
Step: 416000, Returns: -7.290, Epsilon: 0.1763
Step: 416100, Returns: -7.290, Epsilon: 0.1761
Step: 416200, Returns: -7.290, Epsilon: 0.1759
Step: 416300, Returns: -7.290, Epsilon: 0.1757
Step: 416400, Returns: -7.290, Epsilon: 0.1755
Step: 416500, Returns: -7.280, Epsilon: 0.1753
Step: 416600, Returns: -7.280, Epsilon: 0.1751
Step: 416700, Returns: -7.290, Epsilon: 0.1749
Step: 416800, Returns: -7.290, Epsilon: 0.1747
Step: 416900, Returns: -7.300, Epsilon: 0.1745
Step: 417000, Returns: -7.310, Epsilon: 0.1743
Step: 417100, Returns: -7.320, Epsilon: 0.1741
Step: 417200, Returns: -7.320, Epsilon: 0.1739
Step: 417300, Returns: -7.310, Epsilon: 0.1737
Step: 417400, Returns: -7.310, Epsilon: 0.1735
Step: 417500, Returns: -7.330, Epsilon: 0.1734
Step: 417600, Returns: -7.290, Epsilon: 0.1732
Step: 417700, Returns: -7.160, Epsilon: 0.1730
Step: 417800, Returns: -7.160, Epsilon: 0.1728
Step: 417900, Returns: -7.160, Epsilon: 0.1726
Step: 418000, Returns: -7.110, Epsilon: 0.1724
Step: 418100, Returns: -7.130, Epsilon: 0.1722
Updating target network...
Step: 418200, Returns: -7.080, Epsilon: 0.1720
Step: 418300, Returns: -7.080, Epsilon: 0.1718
Step: 418400, Returns: -7.080, Epsilon: 0.1716
Step: 418500, Returns: -7.110, Epsilon: 0.1714
Step: 418600, Returns: -7.110, Epsilon: 0.1712
Step: 418700, Returns: -7.110, Epsilon: 0.1710
Step: 418800, Returns: -7.110, Epsilon: 0.1708
Step: 418900, Returns: -7.110, Epsilon: 0.1706
Step: 419000, Returns: -7.090, Epsilon: 0.1704
Step: 419100, Returns: -7.090, Epsilon: 0.1702
Step: 419200, Returns: -7.090, Epsilon: 0.1700
Step: 419300, Returns: -7.090, Epsilon: 0.1698
Step: 419400, Returns: -6.980, Epsilon: 0.1696
Step: 419500, Returns: -7.020, Epsilon: 0.1694
Step: 419600, Returns: -6.950, Epsilon: 0.1692
Step: 419700, Returns: -6.950, Epsilon: 0.1690
Step: 419800, Returns: -6.950, Epsilon: 0.1688
Step: 419900, Returns: -6.950, Epsilon: 0.1686
Step: 420000, Returns: -6.960, Epsilon: 0.1684
Step: 420100, Returns: -6.960, Epsilon: 0.1682
Step: 420200, Returns: -6.960, Epsilon: 0.1680
Step: 420300, Returns: -6.960, Epsilon: 0.1678
Step: 420400, Returns: -6.960, Epsilon: 0.1676
Step: 420500, Returns: -6.870, Epsilon: 0.1674
Step: 420600, Returns: -6.870, Epsilon: 0.1672
Updating target network...
Step: 420700, Returns: -6.740, Epsilon: 0.1670
Step: 420800, Returns: -6.740, Epsilon: 0.1668
Step: 420900, Returns: -6.670, Epsilon: 0.1666
Step: 421000, Returns: -6.670, Epsilon: 0.1664
Step: 421100, Returns: -6.670, Epsilon: 0.1662
Step: 421200, Returns: -6.670, Epsilon: 0.1660
Step: 421300, Returns: -6.620, Epsilon: 0.1658
Step: 421400, Returns: -6.620, Epsilon: 0.1656
Step: 421500, Returns: -6.510, Epsilon: 0.1654
Step: 421600, Returns: -6.510, Epsilon: 0.1652
Step: 421700, Returns: -6.510, Epsilon: 0.1650
Step: 421800, Returns: -6.510, Epsilon: 0.1648
Step: 421900, Returns: -6.490, Epsilon: 0.1646
Step: 422000, Returns: -6.430, Epsilon: 0.1644
Step: 422100, Returns: -6.430, Epsilon: 0.1642
Step: 422200, Returns: -6.410, Epsilon: 0.1640
Step: 422300, Returns: -6.410, Epsilon: 0.1638
Step: 422400, Returns: -6.410, Epsilon: 0.1636
Step: 422500, Returns: -6.470, Epsilon: 0.1635
Step: 422600, Returns: -6.470, Epsilon: 0.1633
Step: 422700, Returns: -6.410, Epsilon: 0.1631
Step: 422800, Returns: -6.410, Epsilon: 0.1629
Step: 422900, Returns: -6.340, Epsilon: 0.1627
Step: 423000, Returns: -6.260, Epsilon: 0.1625
Step: 423100, Returns: -6.260, Epsilon: 0.1623
Updating target network...
Step: 423200, Returns: -6.190, Epsilon: 0.1621
Step: 423300, Returns: -6.190, Epsilon: 0.1619
Step: 423400, Returns: -6.190, Epsilon: 0.1617
Step: 423500, Returns: -6.150, Epsilon: 0.1615
Step: 423600, Returns: -6.150, Epsilon: 0.1613
Step: 423700, Returns: -6.150, Epsilon: 0.1611
Step: 423800, Returns: -6.150, Epsilon: 0.1609
Step: 423900, Returns: -6.150, Epsilon: 0.1607
Step: 424000, Returns: -6.150, Epsilon: 0.1605
Step: 424100, Returns: -6.150, Epsilon: 0.1603
Step: 424200, Returns: -6.120, Epsilon: 0.1601
Step: 424300, Returns: -6.110, Epsilon: 0.1599
Step: 424400, Returns: -5.990, Epsilon: 0.1597
Step: 424500, Returns: -5.990, Epsilon: 0.1595
Step: 424600, Returns: -5.990, Epsilon: 0.1593
Step: 424700, Returns: -6.070, Epsilon: 0.1591
Step: 424800, Returns: -6.070, Epsilon: 0.1589
Step: 424900, Returns: -6.030, Epsilon: 0.1587
Step: 425000, Returns: -6.030, Epsilon: 0.1585
Step: 425100, Returns: -5.980, Epsilon: 0.1583
Step: 425200, Returns: -5.980, Epsilon: 0.1581
Step: 425300, Returns: -5.960, Epsilon: 0.1579
Step: 425400, Returns: -5.960, Epsilon: 0.1577
Step: 425500, Returns: -5.930, Epsilon: 0.1575
Step: 425600, Returns: -5.930, Epsilon: 0.1573
Updating target network...
Step: 425700, Returns: -5.930, Epsilon: 0.1571
Step: 425800, Returns: -5.930, Epsilon: 0.1569
Step: 425900, Returns: -5.930, Epsilon: 0.1567
Step: 426000, Returns: -5.930, Epsilon: 0.1565
Step: 426100, Returns: -5.900, Epsilon: 0.1563
Step: 426200, Returns: -5.830, Epsilon: 0.1561
Step: 426300, Returns: -5.770, Epsilon: 0.1559
Step: 426400, Returns: -5.770, Epsilon: 0.1557
Step: 426500, Returns: -5.770, Epsilon: 0.1555
Step: 426600, Returns: -5.770, Epsilon: 0.1553
Step: 426700, Returns: -5.770, Epsilon: 0.1551
Step: 426800, Returns: -5.820, Epsilon: 0.1549
Step: 426900, Returns: -5.820, Epsilon: 0.1547
Step: 427000, Returns: -5.820, Epsilon: 0.1545
Step: 427100, Returns: -5.820, Epsilon: 0.1543
Step: 427200, Returns: -5.820, Epsilon: 0.1541
Step: 427300, Returns: -5.810, Epsilon: 0.1539
Step: 427400, Returns: -5.840, Epsilon: 0.1537
Step: 427500, Returns: -5.840, Epsilon: 0.1536
Step: 427600, Returns: -5.760, Epsilon: 0.1534
Step: 427700, Returns: -5.760, Epsilon: 0.1532
Step: 427800, Returns: -5.760, Epsilon: 0.1530
Step: 427900, Returns: -5.760, Epsilon: 0.1528
Step: 428000, Returns: -5.760, Epsilon: 0.1526
Step: 428100, Returns: -5.760, Epsilon: 0.1524
Updating target network...
Step: 428200, Returns: -5.690, Epsilon: 0.1522
Step: 428300, Returns: -5.690, Epsilon: 0.1520
Step: 428400, Returns: -5.690, Epsilon: 0.1518
Step: 428500, Returns: -5.700, Epsilon: 0.1516
Step: 428600, Returns: -5.640, Epsilon: 0.1514
Step: 428700, Returns: -5.640, Epsilon: 0.1512
Step: 428800, Returns: -5.610, Epsilon: 0.1510
Step: 428900, Returns: -5.610, Epsilon: 0.1508
Step: 429000, Returns: -5.610, Epsilon: 0.1506
Step: 429100, Returns: -5.580, Epsilon: 0.1504
Step: 429200, Returns: -5.480, Epsilon: 0.1502
Step: 429300, Returns: -5.510, Epsilon: 0.1500
Step: 429400, Returns: -5.530, Epsilon: 0.1498
Step: 429500, Returns: -5.350, Epsilon: 0.1496
Step: 429600, Returns: -5.350, Epsilon: 0.1494
Step: 429700, Returns: -5.270, Epsilon: 0.1492
Step: 429800, Returns: -5.270, Epsilon: 0.1490
Step: 429900, Returns: -5.270, Epsilon: 0.1488
Step: 430000, Returns: -5.270, Epsilon: 0.1486
Step: 430100, Returns: -5.270, Epsilon: 0.1484
Step: 430200, Returns: -5.260, Epsilon: 0.1482
Step: 430300, Returns: -5.260, Epsilon: 0.1480
Step: 430400, Returns: -5.230, Epsilon: 0.1478
Step: 430500, Returns: -5.230, Epsilon: 0.1476
Step: 430600, Returns: -5.170, Epsilon: 0.1474
Updating target network...
Step: 430700, Returns: -5.170, Epsilon: 0.1472
Step: 430800, Returns: -5.170, Epsilon: 0.1470
Step: 430900, Returns: -5.170, Epsilon: 0.1468
Step: 431000, Returns: -5.120, Epsilon: 0.1466
Step: 431100, Returns: -5.130, Epsilon: 0.1464
Step: 431200, Returns: -5.130, Epsilon: 0.1462
Step: 431300, Returns: -5.130, Epsilon: 0.1460
Step: 431400, Returns: -5.260, Epsilon: 0.1458
Step: 431500, Returns: -5.260, Epsilon: 0.1456
Step: 431600, Returns: -5.260, Epsilon: 0.1454
Step: 431700, Returns: -5.260, Epsilon: 0.1452
Step: 431800, Returns: -5.260, Epsilon: 0.1450
Step: 431900, Returns: -5.240, Epsilon: 0.1448
Step: 432000, Returns: -5.160, Epsilon: 0.1446
Step: 432100, Returns: -5.340, Epsilon: 0.1444
Step: 432200, Returns: -5.340, Epsilon: 0.1442
Step: 432300, Returns: -5.340, Epsilon: 0.1440
Step: 432400, Returns: -5.340, Epsilon: 0.1438
Step: 432500, Returns: -5.340, Epsilon: 0.1437
Step: 432600, Returns: -5.340, Epsilon: 0.1435
Step: 432700, Returns: -5.340, Epsilon: 0.1433
Step: 432800, Returns: -5.210, Epsilon: 0.1431
Step: 432900, Returns: -5.210, Epsilon: 0.1429
Step: 433000, Returns: -5.210, Epsilon: 0.1427
Step: 433100, Returns: -5.240, Epsilon: 0.1425
Updating target network...
Step: 433200, Returns: -5.240, Epsilon: 0.1423
Step: 433300, Returns: -5.240, Epsilon: 0.1421
Step: 433400, Returns: -5.240, Epsilon: 0.1419
Step: 433500, Returns: -5.360, Epsilon: 0.1417
Step: 433600, Returns: -5.360, Epsilon: 0.1415
Step: 433700, Returns: -5.360, Epsilon: 0.1413
Step: 433800, Returns: -5.360, Epsilon: 0.1411
Step: 433900, Returns: -5.360, Epsilon: 0.1409
Step: 434000, Returns: -5.360, Epsilon: 0.1407
Step: 434100, Returns: -5.140, Epsilon: 0.1405
Step: 434200, Returns: -5.140, Epsilon: 0.1403
Step: 434300, Returns: -5.140, Epsilon: 0.1401
Step: 434400, Returns: -5.100, Epsilon: 0.1399
Step: 434500, Returns: -5.100, Epsilon: 0.1397
Step: 434600, Returns: -5.100, Epsilon: 0.1395
Step: 434700, Returns: -5.170, Epsilon: 0.1393
Step: 434800, Returns: -5.150, Epsilon: 0.1391
Step: 434900, Returns: -5.150, Epsilon: 0.1389
Step: 435000, Returns: -5.130, Epsilon: 0.1387
Step: 435100, Returns: -5.130, Epsilon: 0.1385
Step: 435200, Returns: -5.150, Epsilon: 0.1383
Step: 435300, Returns: -5.180, Epsilon: 0.1381
Step: 435400, Returns: -5.160, Epsilon: 0.1379
Step: 435500, Returns: -5.130, Epsilon: 0.1377
Step: 435600, Returns: -5.130, Epsilon: 0.1375
Updating target network...
Step: 435700, Returns: -5.130, Epsilon: 0.1373
Step: 435800, Returns: -5.130, Epsilon: 0.1371
Step: 435900, Returns: -5.130, Epsilon: 0.1369
Step: 436000, Returns: -5.150, Epsilon: 0.1367
Step: 436100, Returns: -5.080, Epsilon: 0.1365
Step: 436200, Returns: -5.080, Epsilon: 0.1363
Step: 436300, Returns: -5.080, Epsilon: 0.1361
Step: 436400, Returns: -5.080, Epsilon: 0.1359
Step: 436500, Returns: -5.040, Epsilon: 0.1357
Step: 436600, Returns: -5.040, Epsilon: 0.1355
Step: 436700, Returns: -4.970, Epsilon: 0.1353
Step: 436800, Returns: -4.970, Epsilon: 0.1351
Step: 436900, Returns: -4.970, Epsilon: 0.1349
Step: 437000, Returns: -4.970, Epsilon: 0.1347
Step: 437100, Returns: -4.970, Epsilon: 0.1345
Step: 437200, Returns: -5.040, Epsilon: 0.1343
Step: 437300, Returns: -5.040, Epsilon: 0.1341
Step: 437400, Returns: -5.030, Epsilon: 0.1339
Step: 437500, Returns: -5.030, Epsilon: 0.1338
Step: 437600, Returns: -5.030, Epsilon: 0.1336
Step: 437700, Returns: -5.030, Epsilon: 0.1334
Step: 437800, Returns: -4.940, Epsilon: 0.1332
Step: 437900, Returns: -4.940, Epsilon: 0.1330
Step: 438000, Returns: -4.940, Epsilon: 0.1328
Step: 438100, Returns: -4.880, Epsilon: 0.1326
Updating target network...
Step: 438200, Returns: -4.880, Epsilon: 0.1324
Step: 438300, Returns: -4.970, Epsilon: 0.1322
Step: 438400, Returns: -4.970, Epsilon: 0.1320
Step: 438500, Returns: -4.970, Epsilon: 0.1318
Step: 438600, Returns: -4.970, Epsilon: 0.1316
Step: 438700, Returns: -4.820, Epsilon: 0.1314
Step: 438800, Returns: -4.830, Epsilon: 0.1312
Step: 438900, Returns: -4.830, Epsilon: 0.1310
Step: 439000, Returns: -4.830, Epsilon: 0.1308
Step: 439100, Returns: -4.830, Epsilon: 0.1306
Step: 439200, Returns: -4.720, Epsilon: 0.1304
Step: 439300, Returns: -4.730, Epsilon: 0.1302
Step: 439400, Returns: -4.730, Epsilon: 0.1300
Step: 439500, Returns: -4.740, Epsilon: 0.1298
Step: 439600, Returns: -4.740, Epsilon: 0.1296
Step: 439700, Returns: -4.740, Epsilon: 0.1294
Step: 439800, Returns: -4.770, Epsilon: 0.1292
Step: 439900, Returns: -4.770, Epsilon: 0.1290
Step: 440000, Returns: -4.770, Epsilon: 0.1288
Step: 440100, Returns: -4.800, Epsilon: 0.1286
Step: 440200, Returns: -4.800, Epsilon: 0.1284
Step: 440300, Returns: -4.850, Epsilon: 0.1282
Step: 440400, Returns: -4.850, Epsilon: 0.1280
Step: 440500, Returns: -4.910, Epsilon: 0.1278
Step: 440600, Returns: -4.910, Epsilon: 0.1276
Updating target network...
Step: 440700, Returns: -4.910, Epsilon: 0.1274
Step: 440800, Returns: -4.910, Epsilon: 0.1272
Step: 440900, Returns: -4.910, Epsilon: 0.1270
Step: 441000, Returns: -4.920, Epsilon: 0.1268
Step: 441100, Returns: -4.920, Epsilon: 0.1266
Step: 441200, Returns: -4.920, Epsilon: 0.1264
Step: 441300, Returns: -5.050, Epsilon: 0.1262
Step: 441400, Returns: -4.960, Epsilon: 0.1260
Step: 441500, Returns: -4.940, Epsilon: 0.1258
Step: 441600, Returns: -4.940, Epsilon: 0.1256
Step: 441700, Returns: -4.940, Epsilon: 0.1254
Step: 441800, Returns: -4.830, Epsilon: 0.1252
Step: 441900, Returns: -4.830, Epsilon: 0.1250
Step: 442000, Returns: -4.830, Epsilon: 0.1248
Step: 442100, Returns: -4.830, Epsilon: 0.1246
Step: 442200, Returns: -4.830, Epsilon: 0.1244
Step: 442300, Returns: -4.830, Epsilon: 0.1242
Step: 442400, Returns: -4.810, Epsilon: 0.1240
Step: 442500, Returns: -4.810, Epsilon: 0.1239
Step: 442600, Returns: -4.810, Epsilon: 0.1237
Step: 442700, Returns: -4.870, Epsilon: 0.1235
Step: 442800, Returns: -4.760, Epsilon: 0.1233
Step: 442900, Returns: -4.760, Epsilon: 0.1231
Step: 443000, Returns: -4.760, Epsilon: 0.1229
Step: 443100, Returns: -4.680, Epsilon: 0.1227
Updating target network...
Step: 443200, Returns: -4.700, Epsilon: 0.1225
Step: 443300, Returns: -4.770, Epsilon: 0.1223
Step: 443400, Returns: -4.770, Epsilon: 0.1221
Step: 443500, Returns: -4.770, Epsilon: 0.1219
Step: 443600, Returns: -4.790, Epsilon: 0.1217
Step: 443700, Returns: -4.790, Epsilon: 0.1215
Step: 443800, Returns: -4.790, Epsilon: 0.1213
Step: 443900, Returns: -4.790, Epsilon: 0.1211
Step: 444000, Returns: -4.790, Epsilon: 0.1209
Step: 444100, Returns: -4.790, Epsilon: 0.1207
Step: 444200, Returns: -4.790, Epsilon: 0.1205
Step: 444300, Returns: -4.820, Epsilon: 0.1203
Step: 444400, Returns: -4.820, Epsilon: 0.1201
Step: 444500, Returns: -4.820, Epsilon: 0.1199
Step: 444600, Returns: -4.820, Epsilon: 0.1197
Step: 444700, Returns: -4.780, Epsilon: 0.1195
Step: 444800, Returns: -4.710, Epsilon: 0.1193
Step: 444900, Returns: -4.710, Epsilon: 0.1191
Step: 445000, Returns: -4.710, Epsilon: 0.1189
Step: 445100, Returns: -4.710, Epsilon: 0.1187
Step: 445200, Returns: -4.710, Epsilon: 0.1185
Step: 445300, Returns: -4.710, Epsilon: 0.1183
Step: 445400, Returns: -4.710, Epsilon: 0.1181
Step: 445500, Returns: -4.620, Epsilon: 0.1179
Step: 445600, Returns: -4.620, Epsilon: 0.1177
Updating target network...
Step: 445700, Returns: -4.670, Epsilon: 0.1175
Step: 445800, Returns: -4.670, Epsilon: 0.1173
Step: 445900, Returns: -4.700, Epsilon: 0.1171
Step: 446000, Returns: -4.710, Epsilon: 0.1169
Step: 446100, Returns: -4.710, Epsilon: 0.1167
Step: 446200, Returns: -4.560, Epsilon: 0.1165
Step: 446300, Returns: -4.560, Epsilon: 0.1163
Step: 446400, Returns: -4.560, Epsilon: 0.1161
Step: 446500, Returns: -4.490, Epsilon: 0.1159
Step: 446600, Returns: -4.470, Epsilon: 0.1157
Step: 446700, Returns: -4.470, Epsilon: 0.1155
Step: 446800, Returns: -4.430, Epsilon: 0.1153
Step: 446900, Returns: -4.430, Epsilon: 0.1151
Step: 447000, Returns: -4.430, Epsilon: 0.1149
Step: 447100, Returns: -4.360, Epsilon: 0.1147
Step: 447200, Returns: -4.360, Epsilon: 0.1145
Step: 447300, Returns: -4.360, Epsilon: 0.1143
Step: 447400, Returns: -4.360, Epsilon: 0.1141
Step: 447500, Returns: -4.360, Epsilon: 0.1140
Step: 447600, Returns: -4.290, Epsilon: 0.1138
Step: 447700, Returns: -4.290, Epsilon: 0.1136
Step: 447800, Returns: -4.230, Epsilon: 0.1134
Step: 447900, Returns: -4.230, Epsilon: 0.1132
Step: 448000, Returns: -4.180, Epsilon: 0.1130
Step: 448100, Returns: -4.180, Epsilon: 0.1128
Updating target network...
Step: 448200, Returns: -4.180, Epsilon: 0.1126
Step: 448300, Returns: -4.180, Epsilon: 0.1124
Step: 448400, Returns: -4.180, Epsilon: 0.1122
Step: 448500, Returns: -4.180, Epsilon: 0.1120
Step: 448600, Returns: -4.110, Epsilon: 0.1118
Step: 448700, Returns: -4.110, Epsilon: 0.1116
Step: 448800, Returns: -4.110, Epsilon: 0.1114
Step: 448900, Returns: -4.110, Epsilon: 0.1112
Step: 449000, Returns: -4.110, Epsilon: 0.1110
Step: 449100, Returns: -4.090, Epsilon: 0.1108
Step: 449200, Returns: -4.090, Epsilon: 0.1106
Step: 449300, Returns: -4.090, Epsilon: 0.1104
Step: 449400, Returns: -4.020, Epsilon: 0.1102
Step: 449500, Returns: -4.060, Epsilon: 0.1100
Step: 449600, Returns: -3.890, Epsilon: 0.1098
Step: 449700, Returns: -3.960, Epsilon: 0.1096
Step: 449800, Returns: -3.960, Epsilon: 0.1094
Step: 449900, Returns: -3.990, Epsilon: 0.1092
Step: 450000, Returns: -3.990, Epsilon: 0.1090
Step: 450100, Returns: -3.990, Epsilon: 0.1088
Step: 450200, Returns: -3.990, Epsilon: 0.1086
Step: 450300, Returns: -3.830, Epsilon: 0.1084
Step: 450400, Returns: -3.830, Epsilon: 0.1082
Step: 450500, Returns: -3.830, Epsilon: 0.1080
Step: 450600, Returns: -3.830, Epsilon: 0.1078
Updating target network...
Step: 450700, Returns: -3.720, Epsilon: 0.1076
Step: 450800, Returns: -3.690, Epsilon: 0.1074
Step: 450900, Returns: -3.690, Epsilon: 0.1072
Step: 451000, Returns: -3.690, Epsilon: 0.1070
Step: 451100, Returns: -3.690, Epsilon: 0.1068
Step: 451200, Returns: -3.600, Epsilon: 0.1066
Step: 451300, Returns: -3.340, Epsilon: 0.1064
Step: 451400, Returns: -3.340, Epsilon: 0.1062
Step: 451500, Returns: -3.340, Epsilon: 0.1060
Step: 451600, Returns: -3.290, Epsilon: 0.1058
Step: 451700, Returns: -3.290, Epsilon: 0.1056
Step: 451800, Returns: -3.290, Epsilon: 0.1054
Step: 451900, Returns: -3.290, Epsilon: 0.1052
Step: 452000, Returns: -3.290, Epsilon: 0.1050
Step: 452100, Returns: -3.290, Epsilon: 0.1048
Step: 452200, Returns: -3.290, Epsilon: 0.1046
Step: 452300, Returns: -3.290, Epsilon: 0.1044
Step: 452400, Returns: -3.290, Epsilon: 0.1042
Step: 452500, Returns: -3.290, Epsilon: 0.1041
Step: 452600, Returns: -3.290, Epsilon: 0.1039
Step: 452700, Returns: -3.290, Epsilon: 0.1037
Step: 452800, Returns: -3.290, Epsilon: 0.1035
Step: 452900, Returns: -3.230, Epsilon: 0.1033
Step: 453000, Returns: -3.230, Epsilon: 0.1031
Step: 453100, Returns: -3.230, Epsilon: 0.1029
Updating target network...
Step: 453200, Returns: -3.070, Epsilon: 0.1027
Step: 453300, Returns: -3.070, Epsilon: 0.1025
Step: 453400, Returns: -3.040, Epsilon: 0.1023
Step: 453500, Returns: -3.040, Epsilon: 0.1021
Step: 453600, Returns: -3.040, Epsilon: 0.1019
Step: 453700, Returns: -3.040, Epsilon: 0.1017
Step: 453800, Returns: -3.060, Epsilon: 0.1015
Step: 453900, Returns: -2.950, Epsilon: 0.1013
Step: 454000, Returns: -2.950, Epsilon: 0.1011
Step: 454100, Returns: -2.980, Epsilon: 0.1009
Step: 454200, Returns: -2.980, Epsilon: 0.1007
Step: 454300, Returns: -2.940, Epsilon: 0.1005
Step: 454400, Returns: -2.940, Epsilon: 0.1003
Step: 454500, Returns: -3.010, Epsilon: 0.1001
Step: 454600, Returns: -3.010, Epsilon: 0.0999
Step: 454700, Returns: -3.100, Epsilon: 0.0997
Step: 454800, Returns: -2.840, Epsilon: 0.0995
Step: 454900, Returns: -2.840, Epsilon: 0.0993
Step: 455000, Returns: -2.840, Epsilon: 0.0991
Step: 455100, Returns: -2.840, Epsilon: 0.0989
Step: 455200, Returns: -2.840, Epsilon: 0.0987
Step: 455300, Returns: -2.800, Epsilon: 0.0985
Step: 455400, Returns: -2.800, Epsilon: 0.0983
Step: 455500, Returns: -2.800, Epsilon: 0.0981
Step: 455600, Returns: -2.800, Epsilon: 0.0979
Updating target network...
Step: 455700, Returns: -2.820, Epsilon: 0.0977
Step: 455800, Returns: -2.820, Epsilon: 0.0975
Step: 455900, Returns: -2.820, Epsilon: 0.0973
Step: 456000, Returns: -2.820, Epsilon: 0.0971
Step: 456100, Returns: -2.820, Epsilon: 0.0969
Step: 456200, Returns: -2.680, Epsilon: 0.0967
Step: 456300, Returns: -2.680, Epsilon: 0.0965
Step: 456400, Returns: -2.680, Epsilon: 0.0963
Step: 456500, Returns: -2.550, Epsilon: 0.0961
Step: 456600, Returns: -2.510, Epsilon: 0.0959
Step: 456700, Returns: -2.510, Epsilon: 0.0957
Step: 456800, Returns: -2.510, Epsilon: 0.0955
Step: 456900, Returns: -2.510, Epsilon: 0.0953
Step: 457000, Returns: -2.460, Epsilon: 0.0951
Step: 457100, Returns: -2.330, Epsilon: 0.0949
Step: 457200, Returns: -2.330, Epsilon: 0.0947
Step: 457300, Returns: -2.180, Epsilon: 0.0945
Step: 457400, Returns: -2.160, Epsilon: 0.0943
Step: 457500, Returns: -2.160, Epsilon: 0.0942
Step: 457600, Returns: -2.160, Epsilon: 0.0940
Step: 457700, Returns: -2.230, Epsilon: 0.0938
Step: 457800, Returns: -2.230, Epsilon: 0.0936
Step: 457900, Returns: -2.230, Epsilon: 0.0934
Step: 458000, Returns: -2.230, Epsilon: 0.0932
Step: 458100, Returns: -2.090, Epsilon: 0.0930
Updating target network...
Step: 458200, Returns: -2.090, Epsilon: 0.0928
Step: 458300, Returns: -2.050, Epsilon: 0.0926
Step: 458400, Returns: -2.050, Epsilon: 0.0924
Step: 458500, Returns: -1.980, Epsilon: 0.0922
Step: 458600, Returns: -1.980, Epsilon: 0.0920
Step: 458700, Returns: -1.980, Epsilon: 0.0918
Step: 458800, Returns: -1.980, Epsilon: 0.0916
Step: 458900, Returns: -1.880, Epsilon: 0.0914
Step: 459000, Returns: -1.880, Epsilon: 0.0912
Step: 459100, Returns: -1.880, Epsilon: 0.0910
Step: 459200, Returns: -1.880, Epsilon: 0.0908
Step: 459300, Returns: -1.880, Epsilon: 0.0906
Step: 459400, Returns: -1.880, Epsilon: 0.0904
Step: 459500, Returns: -1.880, Epsilon: 0.0902
Step: 459600, Returns: -1.880, Epsilon: 0.0900
Step: 459700, Returns: -1.880, Epsilon: 0.0898
Step: 459800, Returns: -1.880, Epsilon: 0.0896
Step: 459900, Returns: -1.880, Epsilon: 0.0894
Step: 460000, Returns: -1.880, Epsilon: 0.0892
Step: 460100, Returns: -1.880, Epsilon: 0.0890
Step: 460200, Returns: -1.880, Epsilon: 0.0888
Step: 460300, Returns: -1.880, Epsilon: 0.0886
Step: 460400, Returns: -1.820, Epsilon: 0.0884
Step: 460500, Returns: -1.850, Epsilon: 0.0882
Step: 460600, Returns: -1.850, Epsilon: 0.0880
Updating target network...
Step: 460700, Returns: -1.790, Epsilon: 0.0878
Step: 460800, Returns: -1.790, Epsilon: 0.0876
Step: 460900, Returns: -1.790, Epsilon: 0.0874
Step: 461000, Returns: -1.720, Epsilon: 0.0872
Step: 461100, Returns: -1.720, Epsilon: 0.0870
Step: 461200, Returns: -1.650, Epsilon: 0.0868
Step: 461300, Returns: -1.770, Epsilon: 0.0866
Step: 461400, Returns: -1.770, Epsilon: 0.0864
Step: 461500, Returns: -1.770, Epsilon: 0.0862
Step: 461600, Returns: -1.610, Epsilon: 0.0860
Step: 461700, Returns: -1.550, Epsilon: 0.0858
Step: 461800, Returns: -1.550, Epsilon: 0.0856
Step: 461900, Returns: -1.550, Epsilon: 0.0854
Step: 462000, Returns: -1.520, Epsilon: 0.0852
Step: 462100, Returns: -1.430, Epsilon: 0.0850
Step: 462200, Returns: -1.430, Epsilon: 0.0848
Step: 462300, Returns: -1.430, Epsilon: 0.0846
Step: 462400, Returns: -1.430, Epsilon: 0.0844
Step: 462500, Returns: -1.330, Epsilon: 0.0843
Step: 462600, Returns: -1.290, Epsilon: 0.0841
Step: 462700, Returns: -1.290, Epsilon: 0.0839
Step: 462800, Returns: -1.290, Epsilon: 0.0837
Step: 462900, Returns: -1.290, Epsilon: 0.0835
Step: 463000, Returns: -1.290, Epsilon: 0.0833
Step: 463100, Returns: -1.290, Epsilon: 0.0831
Updating target network...
Step: 463200, Returns: -1.290, Epsilon: 0.0829
Step: 463300, Returns: -1.290, Epsilon: 0.0827
Step: 463400, Returns: -1.290, Epsilon: 0.0825
Step: 463500, Returns: -1.290, Epsilon: 0.0823
Step: 463600, Returns: -1.290, Epsilon: 0.0821
Step: 463700, Returns: -1.260, Epsilon: 0.0819
Step: 463800, Returns: -1.260, Epsilon: 0.0817
Step: 463900, Returns: -1.250, Epsilon: 0.0815
Step: 464000, Returns: -1.250, Epsilon: 0.0813
Step: 464100, Returns: -1.250, Epsilon: 0.0811
Step: 464200, Returns: -1.250, Epsilon: 0.0809
Step: 464300, Returns: -1.250, Epsilon: 0.0807
Step: 464400, Returns: -1.250, Epsilon: 0.0805
Step: 464500, Returns: -1.250, Epsilon: 0.0803
Step: 464600, Returns: -1.250, Epsilon: 0.0801
Step: 464700, Returns: -1.240, Epsilon: 0.0799
Step: 464800, Returns: -1.190, Epsilon: 0.0797
Step: 464900, Returns: -1.190, Epsilon: 0.0795
Step: 465000, Returns: -1.140, Epsilon: 0.0793
Step: 465100, Returns: -1.140, Epsilon: 0.0791
Step: 465200, Returns: -1.110, Epsilon: 0.0789
Step: 465300, Returns: -1.060, Epsilon: 0.0787
Step: 465400, Returns: -0.960, Epsilon: 0.0785
Step: 465500, Returns: -0.960, Epsilon: 0.0783
Step: 465600, Returns: -0.670, Epsilon: 0.0781
Updating target network...
Step: 465700, Returns: -0.670, Epsilon: 0.0779
Step: 465800, Returns: -0.670, Epsilon: 0.0777
Step: 465900, Returns: -0.570, Epsilon: 0.0775
Step: 466000, Returns: -0.530, Epsilon: 0.0773
Step: 466100, Returns: -0.420, Epsilon: 0.0771
Step: 466200, Returns: -0.420, Epsilon: 0.0769
Step: 466300, Returns: -0.420, Epsilon: 0.0767
Step: 466400, Returns: -0.420, Epsilon: 0.0765
Step: 466500, Returns: -0.420, Epsilon: 0.0763
Step: 466600, Returns: -0.420, Epsilon: 0.0761
Step: 466700, Returns: -0.420, Epsilon: 0.0759
Step: 466800, Returns: -0.420, Epsilon: 0.0757
Step: 466900, Returns: -0.420, Epsilon: 0.0755
Step: 467000, Returns: -0.420, Epsilon: 0.0753
Step: 467100, Returns: -0.420, Epsilon: 0.0751
Step: 467200, Returns: -0.420, Epsilon: 0.0749
Step: 467300, Returns: -0.460, Epsilon: 0.0747
Step: 467400, Returns: -0.460, Epsilon: 0.0745
Step: 467500, Returns: -0.550, Epsilon: 0.0744
Step: 467600, Returns: -0.550, Epsilon: 0.0742
Step: 467700, Returns: -0.550, Epsilon: 0.0740
Step: 467800, Returns: -0.570, Epsilon: 0.0738
Step: 467900, Returns: -0.530, Epsilon: 0.0736
Step: 468000, Returns: -0.420, Epsilon: 0.0734
Step: 468100, Returns: -0.420, Epsilon: 0.0732
Updating target network...
Step: 468200, Returns: -0.420, Epsilon: 0.0730
Step: 468300, Returns: -0.420, Epsilon: 0.0728
Step: 468400, Returns: -0.420, Epsilon: 0.0726
Step: 468500, Returns: -0.410, Epsilon: 0.0724
Step: 468600, Returns: -0.410, Epsilon: 0.0722
Step: 468700, Returns: -0.410, Epsilon: 0.0720
Step: 468800, Returns: -0.410, Epsilon: 0.0718
Step: 468900, Returns: -0.410, Epsilon: 0.0716
Step: 469000, Returns: -0.330, Epsilon: 0.0714
Step: 469100, Returns: -0.270, Epsilon: 0.0712
Step: 469200, Returns: -0.270, Epsilon: 0.0710
Step: 469300, Returns: -0.170, Epsilon: 0.0708
Step: 469400, Returns: -0.110, Epsilon: 0.0706
Step: 469500, Returns: -0.110, Epsilon: 0.0704
Step: 469600, Returns: -0.110, Epsilon: 0.0702
Step: 469700, Returns: -0.110, Epsilon: 0.0700
Step: 469800, Returns: -0.080, Epsilon: 0.0698
Step: 469900, Returns: -0.080, Epsilon: 0.0696
Step: 470000, Returns: -0.010, Epsilon: 0.0694
Step: 470100, Returns: -0.010, Epsilon: 0.0692
Step: 470200, Returns: -0.010, Epsilon: 0.0690
Step: 470300, Returns: -0.010, Epsilon: 0.0688
Step: 470400, Returns: -0.010, Epsilon: 0.0686
Step: 470500, Returns: -0.010, Epsilon: 0.0684
Step: 470600, Returns: -0.010, Epsilon: 0.0682
Updating target network...
Step: 470700, Returns: 0.110, Epsilon: 0.0680
Step: 470800, Returns: 0.040, Epsilon: 0.0678
Step: 470900, Returns: 0.040, Epsilon: 0.0676
Step: 471000, Returns: 0.040, Epsilon: 0.0674
Step: 471100, Returns: 0.040, Epsilon: 0.0672
Step: 471200, Returns: 0.070, Epsilon: 0.0670
Step: 471300, Returns: 0.070, Epsilon: 0.0668
Step: 471400, Returns: 0.070, Epsilon: 0.0666
Step: 471500, Returns: 0.040, Epsilon: 0.0664
Step: 471600, Returns: 0.040, Epsilon: 0.0662
Step: 471700, Returns: -0.130, Epsilon: 0.0660
Step: 471800, Returns: -0.130, Epsilon: 0.0658
Step: 471900, Returns: -0.130, Epsilon: 0.0656
Step: 472000, Returns: -0.090, Epsilon: 0.0654
Step: 472100, Returns: -0.090, Epsilon: 0.0652
Step: 472200, Returns: -0.090, Epsilon: 0.0650
Step: 472300, Returns: -0.040, Epsilon: 0.0648
Step: 472400, Returns: 0.080, Epsilon: 0.0646
Step: 472500, Returns: 0.080, Epsilon: 0.0645
Step: 472600, Returns: 0.080, Epsilon: 0.0643
Step: 472700, Returns: 0.110, Epsilon: 0.0641
Step: 472800, Returns: 0.090, Epsilon: 0.0639
Step: 472900, Returns: 0.090, Epsilon: 0.0637
Step: 473000, Returns: 0.090, Epsilon: 0.0635
Step: 473100, Returns: 0.090, Epsilon: 0.0633
Updating target network...
Step: 473200, Returns: 0.090, Epsilon: 0.0631
Step: 473300, Returns: -0.040, Epsilon: 0.0629
Step: 473400, Returns: -0.090, Epsilon: 0.0627
Step: 473500, Returns: -0.150, Epsilon: 0.0625
Step: 473600, Returns: -0.150, Epsilon: 0.0623
Step: 473700, Returns: -0.200, Epsilon: 0.0621
Step: 473800, Returns: -0.200, Epsilon: 0.0619
Step: 473900, Returns: -0.200, Epsilon: 0.0617
Step: 474000, Returns: -0.200, Epsilon: 0.0615
Step: 474100, Returns: -0.200, Epsilon: 0.0613
Step: 474200, Returns: -0.210, Epsilon: 0.0611
Step: 474300, Returns: -0.210, Epsilon: 0.0609
Step: 474400, Returns: -0.210, Epsilon: 0.0607
Step: 474500, Returns: -0.210, Epsilon: 0.0605
Step: 474600, Returns: -0.210, Epsilon: 0.0603
Step: 474700, Returns: -0.210, Epsilon: 0.0601
Step: 474800, Returns: -0.120, Epsilon: 0.0599
Step: 474900, Returns: -0.020, Epsilon: 0.0597
Step: 475000, Returns: -0.020, Epsilon: 0.0595
Step: 475100, Returns: -0.020, Epsilon: 0.0593
Step: 475200, Returns: 0.020, Epsilon: 0.0591
Step: 475300, Returns: -0.010, Epsilon: 0.0589
Step: 475400, Returns: -0.010, Epsilon: 0.0587
Step: 475500, Returns: -0.020, Epsilon: 0.0585
Step: 475600, Returns: -0.020, Epsilon: 0.0583
Updating target network...
Step: 475700, Returns: 0.020, Epsilon: 0.0581
Step: 475800, Returns: 0.140, Epsilon: 0.0579
Step: 475900, Returns: 0.180, Epsilon: 0.0577
Step: 476000, Returns: 0.180, Epsilon: 0.0575
Step: 476100, Returns: 0.180, Epsilon: 0.0573
Step: 476200, Returns: 0.230, Epsilon: 0.0571
Step: 476300, Returns: 0.280, Epsilon: 0.0569
Step: 476400, Returns: 0.280, Epsilon: 0.0567
Step: 476500, Returns: 0.280, Epsilon: 0.0565
Step: 476600, Returns: 0.280, Epsilon: 0.0563
Step: 476700, Returns: 0.280, Epsilon: 0.0561
Step: 476800, Returns: 0.280, Epsilon: 0.0559
Step: 476900, Returns: 0.280, Epsilon: 0.0557
Step: 477000, Returns: 0.460, Epsilon: 0.0555
Step: 477100, Returns: 0.460, Epsilon: 0.0553
Step: 477200, Returns: 0.450, Epsilon: 0.0551
Step: 477300, Returns: 0.450, Epsilon: 0.0549
Step: 477400, Returns: 0.450, Epsilon: 0.0547
Step: 477500, Returns: 0.450, Epsilon: 0.0546
Step: 477600, Returns: 0.450, Epsilon: 0.0544
Step: 477700, Returns: 0.360, Epsilon: 0.0542
Step: 477800, Returns: 0.360, Epsilon: 0.0540
Step: 477900, Returns: 0.360, Epsilon: 0.0538
Step: 478000, Returns: 0.360, Epsilon: 0.0536
Step: 478100, Returns: 0.500, Epsilon: 0.0534
Updating target network...
Step: 478200, Returns: 0.500, Epsilon: 0.0532
Step: 478300, Returns: 0.500, Epsilon: 0.0530
Step: 478400, Returns: 0.500, Epsilon: 0.0528
Step: 478500, Returns: 0.580, Epsilon: 0.0526
Step: 478600, Returns: 0.580, Epsilon: 0.0524
Step: 478700, Returns: 0.600, Epsilon: 0.0522
Step: 478800, Returns: 0.450, Epsilon: 0.0520
Step: 478900, Returns: 0.450, Epsilon: 0.0518
Step: 479000, Returns: 0.450, Epsilon: 0.0516
Step: 479100, Returns: 0.450, Epsilon: 0.0514
Step: 479200, Returns: 0.550, Epsilon: 0.0512
Step: 479300, Returns: 0.510, Epsilon: 0.0510
Step: 479400, Returns: 0.510, Epsilon: 0.0508
Step: 479500, Returns: 0.510, Epsilon: 0.0506
Step: 479600, Returns: 0.510, Epsilon: 0.0504
Step: 479700, Returns: 0.510, Epsilon: 0.0502
Step: 479800, Returns: 0.510, Epsilon: 0.0500
Step: 479900, Returns: 0.520, Epsilon: 0.0498
Step: 480000, Returns: 0.520, Epsilon: 0.0496
Step: 480100, Returns: 0.520, Epsilon: 0.0494
Step: 480200, Returns: 0.620, Epsilon: 0.0492
Step: 480300, Returns: 0.620, Epsilon: 0.0490
Step: 480400, Returns: 0.620, Epsilon: 0.0488
Step: 480500, Returns: 0.640, Epsilon: 0.0486
Step: 480600, Returns: 0.640, Epsilon: 0.0484
Updating target network...
Step: 480700, Returns: 0.640, Epsilon: 0.0482
Step: 480800, Returns: 0.640, Epsilon: 0.0480
Step: 480900, Returns: 0.580, Epsilon: 0.0478
Step: 481000, Returns: 0.580, Epsilon: 0.0476
Step: 481100, Returns: 0.580, Epsilon: 0.0474
Step: 481200, Returns: 0.580, Epsilon: 0.0472
Step: 481300, Returns: 0.580, Epsilon: 0.0470
Step: 481400, Returns: 0.580, Epsilon: 0.0468
Step: 481500, Returns: 0.580, Epsilon: 0.0466
Step: 481600, Returns: 0.570, Epsilon: 0.0464
Step: 481700, Returns: 0.670, Epsilon: 0.0462
Step: 481800, Returns: 0.670, Epsilon: 0.0460
Step: 481900, Returns: 0.670, Epsilon: 0.0458
Step: 482000, Returns: 0.710, Epsilon: 0.0456
Step: 482100, Returns: 0.670, Epsilon: 0.0454
Step: 482200, Returns: 0.790, Epsilon: 0.0452
Step: 482300, Returns: 0.790, Epsilon: 0.0450
Step: 482400, Returns: 0.790, Epsilon: 0.0448
Step: 482500, Returns: 0.890, Epsilon: 0.0447
Step: 482600, Returns: 0.890, Epsilon: 0.0445
Step: 482700, Returns: 1.010, Epsilon: 0.0443
Step: 482800, Returns: 1.010, Epsilon: 0.0441
Step: 482900, Returns: 1.010, Epsilon: 0.0439
Step: 483000, Returns: 1.010, Epsilon: 0.0437
Step: 483100, Returns: 1.010, Epsilon: 0.0435
Updating target network...
Step: 483200, Returns: 1.010, Epsilon: 0.0433
Step: 483300, Returns: 1.010, Epsilon: 0.0431
Step: 483400, Returns: 1.030, Epsilon: 0.0429
Step: 483500, Returns: 1.210, Epsilon: 0.0427
Step: 483600, Returns: 1.390, Epsilon: 0.0425
Step: 483700, Returns: 1.470, Epsilon: 0.0423
Step: 483800, Returns: 1.470, Epsilon: 0.0421
Step: 483900, Returns: 1.470, Epsilon: 0.0419
Step: 484000, Returns: 1.470, Epsilon: 0.0417
Step: 484100, Returns: 1.470, Epsilon: 0.0415
Step: 484200, Returns: 1.470, Epsilon: 0.0413
Step: 484300, Returns: 1.470, Epsilon: 0.0411
Step: 484400, Returns: 1.470, Epsilon: 0.0409
Step: 484500, Returns: 1.460, Epsilon: 0.0407
Step: 484600, Returns: 1.460, Epsilon: 0.0405
Step: 484700, Returns: 1.430, Epsilon: 0.0403
Step: 484800, Returns: 1.520, Epsilon: 0.0401
Step: 484900, Returns: 1.520, Epsilon: 0.0399
Step: 485000, Returns: 1.520, Epsilon: 0.0397
Step: 485100, Returns: 1.520, Epsilon: 0.0395
Step: 485200, Returns: 1.520, Epsilon: 0.0393
Step: 485300, Returns: 1.650, Epsilon: 0.0391
Step: 485400, Returns: 1.650, Epsilon: 0.0389
Step: 485500, Returns: 1.650, Epsilon: 0.0387
Step: 485600, Returns: 1.610, Epsilon: 0.0385
Updating target network...
Step: 485700, Returns: 1.710, Epsilon: 0.0383
Step: 485800, Returns: 1.780, Epsilon: 0.0381
Step: 485900, Returns: 1.680, Epsilon: 0.0379
Step: 486000, Returns: 1.680, Epsilon: 0.0377
Step: 486100, Returns: 1.680, Epsilon: 0.0375
Step: 486200, Returns: 1.620, Epsilon: 0.0373
Step: 486300, Returns: 1.580, Epsilon: 0.0371
Step: 486400, Returns: 1.580, Epsilon: 0.0369
Step: 486500, Returns: 1.580, Epsilon: 0.0367
Step: 486600, Returns: 1.730, Epsilon: 0.0365
Step: 486700, Returns: 1.730, Epsilon: 0.0363
Step: 486800, Returns: 1.730, Epsilon: 0.0361
Step: 486900, Returns: 1.810, Epsilon: 0.0359
Step: 487000, Returns: 1.810, Epsilon: 0.0357
Step: 487100, Returns: 1.880, Epsilon: 0.0355
Step: 487200, Returns: 1.880, Epsilon: 0.0353
Step: 487300, Returns: 1.820, Epsilon: 0.0351
Step: 487400, Returns: 1.820, Epsilon: 0.0349
Step: 487500, Returns: 1.820, Epsilon: 0.0348
Step: 487600, Returns: 1.820, Epsilon: 0.0346
Step: 487700, Returns: 1.820, Epsilon: 0.0344
Step: 487800, Returns: 1.820, Epsilon: 0.0342
Step: 487900, Returns: 1.860, Epsilon: 0.0340
Step: 488000, Returns: 1.860, Epsilon: 0.0338
Step: 488100, Returns: 1.850, Epsilon: 0.0336
Updating target network...
Step: 488200, Returns: 1.850, Epsilon: 0.0334
Step: 488300, Returns: 1.850, Epsilon: 0.0332
Step: 488400, Returns: 1.850, Epsilon: 0.0330
Step: 488500, Returns: 1.850, Epsilon: 0.0328
Step: 488600, Returns: 1.850, Epsilon: 0.0326
Step: 488700, Returns: 1.840, Epsilon: 0.0324
Step: 488800, Returns: 1.840, Epsilon: 0.0322
Step: 488900, Returns: 1.840, Epsilon: 0.0320
Step: 489000, Returns: 1.790, Epsilon: 0.0318
Step: 489100, Returns: 1.820, Epsilon: 0.0316
Step: 489200, Returns: 1.820, Epsilon: 0.0314
Step: 489300, Returns: 1.920, Epsilon: 0.0312
Step: 489400, Returns: 1.920, Epsilon: 0.0310
Step: 489500, Returns: 1.920, Epsilon: 0.0308
Step: 489600, Returns: 1.920, Epsilon: 0.0306
Step: 489700, Returns: 1.920, Epsilon: 0.0304
Step: 489800, Returns: 2.030, Epsilon: 0.0302
Step: 489900, Returns: 2.030, Epsilon: 0.0300
Step: 490000, Returns: 2.030, Epsilon: 0.0298
Step: 490100, Returns: 2.030, Epsilon: 0.0296
Step: 490200, Returns: 2.030, Epsilon: 0.0294
Step: 490300, Returns: 2.030, Epsilon: 0.0292
Step: 490400, Returns: 2.030, Epsilon: 0.0290
Step: 490500, Returns: 2.210, Epsilon: 0.0288
Step: 490600, Returns: 2.210, Epsilon: 0.0286
Updating target network...
Step: 490700, Returns: 2.270, Epsilon: 0.0284
Step: 490800, Returns: 2.270, Epsilon: 0.0282
Step: 490900, Returns: 2.270, Epsilon: 0.0280
Step: 491000, Returns: 2.350, Epsilon: 0.0278
Step: 491100, Returns: 2.370, Epsilon: 0.0276
Step: 491200, Returns: 2.370, Epsilon: 0.0274
Step: 491300, Returns: 2.390, Epsilon: 0.0272
Step: 491400, Returns: 2.390, Epsilon: 0.0270
Step: 491500, Returns: 2.390, Epsilon: 0.0268
Step: 491600, Returns: 2.390, Epsilon: 0.0266
Step: 491700, Returns: 2.390, Epsilon: 0.0264
Step: 491800, Returns: 2.450, Epsilon: 0.0262
Step: 491900, Returns: 2.450, Epsilon: 0.0260
Step: 492000, Returns: 2.450, Epsilon: 0.0258
Step: 492100, Returns: 2.450, Epsilon: 0.0256
Step: 492200, Returns: 2.450, Epsilon: 0.0254
Step: 492300, Returns: 2.450, Epsilon: 0.0252
Step: 492400, Returns: 2.450, Epsilon: 0.0250
Step: 492500, Returns: 2.490, Epsilon: 0.0249
Step: 492600, Returns: 2.490, Epsilon: 0.0247
Step: 492700, Returns: 2.470, Epsilon: 0.0245
Step: 492800, Returns: 2.470, Epsilon: 0.0243
Step: 492900, Returns: 2.470, Epsilon: 0.0241
Step: 493000, Returns: 2.470, Epsilon: 0.0239
Step: 493100, Returns: 2.470, Epsilon: 0.0237
Updating target network...
Step: 493200, Returns: 2.470, Epsilon: 0.0235
Step: 493300, Returns: 2.470, Epsilon: 0.0233
Step: 493400, Returns: 2.510, Epsilon: 0.0231
Step: 493500, Returns: 2.470, Epsilon: 0.0229
Step: 493600, Returns: 2.620, Epsilon: 0.0227
Step: 493700, Returns: 2.620, Epsilon: 0.0225
Step: 493800, Returns: 2.620, Epsilon: 0.0223
Step: 493900, Returns: 2.620, Epsilon: 0.0221
Step: 494000, Returns: 2.620, Epsilon: 0.0219
Step: 494100, Returns: 2.620, Epsilon: 0.0217
Step: 494200, Returns: 2.620, Epsilon: 0.0215
Step: 494300, Returns: 2.720, Epsilon: 0.0213
Step: 494400, Returns: 2.780, Epsilon: 0.0211
Step: 494500, Returns: 2.780, Epsilon: 0.0209
Step: 494600, Returns: 2.810, Epsilon: 0.0207
Step: 494700, Returns: 2.840, Epsilon: 0.0205
Step: 494800, Returns: 2.840, Epsilon: 0.0203
Step: 494900, Returns: 2.840, Epsilon: 0.0201
Step: 495000, Returns: 2.830, Epsilon: 0.0199
Step: 495100, Returns: 2.830, Epsilon: 0.0197
Step: 495200, Returns: 2.830, Epsilon: 0.0195
Step: 495300, Returns: 2.830, Epsilon: 0.0193
Step: 495400, Returns: 2.800, Epsilon: 0.0191
Step: 495500, Returns: 2.800, Epsilon: 0.0189
Step: 495600, Returns: 2.800, Epsilon: 0.0187
Updating target network...
Step: 495700, Returns: 3.000, Epsilon: 0.0185
Step: 495800, Returns: 3.000, Epsilon: 0.0183
Step: 495900, Returns: 3.000, Epsilon: 0.0181
Step: 496000, Returns: 3.030, Epsilon: 0.0179
Step: 496100, Returns: 3.030, Epsilon: 0.0177
Step: 496200, Returns: 3.030, Epsilon: 0.0175
Step: 496300, Returns: 3.030, Epsilon: 0.0173
Step: 496400, Returns: 3.030, Epsilon: 0.0171
Step: 496500, Returns: 3.210, Epsilon: 0.0169
Step: 496600, Returns: 3.210, Epsilon: 0.0167
Step: 496700, Returns: 3.210, Epsilon: 0.0165
Step: 496800, Returns: 3.210, Epsilon: 0.0163
Step: 496900, Returns: 3.210, Epsilon: 0.0161
Step: 497000, Returns: 3.180, Epsilon: 0.0159
Step: 497100, Returns: 3.180, Epsilon: 0.0157
Step: 497200, Returns: 3.170, Epsilon: 0.0155
Step: 497300, Returns: 3.170, Epsilon: 0.0153
Step: 497400, Returns: 3.100, Epsilon: 0.0151
Step: 497500, Returns: 3.100, Epsilon: 0.0150
Step: 497600, Returns: 3.100, Epsilon: 0.0148
Step: 497700, Returns: 3.300, Epsilon: 0.0146
Step: 497800, Returns: 3.300, Epsilon: 0.0144
Step: 497900, Returns: 3.300, Epsilon: 0.0142
Step: 498000, Returns: 3.300, Epsilon: 0.0140
Step: 498100, Returns: 3.630, Epsilon: 0.0138
Updating target network...
Step: 498200, Returns: 3.630, Epsilon: 0.0136
Step: 498300, Returns: 3.630, Epsilon: 0.0134
Step: 498400, Returns: 3.630, Epsilon: 0.0132
Step: 498500, Returns: 3.650, Epsilon: 0.0130
Step: 498600, Returns: 3.760, Epsilon: 0.0128
Step: 498700, Returns: 3.760, Epsilon: 0.0126
Step: 498800, Returns: 3.760, Epsilon: 0.0124
Step: 498900, Returns: 3.840, Epsilon: 0.0122
Step: 499000, Returns: 3.840, Epsilon: 0.0120
Step: 499100, Returns: 3.840, Epsilon: 0.0118
Step: 499200, Returns: 3.840, Epsilon: 0.0116
Step: 499300, Returns: 3.840, Epsilon: 0.0114
Step: 499400, Returns: 3.840, Epsilon: 0.0112
Step: 499500, Returns: 3.840, Epsilon: 0.0110
Step: 499600, Returns: 3.840, Epsilon: 0.0108
Step: 499700, Returns: 3.840, Epsilon: 0.0106
Step: 499800, Returns: 3.840, Epsilon: 0.0104
Step: 499900, Returns: 3.840, Epsilon: 0.0102
Step: 500000, Returns: 3.840, Epsilon: 0.0100
Step: 500100, Returns: 4.030, Epsilon: 0.0100
Step: 500200, Returns: 4.050, Epsilon: 0.0100
Step: 500300, Returns: 4.050, Epsilon: 0.0100
Step: 500400, Returns: 4.050, Epsilon: 0.0100
Step: 500500, Returns: 4.050, Epsilon: 0.0100
Step: 500600, Returns: 4.050, Epsilon: 0.0100
Updating target network...
Step: 500700, Returns: 4.070, Epsilon: 0.0100
Step: 500800, Returns: 4.070, Epsilon: 0.0100
Step: 500900, Returns: 4.200, Epsilon: 0.0100
Step: 501000, Returns: 4.200, Epsilon: 0.0100
Step: 501100, Returns: 4.260, Epsilon: 0.0100
Step: 501200, Returns: 4.260, Epsilon: 0.0100
Step: 501300, Returns: 4.370, Epsilon: 0.0100
Step: 501400, Returns: 4.370, Epsilon: 0.0100
Step: 501500, Returns: 4.370, Epsilon: 0.0100
Step: 501600, Returns: 4.350, Epsilon: 0.0100
Step: 501700, Returns: 4.520, Epsilon: 0.0100
Step: 501800, Returns: 4.630, Epsilon: 0.0100
Step: 501900, Returns: 4.630, Epsilon: 0.0100
Step: 502000, Returns: 4.630, Epsilon: 0.0100
Step: 502100, Returns: 4.630, Epsilon: 0.0100
Step: 502200, Returns: 4.630, Epsilon: 0.0100
Step: 502300, Returns: 4.630, Epsilon: 0.0100
Step: 502400, Returns: 4.630, Epsilon: 0.0100
Step: 502500, Returns: 4.630, Epsilon: 0.0100
Step: 502600, Returns: 4.630, Epsilon: 0.0100
Step: 502700, Returns: 4.700, Epsilon: 0.0100
Step: 502800, Returns: 4.750, Epsilon: 0.0100
Step: 502900, Returns: 4.860, Epsilon: 0.0100
Step: 503000, Returns: 4.860, Epsilon: 0.0100
Step: 503100, Returns: 4.970, Epsilon: 0.0100
Updating target network...
Step: 503200, Returns: 5.030, Epsilon: 0.0100
Step: 503300, Returns: 5.030, Epsilon: 0.0100
Step: 503400, Returns: 5.030, Epsilon: 0.0100
Step: 503500, Returns: 5.030, Epsilon: 0.0100
Step: 503600, Returns: 5.130, Epsilon: 0.0100
Step: 503700, Returns: 5.130, Epsilon: 0.0100
Step: 503800, Returns: 5.170, Epsilon: 0.0100
Step: 503900, Returns: 5.170, Epsilon: 0.0100
Step: 504000, Returns: 5.170, Epsilon: 0.0100
Step: 504100, Returns: 5.170, Epsilon: 0.0100
Step: 504200, Returns: 5.170, Epsilon: 0.0100
Step: 504300, Returns: 5.250, Epsilon: 0.0100
Step: 504400, Returns: 5.250, Epsilon: 0.0100
Step: 504500, Returns: 5.250, Epsilon: 0.0100
Step: 504600, Returns: 5.270, Epsilon: 0.0100
Step: 504700, Returns: 5.270, Epsilon: 0.0100
Step: 504800, Returns: 5.420, Epsilon: 0.0100
Step: 504900, Returns: 5.370, Epsilon: 0.0100
Step: 505000, Returns: 5.370, Epsilon: 0.0100
Step: 505100, Returns: 5.380, Epsilon: 0.0100
Step: 505200, Returns: 5.380, Epsilon: 0.0100
Step: 505300, Returns: 5.380, Epsilon: 0.0100
Step: 505400, Returns: 5.360, Epsilon: 0.0100
Step: 505500, Returns: 5.360, Epsilon: 0.0100
Step: 505600, Returns: 5.390, Epsilon: 0.0100
Updating target network...
Step: 505700, Returns: 5.390, Epsilon: 0.0100
Step: 505800, Returns: 5.390, Epsilon: 0.0100
Step: 505900, Returns: 5.390, Epsilon: 0.0100
Step: 506000, Returns: 5.390, Epsilon: 0.0100
Step: 506100, Returns: 5.460, Epsilon: 0.0100
Step: 506200, Returns: 5.460, Epsilon: 0.0100
Step: 506300, Returns: 5.460, Epsilon: 0.0100
Step: 506400, Returns: 5.560, Epsilon: 0.0100
Step: 506500, Returns: 5.560, Epsilon: 0.0100
Step: 506600, Returns: 5.560, Epsilon: 0.0100
Step: 506700, Returns: 5.650, Epsilon: 0.0100
Step: 506800, Returns: 5.650, Epsilon: 0.0100
Step: 506900, Returns: 5.650, Epsilon: 0.0100
Step: 507000, Returns: 5.650, Epsilon: 0.0100
Step: 507100, Returns: 5.650, Epsilon: 0.0100
Step: 507200, Returns: 5.650, Epsilon: 0.0100
Step: 507300, Returns: 5.650, Epsilon: 0.0100
Step: 507400, Returns: 5.620, Epsilon: 0.0100
Step: 507500, Returns: 5.620, Epsilon: 0.0100
Step: 507600, Returns: 5.620, Epsilon: 0.0100
Step: 507700, Returns: 5.620, Epsilon: 0.0100
Step: 507800, Returns: 5.790, Epsilon: 0.0100
Step: 507900, Returns: 5.790, Epsilon: 0.0100
Step: 508000, Returns: 5.790, Epsilon: 0.0100
Step: 508100, Returns: 5.770, Epsilon: 0.0100
Updating target network...
Step: 508200, Returns: 6.050, Epsilon: 0.0100
Step: 508300, Returns: 6.200, Epsilon: 0.0100
Step: 508400, Returns: 6.320, Epsilon: 0.0100
Step: 508500, Returns: 6.210, Epsilon: 0.0100
Step: 508600, Returns: 6.210, Epsilon: 0.0100
Step: 508700, Returns: 6.210, Epsilon: 0.0100
Step: 508800, Returns: 6.210, Epsilon: 0.0100
Step: 508900, Returns: 6.210, Epsilon: 0.0100
Step: 509000, Returns: 6.250, Epsilon: 0.0100
Step: 509100, Returns: 6.250, Epsilon: 0.0100
Step: 509200, Returns: 6.250, Epsilon: 0.0100
Step: 509300, Returns: 6.250, Epsilon: 0.0100
Step: 509400, Returns: 6.250, Epsilon: 0.0100
Step: 509500, Returns: 6.340, Epsilon: 0.0100
Step: 509600, Returns: 6.340, Epsilon: 0.0100
Step: 509700, Returns: 6.370, Epsilon: 0.0100
Step: 509800, Returns: 6.390, Epsilon: 0.0100
Step: 509900, Returns: 6.390, Epsilon: 0.0100
Step: 510000, Returns: 6.370, Epsilon: 0.0100
Step: 510100, Returns: 6.370, Epsilon: 0.0100
Step: 510200, Returns: 6.370, Epsilon: 0.0100
Step: 510300, Returns: 6.370, Epsilon: 0.0100
Step: 510400, Returns: 6.370, Epsilon: 0.0100
Step: 510500, Returns: 6.600, Epsilon: 0.0100
Step: 510600, Returns: 6.600, Epsilon: 0.0100
Updating target network...
Step: 510700, Returns: 6.600, Epsilon: 0.0100
Step: 510800, Returns: 6.640, Epsilon: 0.0100
Step: 510900, Returns: 6.640, Epsilon: 0.0100
Step: 511000, Returns: 6.840, Epsilon: 0.0100
Step: 511100, Returns: 6.840, Epsilon: 0.0100
Step: 511200, Returns: 6.840, Epsilon: 0.0100
Step: 511300, Returns: 6.880, Epsilon: 0.0100
Step: 511400, Returns: 6.970, Epsilon: 0.0100
Step: 511500, Returns: 6.970, Epsilon: 0.0100
Step: 511600, Returns: 7.070, Epsilon: 0.0100
Step: 511700, Returns: 6.990, Epsilon: 0.0100
Step: 511800, Returns: 7.080, Epsilon: 0.0100
Step: 511900, Returns: 7.080, Epsilon: 0.0100
Step: 512000, Returns: 7.080, Epsilon: 0.0100
Step: 512100, Returns: 7.080, Epsilon: 0.0100
Step: 512200, Returns: 7.020, Epsilon: 0.0100
Step: 512300, Returns: 7.020, Epsilon: 0.0100
Step: 512400, Returns: 7.050, Epsilon: 0.0100
Step: 512500, Returns: 7.050, Epsilon: 0.0100
Step: 512600, Returns: 7.050, Epsilon: 0.0100
Step: 512700, Returns: 7.050, Epsilon: 0.0100
Step: 512800, Returns: 7.050, Epsilon: 0.0100
Step: 512900, Returns: 7.160, Epsilon: 0.0100
Step: 513000, Returns: 7.240, Epsilon: 0.0100
Step: 513100, Returns: 7.240, Epsilon: 0.0100
Updating target network...
Step: 513200, Returns: 7.200, Epsilon: 0.0100
Step: 513300, Returns: 7.200, Epsilon: 0.0100
Step: 513400, Returns: 7.200, Epsilon: 0.0100
Step: 513500, Returns: 7.200, Epsilon: 0.0100
Step: 513600, Returns: 7.250, Epsilon: 0.0100
Step: 513700, Returns: 7.260, Epsilon: 0.0100
Step: 513800, Returns: 7.260, Epsilon: 0.0100
Step: 513900, Returns: 7.440, Epsilon: 0.0100
Step: 514000, Returns: 7.440, Epsilon: 0.0100
Step: 514100, Returns: 7.420, Epsilon: 0.0100
Step: 514200, Returns: 7.480, Epsilon: 0.0100
Step: 514300, Returns: 7.480, Epsilon: 0.0100
Step: 514400, Returns: 7.480, Epsilon: 0.0100
Step: 514500, Returns: 7.480, Epsilon: 0.0100
Step: 514600, Returns: 7.560, Epsilon: 0.0100
Step: 514700, Returns: 7.560, Epsilon: 0.0100
Step: 514800, Returns: 7.600, Epsilon: 0.0100
Step: 514900, Returns: 7.600, Epsilon: 0.0100
Step: 515000, Returns: 7.600, Epsilon: 0.0100
Step: 515100, Returns: 7.600, Epsilon: 0.0100
Step: 515200, Returns: 7.600, Epsilon: 0.0100
Step: 515300, Returns: 7.600, Epsilon: 0.0100
Step: 515400, Returns: 7.600, Epsilon: 0.0100
Step: 515500, Returns: 7.620, Epsilon: 0.0100
Step: 515600, Returns: 7.730, Epsilon: 0.0100
Updating target network...
Step: 515700, Returns: 7.780, Epsilon: 0.0100
Step: 515800, Returns: 7.780, Epsilon: 0.0100
Step: 515900, Returns: 7.780, Epsilon: 0.0100
Step: 516000, Returns: 7.910, Epsilon: 0.0100
Step: 516100, Returns: 7.910, Epsilon: 0.0100
Step: 516200, Returns: 7.910, Epsilon: 0.0100
Step: 516300, Returns: 7.910, Epsilon: 0.0100
Step: 516400, Returns: 7.860, Epsilon: 0.0100
Step: 516500, Returns: 7.860, Epsilon: 0.0100
Step: 516600, Returns: 7.860, Epsilon: 0.0100
Step: 516700, Returns: 7.980, Epsilon: 0.0100
Step: 516800, Returns: 8.010, Epsilon: 0.0100
Step: 516900, Returns: 8.010, Epsilon: 0.0100
Step: 517000, Returns: 8.020, Epsilon: 0.0100
Step: 517100, Returns: 8.010, Epsilon: 0.0100
Step: 517200, Returns: 8.070, Epsilon: 0.0100
Step: 517300, Returns: 8.070, Epsilon: 0.0100
Step: 517400, Returns: 8.070, Epsilon: 0.0100
Step: 517500, Returns: 8.160, Epsilon: 0.0100
Step: 517600, Returns: 8.160, Epsilon: 0.0100
Step: 517700, Returns: 8.160, Epsilon: 0.0100
Step: 517800, Returns: 8.230, Epsilon: 0.0100
Step: 517900, Returns: 8.200, Epsilon: 0.0100
Step: 518000, Returns: 8.200, Epsilon: 0.0100
Step: 518100, Returns: 8.350, Epsilon: 0.0100
Updating target network...
Step: 518200, Returns: 8.390, Epsilon: 0.0100
Step: 518300, Returns: 8.390, Epsilon: 0.0100
Step: 518400, Returns: 8.390, Epsilon: 0.0100
Step: 518500, Returns: 8.390, Epsilon: 0.0100
Step: 518600, Returns: 8.390, Epsilon: 0.0100
Step: 518700, Returns: 8.390, Epsilon: 0.0100
Step: 518800, Returns: 8.390, Epsilon: 0.0100
Step: 518900, Returns: 8.410, Epsilon: 0.0100
Step: 519000, Returns: 8.410, Epsilon: 0.0100
Step: 519100, Returns: 8.410, Epsilon: 0.0100
Step: 519200, Returns: 8.410, Epsilon: 0.0100
Step: 519300, Returns: 8.400, Epsilon: 0.0100
Step: 519400, Returns: 8.400, Epsilon: 0.0100
Step: 519500, Returns: 8.400, Epsilon: 0.0100
Step: 519600, Returns: 8.400, Epsilon: 0.0100
Step: 519700, Returns: 8.440, Epsilon: 0.0100
Step: 519800, Returns: 8.490, Epsilon: 0.0100
Step: 519900, Returns: 8.490, Epsilon: 0.0100
Step: 520000, Returns: 8.460, Epsilon: 0.0100
Step: 520100, Returns: 8.430, Epsilon: 0.0100
Step: 520200, Returns: 8.430, Epsilon: 0.0100
Step: 520300, Returns: 8.390, Epsilon: 0.0100
Step: 520400, Returns: 8.420, Epsilon: 0.0100
Step: 520500, Returns: 8.420, Epsilon: 0.0100
Step: 520600, Returns: 8.420, Epsilon: 0.0100
Updating target network...
Step: 520700, Returns: 8.420, Epsilon: 0.0100
Step: 520800, Returns: 8.420, Epsilon: 0.0100
Step: 520900, Returns: 8.420, Epsilon: 0.0100
Step: 521000, Returns: 8.490, Epsilon: 0.0100
Step: 521100, Returns: 8.490, Epsilon: 0.0100
Step: 521200, Returns: 8.540, Epsilon: 0.0100
Step: 521300, Returns: 8.540, Epsilon: 0.0100
Step: 521400, Returns: 8.550, Epsilon: 0.0100
Step: 521500, Returns: 8.550, Epsilon: 0.0100
Step: 521600, Returns: 8.550, Epsilon: 0.0100
Step: 521700, Returns: 8.550, Epsilon: 0.0100
Step: 521800, Returns: 8.550, Epsilon: 0.0100
Step: 521900, Returns: 8.550, Epsilon: 0.0100
Step: 522000, Returns: 8.550, Epsilon: 0.0100
Step: 522100, Returns: 8.550, Epsilon: 0.0100
Step: 522200, Returns: 8.540, Epsilon: 0.0100
Step: 522300, Returns: 8.650, Epsilon: 0.0100
Step: 522400, Returns: 8.650, Epsilon: 0.0100
Step: 522500, Returns: 8.620, Epsilon: 0.0100
Step: 522600, Returns: 8.750, Epsilon: 0.0100
Step: 522700, Returns: 8.750, Epsilon: 0.0100
Step: 522800, Returns: 8.750, Epsilon: 0.0100
Step: 522900, Returns: 8.750, Epsilon: 0.0100
Step: 523000, Returns: 8.890, Epsilon: 0.0100
Step: 523100, Returns: 8.920, Epsilon: 0.0100
Updating target network...
Step: 523200, Returns: 8.920, Epsilon: 0.0100
Step: 523300, Returns: 8.920, Epsilon: 0.0100
Step: 523400, Returns: 8.900, Epsilon: 0.0100
Step: 523500, Returns: 8.950, Epsilon: 0.0100
Step: 523600, Returns: 8.950, Epsilon: 0.0100
Step: 523700, Returns: 8.980, Epsilon: 0.0100
Step: 523800, Returns: 8.980, Epsilon: 0.0100
Step: 523900, Returns: 8.980, Epsilon: 0.0100
Step: 524000, Returns: 8.980, Epsilon: 0.0100
Step: 524100, Returns: 9.010, Epsilon: 0.0100
Step: 524200, Returns: 9.050, Epsilon: 0.0100
Step: 524300, Returns: 8.980, Epsilon: 0.0100
Step: 524400, Returns: 8.980, Epsilon: 0.0100
Step: 524500, Returns: 8.980, Epsilon: 0.0100
Step: 524600, Returns: 8.980, Epsilon: 0.0100
Step: 524700, Returns: 9.090, Epsilon: 0.0100
Step: 524800, Returns: 9.090, Epsilon: 0.0100
Step: 524900, Returns: 9.090, Epsilon: 0.0100
Step: 525000, Returns: 9.090, Epsilon: 0.0100
Step: 525100, Returns: 9.260, Epsilon: 0.0100
Step: 525200, Returns: 9.330, Epsilon: 0.0100
Step: 525300, Returns: 9.330, Epsilon: 0.0100
Step: 525400, Returns: 9.330, Epsilon: 0.0100
Step: 525500, Returns: 9.330, Epsilon: 0.0100
Step: 525600, Returns: 9.330, Epsilon: 0.0100
Updating target network...
Step: 525700, Returns: 9.390, Epsilon: 0.0100
Step: 525800, Returns: 9.390, Epsilon: 0.0100
Step: 525900, Returns: 9.380, Epsilon: 0.0100
Step: 526000, Returns: 9.380, Epsilon: 0.0100
Step: 526100, Returns: 9.380, Epsilon: 0.0100
Step: 526200, Returns: 9.410, Epsilon: 0.0100
Step: 526300, Returns: 9.390, Epsilon: 0.0100
Step: 526400, Returns: 9.390, Epsilon: 0.0100
Step: 526500, Returns: 9.320, Epsilon: 0.0100
Step: 526600, Returns: 9.320, Epsilon: 0.0100
Step: 526700, Returns: 9.320, Epsilon: 0.0100
Step: 526800, Returns: 9.400, Epsilon: 0.0100
Step: 526900, Returns: 9.410, Epsilon: 0.0100
Step: 527000, Returns: 9.500, Epsilon: 0.0100
Step: 527100, Returns: 9.500, Epsilon: 0.0100
Step: 527200, Returns: 9.520, Epsilon: 0.0100
Step: 527300, Returns: 9.520, Epsilon: 0.0100
Step: 527400, Returns: 9.520, Epsilon: 0.0100
Step: 527500, Returns: 9.520, Epsilon: 0.0100
Step: 527600, Returns: 9.670, Epsilon: 0.0100
Step: 527700, Returns: 9.690, Epsilon: 0.0100
Step: 527800, Returns: 9.690, Epsilon: 0.0100
Step: 527900, Returns: 9.690, Epsilon: 0.0100
Step: 528000, Returns: 9.690, Epsilon: 0.0100
Step: 528100, Returns: 9.690, Epsilon: 0.0100
Updating target network...
Step: 528200, Returns: 9.760, Epsilon: 0.0100
Step: 528300, Returns: 9.860, Epsilon: 0.0100
Step: 528400, Returns: 9.860, Epsilon: 0.0100
Step: 528500, Returns: 9.860, Epsilon: 0.0100
Step: 528600, Returns: 9.860, Epsilon: 0.0100
Step: 528700, Returns: 9.860, Epsilon: 0.0100
Step: 528800, Returns: 9.860, Epsilon: 0.0100
Step: 528900, Returns: 9.860, Epsilon: 0.0100
Step: 529000, Returns: 9.860, Epsilon: 0.0100
Step: 529100, Returns: 9.930, Epsilon: 0.0100
Step: 529200, Returns: 9.930, Epsilon: 0.0100
Step: 529300, Returns: 9.930, Epsilon: 0.0100
Step: 529400, Returns: 9.930, Epsilon: 0.0100
Step: 529500, Returns: 10.040, Epsilon: 0.0100
Step: 529600, Returns: 10.010, Epsilon: 0.0100
Step: 529700, Returns: 10.010, Epsilon: 0.0100
Step: 529800, Returns: 10.010, Epsilon: 0.0100
Step: 529900, Returns: 10.040, Epsilon: 0.0100
Step: 530000, Returns: 10.040, Epsilon: 0.0100
Step: 530100, Returns: 10.160, Epsilon: 0.0100
Step: 530200, Returns: 10.160, Epsilon: 0.0100
Step: 530300, Returns: 10.160, Epsilon: 0.0100
Step: 530400, Returns: 10.160, Epsilon: 0.0100
Step: 530500, Returns: 10.290, Epsilon: 0.0100
Step: 530600, Returns: 10.290, Epsilon: 0.0100
Updating target network...
Step: 530700, Returns: 10.290, Epsilon: 0.0100
Step: 530800, Returns: 10.290, Epsilon: 0.0100
Step: 530900, Returns: 10.290, Epsilon: 0.0100
Step: 531000, Returns: 10.290, Epsilon: 0.0100
Step: 531100, Returns: 10.420, Epsilon: 0.0100
Step: 531200, Returns: 10.420, Epsilon: 0.0100
Step: 531300, Returns: 10.510, Epsilon: 0.0100
Step: 531400, Returns: 10.510, Epsilon: 0.0100
Step: 531500, Returns: 10.510, Epsilon: 0.0100
Step: 531600, Returns: 10.610, Epsilon: 0.0100
Step: 531700, Returns: 10.610, Epsilon: 0.0100
Step: 531800, Returns: 10.610, Epsilon: 0.0100
Step: 531900, Returns: 10.760, Epsilon: 0.0100
Step: 532000, Returns: 10.760, Epsilon: 0.0100
Step: 532100, Returns: 10.780, Epsilon: 0.0100
Step: 532200, Returns: 10.780, Epsilon: 0.0100
Step: 532300, Returns: 10.780, Epsilon: 0.0100
Step: 532400, Returns: 10.780, Epsilon: 0.0100
Step: 532500, Returns: 10.830, Epsilon: 0.0100
Step: 532600, Returns: 10.920, Epsilon: 0.0100
Step: 532700, Returns: 10.950, Epsilon: 0.0100
Step: 532800, Returns: 11.060, Epsilon: 0.0100
Step: 532900, Returns: 11.080, Epsilon: 0.0100
Step: 533000, Returns: 11.130, Epsilon: 0.0100
Step: 533100, Returns: 11.130, Epsilon: 0.0100
Updating target network...
Step: 533200, Returns: 11.130, Epsilon: 0.0100
Step: 533300, Returns: 11.180, Epsilon: 0.0100
Step: 533400, Returns: 11.180, Epsilon: 0.0100
Step: 533500, Returns: 11.180, Epsilon: 0.0100
Step: 533600, Returns: 11.180, Epsilon: 0.0100
Step: 533700, Returns: 11.180, Epsilon: 0.0100
Step: 533800, Returns: 11.180, Epsilon: 0.0100
Step: 533900, Returns: 11.180, Epsilon: 0.0100
Step: 534000, Returns: 11.190, Epsilon: 0.0100
Step: 534100, Returns: 11.190, Epsilon: 0.0100
Step: 534200, Returns: 11.190, Epsilon: 0.0100
Step: 534300, Returns: 11.310, Epsilon: 0.0100
Step: 534400, Returns: 11.340, Epsilon: 0.0100
Step: 534500, Returns: 11.360, Epsilon: 0.0100
Step: 534600, Returns: 11.400, Epsilon: 0.0100
Step: 534700, Returns: 11.400, Epsilon: 0.0100
Step: 534800, Returns: 11.400, Epsilon: 0.0100
Step: 534900, Returns: 11.400, Epsilon: 0.0100
Step: 535000, Returns: 11.470, Epsilon: 0.0100
Step: 535100, Returns: 11.460, Epsilon: 0.0100
Step: 535200, Returns: 11.460, Epsilon: 0.0100
Step: 535300, Returns: 11.470, Epsilon: 0.0100
Step: 535400, Returns: 11.470, Epsilon: 0.0100
Step: 535500, Returns: 11.470, Epsilon: 0.0100
Step: 535600, Returns: 11.470, Epsilon: 0.0100
Updating target network...
Step: 535700, Returns: 11.470, Epsilon: 0.0100
Step: 535800, Returns: 11.470, Epsilon: 0.0100
Step: 535900, Returns: 11.470, Epsilon: 0.0100
Step: 536000, Returns: 11.560, Epsilon: 0.0100
Step: 536100, Returns: 11.490, Epsilon: 0.0100
Step: 536200, Returns: 11.520, Epsilon: 0.0100
Step: 536300, Returns: 11.520, Epsilon: 0.0100
Step: 536400, Returns: 11.520, Epsilon: 0.0100
Step: 536500, Returns: 11.520, Epsilon: 0.0100
Step: 536600, Returns: 11.560, Epsilon: 0.0100
Step: 536700, Returns: 11.680, Epsilon: 0.0100
Step: 536800, Returns: 11.680, Epsilon: 0.0100
Step: 536900, Returns: 11.680, Epsilon: 0.0100
Step: 537000, Returns: 11.680, Epsilon: 0.0100
Step: 537100, Returns: 11.680, Epsilon: 0.0100
Step: 537200, Returns: 11.690, Epsilon: 0.0100
Step: 537300, Returns: 11.780, Epsilon: 0.0100
Step: 537400, Returns: 11.860, Epsilon: 0.0100
Step: 537500, Returns: 11.860, Epsilon: 0.0100
Step: 537600, Returns: 11.860, Epsilon: 0.0100
Step: 537700, Returns: 11.970, Epsilon: 0.0100
Step: 537800, Returns: 12.120, Epsilon: 0.0100
Step: 537900, Returns: 12.180, Epsilon: 0.0100
Step: 538000, Returns: 12.180, Epsilon: 0.0100
Step: 538100, Returns: 12.180, Epsilon: 0.0100
Updating target network...
Step: 538200, Returns: 12.180, Epsilon: 0.0100
Step: 538300, Returns: 12.260, Epsilon: 0.0100
Step: 538400, Returns: 12.260, Epsilon: 0.0100
Step: 538500, Returns: 12.260, Epsilon: 0.0100
Step: 538600, Returns: 12.270, Epsilon: 0.0100
Step: 538700, Returns: 12.270, Epsilon: 0.0100
Step: 538800, Returns: 12.320, Epsilon: 0.0100
Step: 538900, Returns: 12.330, Epsilon: 0.0100
Step: 539000, Returns: 12.330, Epsilon: 0.0100
Step: 539100, Returns: 12.430, Epsilon: 0.0100
Step: 539200, Returns: 12.430, Epsilon: 0.0100
Step: 539300, Returns: 12.510, Epsilon: 0.0100
Step: 539400, Returns: 12.510, Epsilon: 0.0100
Step: 539500, Returns: 12.500, Epsilon: 0.0100
Step: 539600, Returns: 12.480, Epsilon: 0.0100
Step: 539700, Returns: 12.480, Epsilon: 0.0100
Step: 539800, Returns: 12.480, Epsilon: 0.0100
Step: 539900, Returns: 12.480, Epsilon: 0.0100
Step: 540000, Returns: 12.550, Epsilon: 0.0100
Step: 540100, Returns: 12.550, Epsilon: 0.0100
Step: 540200, Returns: 12.680, Epsilon: 0.0100
Step: 540300, Returns: 12.680, Epsilon: 0.0100
Step: 540400, Returns: 12.680, Epsilon: 0.0100
Step: 540500, Returns: 12.700, Epsilon: 0.0100
Step: 540600, Returns: 12.700, Epsilon: 0.0100
Updating target network...
Step: 540700, Returns: 12.730, Epsilon: 0.0100
Step: 540800, Returns: 12.730, Epsilon: 0.0100
Step: 540900, Returns: 12.910, Epsilon: 0.0100
Step: 541000, Returns: 12.910, Epsilon: 0.0100
Step: 541100, Returns: 12.910, Epsilon: 0.0100
Step: 541200, Returns: 12.910, Epsilon: 0.0100
Step: 541300, Returns: 12.910, Epsilon: 0.0100
Step: 541400, Returns: 12.990, Epsilon: 0.0100
Step: 541500, Returns: 12.960, Epsilon: 0.0100
Step: 541600, Returns: 12.960, Epsilon: 0.0100
Step: 541700, Returns: 13.050, Epsilon: 0.0100
Step: 541800, Returns: 13.100, Epsilon: 0.0100
Step: 541900, Returns: 13.100, Epsilon: 0.0100
Step: 542000, Returns: 13.100, Epsilon: 0.0100
Step: 542100, Returns: 13.100, Epsilon: 0.0100
Step: 542200, Returns: 13.140, Epsilon: 0.0100
Step: 542300, Returns: 13.190, Epsilon: 0.0100
Step: 542400, Returns: 13.230, Epsilon: 0.0100
Step: 542500, Returns: 13.230, Epsilon: 0.0100
Step: 542600, Returns: 13.230, Epsilon: 0.0100
Step: 542700, Returns: 13.350, Epsilon: 0.0100
Step: 542800, Returns: 13.350, Epsilon: 0.0100
Step: 542900, Returns: 13.350, Epsilon: 0.0100
Step: 543000, Returns: 13.480, Epsilon: 0.0100
Step: 543100, Returns: 13.470, Epsilon: 0.0100
Updating target network...
Step: 543200, Returns: 13.440, Epsilon: 0.0100
Step: 543300, Returns: 13.550, Epsilon: 0.0100
Step: 543400, Returns: 13.550, Epsilon: 0.0100
Step: 543500, Returns: 13.550, Epsilon: 0.0100
Step: 543600, Returns: 13.550, Epsilon: 0.0100
Step: 543700, Returns: 13.550, Epsilon: 0.0100
Step: 543800, Returns: 13.550, Epsilon: 0.0100
Step: 543900, Returns: 13.550, Epsilon: 0.0100
Step: 544000, Returns: 13.650, Epsilon: 0.0100
Step: 544100, Returns: 13.650, Epsilon: 0.0100
Step: 544200, Returns: 13.730, Epsilon: 0.0100
Step: 544300, Returns: 13.730, Epsilon: 0.0100
Step: 544400, Returns: 13.780, Epsilon: 0.0100
Step: 544500, Returns: 13.860, Epsilon: 0.0100
Step: 544600, Returns: 13.860, Epsilon: 0.0100
Step: 544700, Returns: 13.860, Epsilon: 0.0100
Step: 544800, Returns: 13.860, Epsilon: 0.0100
Step: 544900, Returns: 13.860, Epsilon: 0.0100
Step: 545000, Returns: 13.860, Epsilon: 0.0100
Step: 545100, Returns: 13.950, Epsilon: 0.0100
Step: 545200, Returns: 13.950, Epsilon: 0.0100
Step: 545300, Returns: 13.950, Epsilon: 0.0100
Step: 545400, Returns: 14.000, Epsilon: 0.0100
Step: 545500, Returns: 14.060, Epsilon: 0.0100
Step: 545600, Returns: 14.060, Epsilon: 0.0100
Updating target network...
Step: 545700, Returns: 14.100, Epsilon: 0.0100
Step: 545800, Returns: 14.100, Epsilon: 0.0100
Step: 545900, Returns: 14.100, Epsilon: 0.0100
Step: 546000, Returns: 14.210, Epsilon: 0.0100
Step: 546100, Returns: 14.130, Epsilon: 0.0100
Step: 546200, Returns: 14.200, Epsilon: 0.0100
Step: 546300, Returns: 14.200, Epsilon: 0.0100
Step: 546400, Returns: 14.200, Epsilon: 0.0100
Step: 546500, Returns: 14.200, Epsilon: 0.0100
Step: 546600, Returns: 14.270, Epsilon: 0.0100
Step: 546700, Returns: 14.250, Epsilon: 0.0100
Step: 546800, Returns: 14.210, Epsilon: 0.0100
Step: 546900, Returns: 14.200, Epsilon: 0.0100
Step: 547000, Returns: 14.200, Epsilon: 0.0100
Step: 547100, Returns: 14.200, Epsilon: 0.0100
Step: 547200, Returns: 14.200, Epsilon: 0.0100
Step: 547300, Returns: 14.200, Epsilon: 0.0100
Step: 547400, Returns: 14.220, Epsilon: 0.0100
Step: 547500, Returns: 14.220, Epsilon: 0.0100
Step: 547600, Returns: 14.220, Epsilon: 0.0100
Step: 547700, Returns: 14.270, Epsilon: 0.0100
Step: 547800, Returns: 14.270, Epsilon: 0.0100
Step: 547900, Returns: 14.260, Epsilon: 0.0100
Step: 548000, Returns: 14.260, Epsilon: 0.0100
Step: 548100, Returns: 14.260, Epsilon: 0.0100
Updating target network...
Step: 548200, Returns: 14.260, Epsilon: 0.0100
Step: 548300, Returns: 14.430, Epsilon: 0.0100
Step: 548400, Returns: 14.480, Epsilon: 0.0100
Step: 548500, Returns: 14.480, Epsilon: 0.0100
Step: 548600, Returns: 14.630, Epsilon: 0.0100
Step: 548700, Returns: 14.610, Epsilon: 0.0100
Step: 548800, Returns: 14.610, Epsilon: 0.0100
Step: 548900, Returns: 14.610, Epsilon: 0.0100
Step: 549000, Returns: 14.610, Epsilon: 0.0100
Step: 549100, Returns: 14.620, Epsilon: 0.0100
Step: 549200, Returns: 14.620, Epsilon: 0.0100
Step: 549300, Returns: 14.620, Epsilon: 0.0100
Step: 549400, Returns: 14.620, Epsilon: 0.0100
Step: 549500, Returns: 14.680, Epsilon: 0.0100
Step: 549600, Returns: 14.660, Epsilon: 0.0100
Step: 549700, Returns: 14.660, Epsilon: 0.0100
Step: 549800, Returns: 14.660, Epsilon: 0.0100
Step: 549900, Returns: 14.860, Epsilon: 0.0100
Step: 550000, Returns: 14.910, Epsilon: 0.0100
Step: 550100, Returns: 14.910, Epsilon: 0.0100
Step: 550200, Returns: 14.910, Epsilon: 0.0100
Step: 550300, Returns: 14.910, Epsilon: 0.0100
Step: 550400, Returns: 14.910, Epsilon: 0.0100
Step: 550500, Returns: 15.020, Epsilon: 0.0100
Step: 550600, Returns: 15.160, Epsilon: 0.0100
Updating target network...
Step: 550700, Returns: 15.200, Epsilon: 0.0100
Step: 550800, Returns: 15.200, Epsilon: 0.0100
Step: 550900, Returns: 15.200, Epsilon: 0.0100
Step: 551000, Returns: 15.200, Epsilon: 0.0100
Step: 551100, Returns: 15.270, Epsilon: 0.0100
Step: 551200, Returns: 15.230, Epsilon: 0.0100
Step: 551300, Returns: 15.230, Epsilon: 0.0100
Step: 551400, Returns: 15.230, Epsilon: 0.0100
Step: 551500, Returns: 15.310, Epsilon: 0.0100
Step: 551600, Returns: 15.280, Epsilon: 0.0100
Step: 551700, Returns: 15.280, Epsilon: 0.0100
Step: 551800, Returns: 15.300, Epsilon: 0.0100
Step: 551900, Returns: 15.280, Epsilon: 0.0100
Step: 552000, Returns: 15.280, Epsilon: 0.0100
Step: 552100, Returns: 15.270, Epsilon: 0.0100
Step: 552200, Returns: 15.270, Epsilon: 0.0100
Step: 552300, Returns: 15.260, Epsilon: 0.0100
Step: 552400, Returns: 15.220, Epsilon: 0.0100
Step: 552500, Returns: 15.220, Epsilon: 0.0100
Step: 552600, Returns: 15.220, Epsilon: 0.0100
Step: 552700, Returns: 15.210, Epsilon: 0.0100
Step: 552800, Returns: 15.210, Epsilon: 0.0100
Step: 552900, Returns: 15.260, Epsilon: 0.0100
Step: 553000, Returns: 15.270, Epsilon: 0.0100
Step: 553100, Returns: 15.270, Epsilon: 0.0100
Updating target network...
Step: 553200, Returns: 15.270, Epsilon: 0.0100
Step: 553300, Returns: 15.250, Epsilon: 0.0100
Step: 553400, Returns: 15.250, Epsilon: 0.0100
Step: 553500, Returns: 15.250, Epsilon: 0.0100
Step: 553600, Returns: 15.260, Epsilon: 0.0100
Step: 553700, Returns: 15.260, Epsilon: 0.0100
Step: 553800, Returns: 15.260, Epsilon: 0.0100
Step: 553900, Returns: 15.260, Epsilon: 0.0100
Step: 554000, Returns: 15.260, Epsilon: 0.0100
Step: 554100, Returns: 15.290, Epsilon: 0.0100
Step: 554200, Returns: 15.290, Epsilon: 0.0100
Step: 554300, Returns: 15.290, Epsilon: 0.0100
Step: 554400, Returns: 15.340, Epsilon: 0.0100
Step: 554500, Returns: 15.480, Epsilon: 0.0100
Step: 554600, Returns: 15.480, Epsilon: 0.0100
Step: 554700, Returns: 15.480, Epsilon: 0.0100
Step: 554800, Returns: 15.480, Epsilon: 0.0100
Step: 554900, Returns: 15.490, Epsilon: 0.0100
Step: 555000, Returns: 15.490, Epsilon: 0.0100
Step: 555100, Returns: 15.490, Epsilon: 0.0100
Step: 555200, Returns: 15.490, Epsilon: 0.0100
Step: 555300, Returns: 15.520, Epsilon: 0.0100
Step: 555400, Returns: 15.530, Epsilon: 0.0100
Step: 555500, Returns: 15.530, Epsilon: 0.0100
Step: 555600, Returns: 15.530, Epsilon: 0.0100
Updating target network...
Step: 555700, Returns: 15.560, Epsilon: 0.0100
Step: 555800, Returns: 15.590, Epsilon: 0.0100
Step: 555900, Returns: 15.590, Epsilon: 0.0100
Step: 556000, Returns: 15.540, Epsilon: 0.0100
Step: 556100, Returns: 15.540, Epsilon: 0.0100
Step: 556200, Returns: 15.540, Epsilon: 0.0100
Step: 556300, Returns: 15.580, Epsilon: 0.0100
Step: 556400, Returns: 15.580, Epsilon: 0.0100
Step: 556500, Returns: 15.580, Epsilon: 0.0100
Step: 556600, Returns: 15.590, Epsilon: 0.0100
Step: 556700, Returns: 15.600, Epsilon: 0.0100
Step: 556800, Returns: 15.600, Epsilon: 0.0100
Step: 556900, Returns: 15.600, Epsilon: 0.0100
Step: 557000, Returns: 15.600, Epsilon: 0.0100
Step: 557100, Returns: 15.600, Epsilon: 0.0100
Step: 557200, Returns: 15.570, Epsilon: 0.0100
Step: 557300, Returns: 15.570, Epsilon: 0.0100
Step: 557400, Returns: 15.570, Epsilon: 0.0100
Step: 557500, Returns: 15.570, Epsilon: 0.0100
Step: 557600, Returns: 15.580, Epsilon: 0.0100
Step: 557700, Returns: 15.630, Epsilon: 0.0100
Step: 557800, Returns: 15.610, Epsilon: 0.0100
Step: 557900, Returns: 15.660, Epsilon: 0.0100
Step: 558000, Returns: 15.660, Epsilon: 0.0100
Step: 558100, Returns: 15.660, Epsilon: 0.0100
Updating target network...
Step: 558200, Returns: 15.650, Epsilon: 0.0100
Step: 558300, Returns: 15.730, Epsilon: 0.0100
Step: 558400, Returns: 15.750, Epsilon: 0.0100
Step: 558500, Returns: 15.750, Epsilon: 0.0100
Step: 558600, Returns: 15.750, Epsilon: 0.0100
Step: 558700, Returns: 15.750, Epsilon: 0.0100
Step: 558800, Returns: 15.740, Epsilon: 0.0100
Step: 558900, Returns: 15.750, Epsilon: 0.0100
Step: 559000, Returns: 15.750, Epsilon: 0.0100
Step: 559100, Returns: 15.640, Epsilon: 0.0100
Step: 559200, Returns: 15.640, Epsilon: 0.0100
Step: 559300, Returns: 15.640, Epsilon: 0.0100
Step: 559400, Returns: 15.640, Epsilon: 0.0100
Step: 559500, Returns: 15.640, Epsilon: 0.0100
Step: 559600, Returns: 15.710, Epsilon: 0.0100
Step: 559700, Returns: 15.710, Epsilon: 0.0100
Step: 559800, Returns: 15.690, Epsilon: 0.0100
Step: 559900, Returns: 15.680, Epsilon: 0.0100
Step: 560000, Returns: 15.680, Epsilon: 0.0100
Step: 560100, Returns: 15.680, Epsilon: 0.0100
Step: 560200, Returns: 15.680, Epsilon: 0.0100
Step: 560300, Returns: 15.730, Epsilon: 0.0100
Step: 560400, Returns: 15.730, Epsilon: 0.0100
Step: 560500, Returns: 15.670, Epsilon: 0.0100
Step: 560600, Returns: 15.670, Epsilon: 0.0100
Updating target network...
Step: 560700, Returns: 15.560, Epsilon: 0.0100
Step: 560800, Returns: 15.620, Epsilon: 0.0100
Step: 560900, Returns: 15.690, Epsilon: 0.0100
Step: 561000, Returns: 15.700, Epsilon: 0.0100
Step: 561100, Returns: 15.700, Epsilon: 0.0100
Step: 561200, Returns: 15.760, Epsilon: 0.0100
Step: 561300, Returns: 15.760, Epsilon: 0.0100
Step: 561400, Returns: 15.760, Epsilon: 0.0100
Step: 561500, Returns: 15.760, Epsilon: 0.0100
Step: 561600, Returns: 15.760, Epsilon: 0.0100
Step: 561700, Returns: 15.670, Epsilon: 0.0100
Step: 561800, Returns: 15.670, Epsilon: 0.0100
Step: 561900, Returns: 15.670, Epsilon: 0.0100
Step: 562000, Returns: 15.670, Epsilon: 0.0100
Step: 562100, Returns: 15.600, Epsilon: 0.0100
Step: 562200, Returns: 15.600, Epsilon: 0.0100
Step: 562300, Returns: 15.600, Epsilon: 0.0100
Step: 562400, Returns: 15.640, Epsilon: 0.0100
Step: 562500, Returns: 15.640, Epsilon: 0.0100
Step: 562600, Returns: 15.650, Epsilon: 0.0100
Step: 562700, Returns: 15.630, Epsilon: 0.0100
Step: 562800, Returns: 15.620, Epsilon: 0.0100
Step: 562900, Returns: 15.620, Epsilon: 0.0100
Step: 563000, Returns: 15.680, Epsilon: 0.0100
Step: 563100, Returns: 15.660, Epsilon: 0.0100
Updating target network...
Step: 563200, Returns: 15.660, Epsilon: 0.0100
Step: 563300, Returns: 15.630, Epsilon: 0.0100
Step: 563400, Returns: 15.530, Epsilon: 0.0100
Step: 563500, Returns: 15.530, Epsilon: 0.0100
Step: 563600, Returns: 15.530, Epsilon: 0.0100
Step: 563700, Returns: 15.530, Epsilon: 0.0100
Step: 563800, Returns: 15.330, Epsilon: 0.0100
Step: 563900, Returns: 15.330, Epsilon: 0.0100
Step: 564000, Returns: 15.330, Epsilon: 0.0100
Step: 564100, Returns: 15.330, Epsilon: 0.0100
Step: 564200, Returns: 15.330, Epsilon: 0.0100
Step: 564300, Returns: 15.330, Epsilon: 0.0100
Step: 564400, Returns: 15.330, Epsilon: 0.0100
Step: 564500, Returns: 15.390, Epsilon: 0.0100
Step: 564600, Returns: 15.420, Epsilon: 0.0100
Step: 564700, Returns: 15.450, Epsilon: 0.0100
Step: 564800, Returns: 15.520, Epsilon: 0.0100
Step: 564900, Returns: 15.520, Epsilon: 0.0100
Step: 565000, Returns: 15.520, Epsilon: 0.0100
Step: 565100, Returns: 15.520, Epsilon: 0.0100
Step: 565200, Returns: 15.520, Epsilon: 0.0100
Step: 565300, Returns: 15.550, Epsilon: 0.0100
Step: 565400, Returns: 15.550, Epsilon: 0.0100
Step: 565500, Returns: 15.550, Epsilon: 0.0100
Step: 565600, Returns: 15.560, Epsilon: 0.0100
Updating target network...
Step: 565700, Returns: 15.530, Epsilon: 0.0100
Step: 565800, Returns: 15.590, Epsilon: 0.0100
Step: 565900, Returns: 15.590, Epsilon: 0.0100
Step: 566000, Returns: 15.530, Epsilon: 0.0100
Step: 566100, Returns: 15.530, Epsilon: 0.0100
Step: 566200, Returns: 15.540, Epsilon: 0.0100
Step: 566300, Returns: 15.540, Epsilon: 0.0100
Step: 566400, Returns: 15.580, Epsilon: 0.0100
Step: 566500, Returns: 15.580, Epsilon: 0.0100
Step: 566600, Returns: 15.580, Epsilon: 0.0100
Step: 566700, Returns: 15.580, Epsilon: 0.0100
Step: 566800, Returns: 15.580, Epsilon: 0.0100
Step: 566900, Returns: 15.660, Epsilon: 0.0100
Step: 567000, Returns: 15.690, Epsilon: 0.0100
Step: 567100, Returns: 15.730, Epsilon: 0.0100
Step: 567200, Returns: 15.730, Epsilon: 0.0100
Step: 567300, Returns: 15.800, Epsilon: 0.0100
Step: 567400, Returns: 15.840, Epsilon: 0.0100
Step: 567500, Returns: 15.840, Epsilon: 0.0100
Step: 567600, Returns: 15.840, Epsilon: 0.0100
Step: 567700, Returns: 15.840, Epsilon: 0.0100
Step: 567800, Returns: 15.850, Epsilon: 0.0100
Step: 567900, Returns: 15.850, Epsilon: 0.0100
Step: 568000, Returns: 15.900, Epsilon: 0.0100
Step: 568100, Returns: 15.920, Epsilon: 0.0100
Updating target network...
Step: 568200, Returns: 15.870, Epsilon: 0.0100
Step: 568300, Returns: 15.870, Epsilon: 0.0100
Step: 568400, Returns: 15.870, Epsilon: 0.0100
Step: 568500, Returns: 15.870, Epsilon: 0.0100
Step: 568600, Returns: 15.870, Epsilon: 0.0100
Step: 568700, Returns: 15.870, Epsilon: 0.0100
Step: 568800, Returns: 15.870, Epsilon: 0.0100
Step: 568900, Returns: 15.910, Epsilon: 0.0100
Step: 569000, Returns: 15.910, Epsilon: 0.0100
Step: 569100, Returns: 15.770, Epsilon: 0.0100
Step: 569200, Returns: 15.770, Epsilon: 0.0100
Step: 569300, Returns: 15.770, Epsilon: 0.0100
Step: 569400, Returns: 15.750, Epsilon: 0.0100
Step: 569500, Returns: 15.760, Epsilon: 0.0100
Step: 569600, Returns: 15.760, Epsilon: 0.0100
Step: 569700, Returns: 15.700, Epsilon: 0.0100
Step: 569800, Returns: 15.730, Epsilon: 0.0100
Step: 569900, Returns: 15.730, Epsilon: 0.0100
Step: 570000, Returns: 15.810, Epsilon: 0.0100
Step: 570100, Returns: 15.810, Epsilon: 0.0100
Step: 570200, Returns: 15.820, Epsilon: 0.0100
Step: 570300, Returns: 15.760, Epsilon: 0.0100
Step: 570400, Returns: 15.710, Epsilon: 0.0100
Step: 570500, Returns: 15.710, Epsilon: 0.0100
Step: 570600, Returns: 15.710, Epsilon: 0.0100
Updating target network...
Step: 570700, Returns: 15.700, Epsilon: 0.0100
Step: 570800, Returns: 15.750, Epsilon: 0.0100
Step: 570900, Returns: 15.750, Epsilon: 0.0100
Step: 571000, Returns: 15.750, Epsilon: 0.0100
Step: 571100, Returns: 15.730, Epsilon: 0.0100
Step: 571200, Returns: 15.730, Epsilon: 0.0100
Step: 571300, Returns: 15.730, Epsilon: 0.0100
Step: 571400, Returns: 15.730, Epsilon: 0.0100
Step: 571500, Returns: 15.730, Epsilon: 0.0100
Step: 571600, Returns: 15.730, Epsilon: 0.0100
Step: 571700, Returns: 15.750, Epsilon: 0.0100
Step: 571800, Returns: 15.740, Epsilon: 0.0100
Step: 571900, Returns: 15.790, Epsilon: 0.0100
Step: 572000, Returns: 15.760, Epsilon: 0.0100
Step: 572100, Returns: 15.760, Epsilon: 0.0100
Step: 572200, Returns: 15.820, Epsilon: 0.0100
Step: 572300, Returns: 15.820, Epsilon: 0.0100
Step: 572400, Returns: 15.890, Epsilon: 0.0100
Step: 572500, Returns: 15.890, Epsilon: 0.0100
Step: 572600, Returns: 15.890, Epsilon: 0.0100
Step: 572700, Returns: 15.890, Epsilon: 0.0100
Step: 572800, Returns: 15.880, Epsilon: 0.0100
Step: 572900, Returns: 15.880, Epsilon: 0.0100
Step: 573000, Returns: 15.910, Epsilon: 0.0100
Step: 573100, Returns: 15.910, Epsilon: 0.0100
Updating target network...
Step: 573200, Returns: 15.880, Epsilon: 0.0100
Step: 573300, Returns: 15.880, Epsilon: 0.0100
Step: 573400, Returns: 15.900, Epsilon: 0.0100
Step: 573500, Returns: 15.900, Epsilon: 0.0100
Step: 573600, Returns: 15.900, Epsilon: 0.0100
Step: 573700, Returns: 15.900, Epsilon: 0.0100
Step: 573800, Returns: 15.940, Epsilon: 0.0100
Step: 573900, Returns: 15.960, Epsilon: 0.0100
Step: 574000, Returns: 15.960, Epsilon: 0.0100
Step: 574100, Returns: 16.020, Epsilon: 0.0100
Step: 574200, Returns: 16.140, Epsilon: 0.0100
Step: 574300, Returns: 16.130, Epsilon: 0.0100
Step: 574400, Returns: 16.130, Epsilon: 0.0100
Step: 574500, Returns: 16.130, Epsilon: 0.0100
Step: 574600, Returns: 16.130, Epsilon: 0.0100
Step: 574700, Returns: 16.190, Epsilon: 0.0100
Step: 574800, Returns: 16.190, Epsilon: 0.0100
Step: 574900, Returns: 16.190, Epsilon: 0.0100
Step: 575000, Returns: 16.250, Epsilon: 0.0100
Step: 575100, Returns: 16.240, Epsilon: 0.0100
Step: 575200, Returns: 16.240, Epsilon: 0.0100
Step: 575300, Returns: 16.160, Epsilon: 0.0100
Step: 575400, Returns: 16.160, Epsilon: 0.0100
Step: 575500, Returns: 16.160, Epsilon: 0.0100
Step: 575600, Returns: 16.170, Epsilon: 0.0100
Updating target network...
Step: 575700, Returns: 16.170, Epsilon: 0.0100
Step: 575800, Returns: 16.170, Epsilon: 0.0100
Step: 575900, Returns: 16.170, Epsilon: 0.0100
Step: 576000, Returns: 16.180, Epsilon: 0.0100
Step: 576100, Returns: 16.170, Epsilon: 0.0100
Step: 576200, Returns: 16.330, Epsilon: 0.0100
Step: 576300, Returns: 16.340, Epsilon: 0.0100
Step: 576400, Returns: 16.340, Epsilon: 0.0100
Step: 576500, Returns: 16.340, Epsilon: 0.0100
Step: 576600, Returns: 16.340, Epsilon: 0.0100
Step: 576700, Returns: 16.340, Epsilon: 0.0100
Step: 576800, Returns: 16.350, Epsilon: 0.0100
Step: 576900, Returns: 16.310, Epsilon: 0.0100
Step: 577000, Returns: 16.330, Epsilon: 0.0100
Step: 577100, Returns: 16.390, Epsilon: 0.0100
Step: 577200, Returns: 16.360, Epsilon: 0.0100
Step: 577300, Returns: 16.310, Epsilon: 0.0100
Step: 577400, Returns: 16.310, Epsilon: 0.0100
Step: 577500, Returns: 16.340, Epsilon: 0.0100
Step: 577600, Returns: 16.340, Epsilon: 0.0100
Step: 577700, Returns: 16.410, Epsilon: 0.0100
Step: 577800, Returns: 16.410, Epsilon: 0.0100
Step: 577900, Returns: 16.410, Epsilon: 0.0100
Step: 578000, Returns: 16.500, Epsilon: 0.0100
Step: 578100, Returns: 16.500, Epsilon: 0.0100
Updating target network...
Step: 578200, Returns: 16.650, Epsilon: 0.0100
Step: 578300, Returns: 16.630, Epsilon: 0.0100
Step: 578400, Returns: 16.630, Epsilon: 0.0100
Step: 578500, Returns: 16.630, Epsilon: 0.0100
Step: 578600, Returns: 16.630, Epsilon: 0.0100
Step: 578700, Returns: 16.630, Epsilon: 0.0100
Step: 578800, Returns: 16.630, Epsilon: 0.0100
Step: 578900, Returns: 16.630, Epsilon: 0.0100
Step: 579000, Returns: 16.630, Epsilon: 0.0100
Step: 579100, Returns: 16.610, Epsilon: 0.0100
Step: 579200, Returns: 16.620, Epsilon: 0.0100
Step: 579300, Returns: 16.570, Epsilon: 0.0100
Step: 579400, Returns: 16.560, Epsilon: 0.0100
Step: 579500, Returns: 16.550, Epsilon: 0.0100
Step: 579600, Returns: 16.560, Epsilon: 0.0100
Step: 579700, Returns: 16.560, Epsilon: 0.0100
Step: 579800, Returns: 16.560, Epsilon: 0.0100
Step: 579900, Returns: 16.590, Epsilon: 0.0100
Step: 580000, Returns: 16.590, Epsilon: 0.0100
Step: 580100, Returns: 16.560, Epsilon: 0.0100
Step: 580200, Returns: 16.550, Epsilon: 0.0100
Step: 580300, Returns: 16.540, Epsilon: 0.0100
Step: 580400, Returns: 16.540, Epsilon: 0.0100
Step: 580500, Returns: 16.520, Epsilon: 0.0100
Step: 580600, Returns: 16.520, Epsilon: 0.0100
Updating target network...
Step: 580700, Returns: 16.520, Epsilon: 0.0100
Step: 580800, Returns: 16.520, Epsilon: 0.0100
Step: 580900, Returns: 16.520, Epsilon: 0.0100
Step: 581000, Returns: 16.520, Epsilon: 0.0100
Step: 581100, Returns: 16.520, Epsilon: 0.0100
Step: 581200, Returns: 16.510, Epsilon: 0.0100
Step: 581300, Returns: 16.510, Epsilon: 0.0100
Step: 581400, Returns: 16.510, Epsilon: 0.0100
Step: 581500, Returns: 16.510, Epsilon: 0.0100
Step: 581600, Returns: 16.510, Epsilon: 0.0100
Step: 581700, Returns: 16.510, Epsilon: 0.0100
Step: 581800, Returns: 16.470, Epsilon: 0.0100
Step: 581900, Returns: 16.470, Epsilon: 0.0100
Step: 582000, Returns: 16.520, Epsilon: 0.0100
Step: 582100, Returns: 16.510, Epsilon: 0.0100
Step: 582200, Returns: 16.490, Epsilon: 0.0100
Step: 582300, Returns: 16.490, Epsilon: 0.0100
Step: 582400, Returns: 16.550, Epsilon: 0.0100
Step: 582500, Returns: 16.560, Epsilon: 0.0100
Step: 582600, Returns: 16.670, Epsilon: 0.0100
Step: 582700, Returns: 16.670, Epsilon: 0.0100
Step: 582800, Returns: 16.690, Epsilon: 0.0100
Step: 582900, Returns: 16.690, Epsilon: 0.0100
Step: 583000, Returns: 16.690, Epsilon: 0.0100
Step: 583100, Returns: 16.690, Epsilon: 0.0100
Updating target network...
Step: 583200, Returns: 16.690, Epsilon: 0.0100
Step: 583300, Returns: 16.680, Epsilon: 0.0100
Step: 583400, Returns: 16.680, Epsilon: 0.0100
Step: 583500, Returns: 16.680, Epsilon: 0.0100
Step: 583600, Returns: 16.690, Epsilon: 0.0100
Step: 583700, Returns: 16.690, Epsilon: 0.0100
Step: 583800, Returns: 16.690, Epsilon: 0.0100
Step: 583900, Returns: 16.700, Epsilon: 0.0100
Step: 584000, Returns: 16.740, Epsilon: 0.0100
Step: 584100, Returns: 16.740, Epsilon: 0.0100
Step: 584200, Returns: 16.750, Epsilon: 0.0100
Step: 584300, Returns: 16.750, Epsilon: 0.0100
Step: 584400, Returns: 16.830, Epsilon: 0.0100
Step: 584500, Returns: 16.870, Epsilon: 0.0100
Step: 584600, Returns: 16.920, Epsilon: 0.0100
Step: 584700, Returns: 16.920, Epsilon: 0.0100
Step: 584800, Returns: 16.920, Epsilon: 0.0100
Step: 584900, Returns: 16.750, Epsilon: 0.0100
Step: 585000, Returns: 16.750, Epsilon: 0.0100
Step: 585100, Returns: 16.750, Epsilon: 0.0100
Step: 585200, Returns: 16.750, Epsilon: 0.0100
Step: 585300, Returns: 16.750, Epsilon: 0.0100
Step: 585400, Returns: 16.750, Epsilon: 0.0100
Step: 585500, Returns: 16.750, Epsilon: 0.0100
Step: 585600, Returns: 16.750, Epsilon: 0.0100
Updating target network...
Step: 585700, Returns: 16.810, Epsilon: 0.0100
Step: 585800, Returns: 16.830, Epsilon: 0.0100
Step: 585900, Returns: 16.830, Epsilon: 0.0100
Step: 586000, Returns: 16.820, Epsilon: 0.0100
Step: 586100, Returns: 16.850, Epsilon: 0.0100
Step: 586200, Returns: 16.850, Epsilon: 0.0100
Step: 586300, Returns: 16.850, Epsilon: 0.0100
Step: 586400, Returns: 16.850, Epsilon: 0.0100
Step: 586500, Returns: 16.850, Epsilon: 0.0100
Step: 586600, Returns: 16.890, Epsilon: 0.0100
Step: 586700, Returns: 16.890, Epsilon: 0.0100
Step: 586800, Returns: 16.890, Epsilon: 0.0100
Step: 586900, Returns: 16.890, Epsilon: 0.0100
Step: 587000, Returns: 16.920, Epsilon: 0.0100
Step: 587100, Returns: 16.930, Epsilon: 0.0100
Step: 587200, Returns: 16.930, Epsilon: 0.0100
Step: 587300, Returns: 16.910, Epsilon: 0.0100
Step: 587400, Returns: 16.850, Epsilon: 0.0100
Step: 587500, Returns: 16.850, Epsilon: 0.0100
Step: 587600, Returns: 16.850, Epsilon: 0.0100
Step: 587700, Returns: 16.860, Epsilon: 0.0100
Step: 587800, Returns: 16.860, Epsilon: 0.0100
Step: 587900, Returns: 16.860, Epsilon: 0.0100
Step: 588000, Returns: 16.860, Epsilon: 0.0100
Step: 588100, Returns: 16.850, Epsilon: 0.0100
Updating target network...
Step: 588200, Returns: 16.880, Epsilon: 0.0100
Step: 588300, Returns: 16.880, Epsilon: 0.0100
Step: 588400, Returns: 16.880, Epsilon: 0.0100
Step: 588500, Returns: 16.880, Epsilon: 0.0100
Step: 588600, Returns: 16.860, Epsilon: 0.0100
Step: 588700, Returns: 16.890, Epsilon: 0.0100
Step: 588800, Returns: 16.880, Epsilon: 0.0100
Step: 588900, Returns: 16.890, Epsilon: 0.0100
Step: 589000, Returns: 16.890, Epsilon: 0.0100
Step: 589100, Returns: 16.920, Epsilon: 0.0100
Step: 589200, Returns: 17.030, Epsilon: 0.0100
Step: 589300, Returns: 17.030, Epsilon: 0.0100
Step: 589400, Returns: 17.030, Epsilon: 0.0100
Step: 589500, Returns: 17.000, Epsilon: 0.0100
Step: 589600, Returns: 17.000, Epsilon: 0.0100
Step: 589700, Returns: 17.020, Epsilon: 0.0100
Step: 589800, Returns: 17.020, Epsilon: 0.0100
Step: 589900, Returns: 17.020, Epsilon: 0.0100
Step: 590000, Returns: 17.020, Epsilon: 0.0100
Step: 590100, Returns: 17.020, Epsilon: 0.0100
Step: 590200, Returns: 17.020, Epsilon: 0.0100
Step: 590300, Returns: 17.020, Epsilon: 0.0100
Step: 590400, Returns: 17.020, Epsilon: 0.0100
Step: 590500, Returns: 17.020, Epsilon: 0.0100
Step: 590600, Returns: 17.020, Epsilon: 0.0100
Updating target network...
Step: 590700, Returns: 17.010, Epsilon: 0.0100
Step: 590800, Returns: 17.010, Epsilon: 0.0100
Step: 590900, Returns: 17.020, Epsilon: 0.0100
Step: 591000, Returns: 16.960, Epsilon: 0.0100
Step: 591100, Returns: 16.900, Epsilon: 0.0100
Step: 591200, Returns: 16.880, Epsilon: 0.0100
Step: 591300, Returns: 16.880, Epsilon: 0.0100
Step: 591400, Returns: 16.880, Epsilon: 0.0100
Step: 591500, Returns: 16.920, Epsilon: 0.0100
Step: 591600, Returns: 16.890, Epsilon: 0.0100
Step: 591700, Returns: 16.850, Epsilon: 0.0100
Step: 591800, Returns: 16.850, Epsilon: 0.0100
Step: 591900, Returns: 16.860, Epsilon: 0.0100
Step: 592000, Returns: 16.860, Epsilon: 0.0100
Step: 592100, Returns: 16.860, Epsilon: 0.0100
Step: 592200, Returns: 16.860, Epsilon: 0.0100
Step: 592300, Returns: 16.860, Epsilon: 0.0100
Step: 592400, Returns: 16.860, Epsilon: 0.0100
Step: 592500, Returns: 16.860, Epsilon: 0.0100
Step: 592600, Returns: 16.800, Epsilon: 0.0100
Step: 592700, Returns: 16.820, Epsilon: 0.0100
Step: 592800, Returns: 16.860, Epsilon: 0.0100
Step: 592900, Returns: 16.860, Epsilon: 0.0100
Step: 593000, Returns: 16.880, Epsilon: 0.0100
Step: 593100, Returns: 16.880, Epsilon: 0.0100
Updating target network...
Step: 593200, Returns: 16.890, Epsilon: 0.0100
Step: 593300, Returns: 16.880, Epsilon: 0.0100
Step: 593400, Returns: 16.940, Epsilon: 0.0100
Step: 593500, Returns: 16.940, Epsilon: 0.0100
Step: 593600, Returns: 16.890, Epsilon: 0.0100
Step: 593700, Returns: 16.910, Epsilon: 0.0100
Step: 593800, Returns: 16.910, Epsilon: 0.0100
Step: 593900, Returns: 16.890, Epsilon: 0.0100
Step: 594000, Returns: 16.890, Epsilon: 0.0100
Step: 594100, Returns: 16.890, Epsilon: 0.0100
Step: 594200, Returns: 16.960, Epsilon: 0.0100
Step: 594300, Returns: 16.960, Epsilon: 0.0100
Step: 594400, Returns: 16.960, Epsilon: 0.0100
Step: 594500, Returns: 16.960, Epsilon: 0.0100
Step: 594600, Returns: 16.960, Epsilon: 0.0100
Step: 594700, Returns: 16.960, Epsilon: 0.0100
Step: 594800, Returns: 16.960, Epsilon: 0.0100
Step: 594900, Returns: 16.900, Epsilon: 0.0100
Step: 595000, Returns: 16.880, Epsilon: 0.0100
Step: 595100, Returns: 16.920, Epsilon: 0.0100
Step: 595200, Returns: 16.920, Epsilon: 0.0100
Step: 595300, Returns: 16.920, Epsilon: 0.0100
Step: 595400, Returns: 16.920, Epsilon: 0.0100
Step: 595500, Returns: 16.920, Epsilon: 0.0100
Step: 595600, Returns: 16.920, Epsilon: 0.0100
Updating target network...
Step: 595700, Returns: 16.910, Epsilon: 0.0100
Step: 595800, Returns: 16.910, Epsilon: 0.0100
Step: 595900, Returns: 16.900, Epsilon: 0.0100
Step: 596000, Returns: 16.920, Epsilon: 0.0100
Step: 596100, Returns: 16.940, Epsilon: 0.0100
Step: 596200, Returns: 16.940, Epsilon: 0.0100
Step: 596300, Returns: 16.940, Epsilon: 0.0100
Step: 596400, Returns: 16.940, Epsilon: 0.0100
Step: 596500, Returns: 16.940, Epsilon: 0.0100
Step: 596600, Returns: 16.960, Epsilon: 0.0100
Step: 596700, Returns: 16.960, Epsilon: 0.0100
Step: 596800, Returns: 16.990, Epsilon: 0.0100
Step: 596900, Returns: 16.880, Epsilon: 0.0100
Step: 597000, Returns: 16.880, Epsilon: 0.0100
Step: 597100, Returns: 16.880, Epsilon: 0.0100
Step: 597200, Returns: 16.810, Epsilon: 0.0100
Step: 597300, Returns: 16.810, Epsilon: 0.0100
Step: 597400, Returns: 16.810, Epsilon: 0.0100
Step: 597500, Returns: 16.830, Epsilon: 0.0100
Step: 597600, Returns: 16.830, Epsilon: 0.0100
Step: 597700, Returns: 16.850, Epsilon: 0.0100
Step: 597800, Returns: 16.810, Epsilon: 0.0100
Step: 597900, Returns: 16.790, Epsilon: 0.0100
Step: 598000, Returns: 16.790, Epsilon: 0.0100
Step: 598100, Returns: 16.770, Epsilon: 0.0100
Updating target network...
Step: 598200, Returns: 16.730, Epsilon: 0.0100
Step: 598300, Returns: 16.730, Epsilon: 0.0100
Step: 598400, Returns: 16.700, Epsilon: 0.0100
Step: 598500, Returns: 16.700, Epsilon: 0.0100
Step: 598600, Returns: 16.700, Epsilon: 0.0100
Step: 598700, Returns: 16.720, Epsilon: 0.0100
Step: 598800, Returns: 16.720, Epsilon: 0.0100
Step: 598900, Returns: 16.720, Epsilon: 0.0100
Step: 599000, Returns: 16.640, Epsilon: 0.0100
Step: 599100, Returns: 16.640, Epsilon: 0.0100
Step: 599200, Returns: 16.600, Epsilon: 0.0100
Step: 599300, Returns: 16.600, Epsilon: 0.0100
Step: 599400, Returns: 16.660, Epsilon: 0.0100
Step: 599500, Returns: 16.660, Epsilon: 0.0100
Step: 599600, Returns: 16.720, Epsilon: 0.0100
Step: 599700, Returns: 16.760, Epsilon: 0.0100
Step: 599800, Returns: 16.740, Epsilon: 0.0100
Step: 599900, Returns: 16.740, Epsilon: 0.0100
Step: 600000, Returns: 16.720, Epsilon: 0.0100
Step: 600100, Returns: 16.720, Epsilon: 0.0100
Step: 600200, Returns: 16.700, Epsilon: 0.0100
Step: 600300, Returns: 16.700, Epsilon: 0.0100
Step: 600400, Returns: 16.700, Epsilon: 0.0100
Step: 600500, Returns: 16.650, Epsilon: 0.0100
Step: 600600, Returns: 16.650, Epsilon: 0.0100
Updating target network...
Step: 600700, Returns: 16.610, Epsilon: 0.0100
Step: 600800, Returns: 16.630, Epsilon: 0.0100
Step: 600900, Returns: 16.600, Epsilon: 0.0100
Step: 601000, Returns: 16.590, Epsilon: 0.0100
Step: 601100, Returns: 16.590, Epsilon: 0.0100
Step: 601200, Returns: 16.590, Epsilon: 0.0100
Step: 601300, Returns: 16.540, Epsilon: 0.0100
Step: 601400, Returns: 16.540, Epsilon: 0.0100
Step: 601500, Returns: 16.570, Epsilon: 0.0100
Step: 601600, Returns: 16.570, Epsilon: 0.0100
Step: 601700, Returns: 16.590, Epsilon: 0.0100
Step: 601800, Returns: 16.670, Epsilon: 0.0100
Step: 601900, Returns: 16.660, Epsilon: 0.0100
Step: 602000, Returns: 16.660, Epsilon: 0.0100
Step: 602100, Returns: 16.640, Epsilon: 0.0100
Step: 602200, Returns: 16.650, Epsilon: 0.0100
Step: 602300, Returns: 16.610, Epsilon: 0.0100
Step: 602400, Returns: 16.610, Epsilon: 0.0100
Step: 602500, Returns: 16.610, Epsilon: 0.0100
Step: 602600, Returns: 16.610, Epsilon: 0.0100
Step: 602700, Returns: 16.610, Epsilon: 0.0100
Step: 602800, Returns: 16.610, Epsilon: 0.0100
Step: 602900, Returns: 16.520, Epsilon: 0.0100
Step: 603000, Returns: 16.520, Epsilon: 0.0100
Step: 603100, Returns: 16.470, Epsilon: 0.0100
Updating target network...
Step: 603200, Returns: 16.450, Epsilon: 0.0100
Step: 603300, Returns: 16.460, Epsilon: 0.0100
Step: 603400, Returns: 16.460, Epsilon: 0.0100
Step: 603500, Returns: 16.490, Epsilon: 0.0100
Step: 603600, Returns: 16.490, Epsilon: 0.0100
Step: 603700, Returns: 16.490, Epsilon: 0.0100
Step: 603800, Returns: 16.440, Epsilon: 0.0100
Step: 603900, Returns: 16.430, Epsilon: 0.0100
Step: 604000, Returns: 16.430, Epsilon: 0.0100
Step: 604100, Returns: 16.490, Epsilon: 0.0100
Step: 604200, Returns: 16.490, Epsilon: 0.0100
Step: 604300, Returns: 16.410, Epsilon: 0.0100
Step: 604400, Returns: 16.510, Epsilon: 0.0100
Step: 604500, Returns: 16.510, Epsilon: 0.0100
Step: 604600, Returns: 16.530, Epsilon: 0.0100
Step: 604700, Returns: 16.530, Epsilon: 0.0100
Step: 604800, Returns: 16.540, Epsilon: 0.0100
Step: 604900, Returns: 16.550, Epsilon: 0.0100
Step: 605000, Returns: 16.550, Epsilon: 0.0100
Step: 605100, Returns: 16.550, Epsilon: 0.0100
Step: 605200, Returns: 16.550, Epsilon: 0.0100
Step: 605300, Returns: 16.620, Epsilon: 0.0100
Step: 605400, Returns: 16.620, Epsilon: 0.0100
Step: 605500, Returns: 16.620, Epsilon: 0.0100
Step: 605600, Returns: 16.620, Epsilon: 0.0100
Updating target network...
Step: 605700, Returns: 16.620, Epsilon: 0.0100
Step: 605800, Returns: 16.620, Epsilon: 0.0100
Step: 605900, Returns: 16.620, Epsilon: 0.0100
Step: 606000, Returns: 16.680, Epsilon: 0.0100
Step: 606100, Returns: 16.680, Epsilon: 0.0100
Step: 606200, Returns: 16.720, Epsilon: 0.0100
Step: 606300, Returns: 16.640, Epsilon: 0.0100
Step: 606400, Returns: 16.640, Epsilon: 0.0100
Step: 606500, Returns: 16.640, Epsilon: 0.0100
Step: 606600, Returns: 16.640, Epsilon: 0.0100
Step: 606700, Returns: 16.600, Epsilon: 0.0100
Step: 606800, Returns: 16.570, Epsilon: 0.0100
Step: 606900, Returns: 16.570, Epsilon: 0.0100
Step: 607000, Returns: 16.570, Epsilon: 0.0100
Step: 607100, Returns: 16.570, Epsilon: 0.0100
Step: 607200, Returns: 16.570, Epsilon: 0.0100
Step: 607300, Returns: 16.520, Epsilon: 0.0100
Step: 607400, Returns: 16.510, Epsilon: 0.0100
Step: 607500, Returns: 16.510, Epsilon: 0.0100
Step: 607600, Returns: 16.510, Epsilon: 0.0100
Step: 607700, Returns: 16.510, Epsilon: 0.0100
Step: 607800, Returns: 16.500, Epsilon: 0.0100
Step: 607900, Returns: 16.500, Epsilon: 0.0100
Step: 608000, Returns: 16.500, Epsilon: 0.0100
Step: 608100, Returns: 16.500, Epsilon: 0.0100
Updating target network...
Step: 608200, Returns: 16.520, Epsilon: 0.0100
Step: 608300, Returns: 16.630, Epsilon: 0.0100
Step: 608400, Returns: 16.630, Epsilon: 0.0100
Step: 608500, Returns: 16.630, Epsilon: 0.0100
Step: 608600, Returns: 16.620, Epsilon: 0.0100
Step: 608700, Returns: 16.620, Epsilon: 0.0100
Step: 608800, Returns: 16.650, Epsilon: 0.0100
Step: 608900, Returns: 16.650, Epsilon: 0.0100
Step: 609000, Returns: 16.650, Epsilon: 0.0100
Step: 609100, Returns: 16.610, Epsilon: 0.0100
Step: 609200, Returns: 16.590, Epsilon: 0.0100
Step: 609300, Returns: 16.590, Epsilon: 0.0100
Step: 609400, Returns: 16.610, Epsilon: 0.0100
Step: 609500, Returns: 16.610, Epsilon: 0.0100
Step: 609600, Returns: 16.610, Epsilon: 0.0100
Step: 609700, Returns: 16.610, Epsilon: 0.0100
Step: 609800, Returns: 16.590, Epsilon: 0.0100
Step: 609900, Returns: 16.590, Epsilon: 0.0100
Step: 610000, Returns: 16.640, Epsilon: 0.0100
Step: 610100, Returns: 16.600, Epsilon: 0.0100
Step: 610200, Returns: 16.640, Epsilon: 0.0100
Step: 610300, Returns: 16.640, Epsilon: 0.0100
Step: 610400, Returns: 16.640, Epsilon: 0.0100
Step: 610500, Returns: 16.640, Epsilon: 0.0100
Step: 610600, Returns: 16.640, Epsilon: 0.0100
Updating target network...
Step: 610700, Returns: 16.600, Epsilon: 0.0100
Step: 610800, Returns: 16.600, Epsilon: 0.0100
Step: 610900, Returns: 16.770, Epsilon: 0.0100
Step: 611000, Returns: 16.740, Epsilon: 0.0100
Step: 611100, Returns: 16.740, Epsilon: 0.0100
Step: 611200, Returns: 16.700, Epsilon: 0.0100
Step: 611300, Returns: 16.700, Epsilon: 0.0100
Step: 611400, Returns: 16.690, Epsilon: 0.0100
Step: 611500, Returns: 16.690, Epsilon: 0.0100
Step: 611600, Returns: 16.690, Epsilon: 0.0100
Step: 611700, Returns: 16.690, Epsilon: 0.0100
Step: 611800, Returns: 16.690, Epsilon: 0.0100
Step: 611900, Returns: 16.700, Epsilon: 0.0100
Step: 612000, Returns: 16.640, Epsilon: 0.0100
Step: 612100, Returns: 16.670, Epsilon: 0.0100
Step: 612200, Returns: 16.670, Epsilon: 0.0100
Step: 612300, Returns: 16.670, Epsilon: 0.0100
Step: 612400, Returns: 16.670, Epsilon: 0.0100
Step: 612500, Returns: 16.660, Epsilon: 0.0100
Step: 612600, Returns: 16.650, Epsilon: 0.0100
Step: 612700, Returns: 16.650, Epsilon: 0.0100
Step: 612800, Returns: 16.780, Epsilon: 0.0100
Step: 612900, Returns: 16.800, Epsilon: 0.0100
Step: 613000, Returns: 16.800, Epsilon: 0.0100
Step: 613100, Returns: 16.830, Epsilon: 0.0100
Updating target network...
Step: 613200, Returns: 16.830, Epsilon: 0.0100
Step: 613300, Returns: 16.830, Epsilon: 0.0100
Step: 613400, Returns: 16.820, Epsilon: 0.0100
Step: 613500, Returns: 16.820, Epsilon: 0.0100
Step: 613600, Returns: 16.820, Epsilon: 0.0100
Step: 613700, Returns: 16.820, Epsilon: 0.0100
Step: 613800, Returns: 16.820, Epsilon: 0.0100
Step: 613900, Returns: 16.820, Epsilon: 0.0100
Step: 614000, Returns: 16.820, Epsilon: 0.0100
Step: 614100, Returns: 16.850, Epsilon: 0.0100
Step: 614200, Returns: 16.840, Epsilon: 0.0100
Step: 614300, Returns: 16.840, Epsilon: 0.0100
Step: 614400, Returns: 16.850, Epsilon: 0.0100
Step: 614500, Returns: 16.850, Epsilon: 0.0100
Step: 614600, Returns: 16.840, Epsilon: 0.0100
Step: 614700, Returns: 16.840, Epsilon: 0.0100
Step: 614800, Returns: 16.800, Epsilon: 0.0100
Step: 614900, Returns: 16.800, Epsilon: 0.0100
Step: 615000, Returns: 16.830, Epsilon: 0.0100
Step: 615100, Returns: 16.830, Epsilon: 0.0100
Step: 615200, Returns: 16.800, Epsilon: 0.0100
Step: 615300, Returns: 16.820, Epsilon: 0.0100
Step: 615400, Returns: 16.750, Epsilon: 0.0100
Step: 615500, Returns: 16.750, Epsilon: 0.0100
Step: 615600, Returns: 16.740, Epsilon: 0.0100
Updating target network...
Step: 615700, Returns: 16.740, Epsilon: 0.0100
Step: 615800, Returns: 16.680, Epsilon: 0.0100
Step: 615900, Returns: 16.680, Epsilon: 0.0100
Step: 616000, Returns: 16.680, Epsilon: 0.0100
Step: 616100, Returns: 16.680, Epsilon: 0.0100
Step: 616200, Returns: 16.680, Epsilon: 0.0100
Step: 616300, Returns: 16.650, Epsilon: 0.0100
Step: 616400, Returns: 16.700, Epsilon: 0.0100
Step: 616500, Returns: 16.710, Epsilon: 0.0100
Step: 616600, Returns: 16.740, Epsilon: 0.0100
Step: 616700, Returns: 16.740, Epsilon: 0.0100
Step: 616800, Returns: 16.740, Epsilon: 0.0100
Step: 616900, Returns: 16.780, Epsilon: 0.0100
Step: 617000, Returns: 16.800, Epsilon: 0.0100
Step: 617100, Returns: 16.800, Epsilon: 0.0100
Step: 617200, Returns: 16.800, Epsilon: 0.0100
Step: 617300, Returns: 16.800, Epsilon: 0.0100
Step: 617400, Returns: 16.800, Epsilon: 0.0100
Step: 617500, Returns: 16.740, Epsilon: 0.0100
Step: 617600, Returns: 16.740, Epsilon: 0.0100
Step: 617700, Returns: 16.830, Epsilon: 0.0100
Step: 617800, Returns: 16.830, Epsilon: 0.0100
Step: 617900, Returns: 16.730, Epsilon: 0.0100
Step: 618000, Returns: 16.730, Epsilon: 0.0100
Step: 618100, Returns: 16.730, Epsilon: 0.0100
Updating target network...
Step: 618200, Returns: 16.800, Epsilon: 0.0100
Step: 618300, Returns: 16.800, Epsilon: 0.0100
Step: 618400, Returns: 16.790, Epsilon: 0.0100
Step: 618500, Returns: 16.790, Epsilon: 0.0100
Step: 618600, Returns: 16.790, Epsilon: 0.0100
Step: 618700, Returns: 16.790, Epsilon: 0.0100
Step: 618800, Returns: 16.840, Epsilon: 0.0100
Step: 618900, Returns: 16.880, Epsilon: 0.0100
Step: 619000, Returns: 16.910, Epsilon: 0.0100
Step: 619100, Returns: 16.830, Epsilon: 0.0100
Step: 619200, Returns: 16.830, Epsilon: 0.0100
Step: 619300, Returns: 16.830, Epsilon: 0.0100
Step: 619400, Returns: 16.830, Epsilon: 0.0100
Step: 619500, Returns: 16.830, Epsilon: 0.0100
Step: 619600, Returns: 16.900, Epsilon: 0.0100
Step: 619700, Returns: 16.900, Epsilon: 0.0100
Step: 619800, Returns: 16.870, Epsilon: 0.0100
Step: 619900, Returns: 16.800, Epsilon: 0.0100
Step: 620000, Returns: 16.800, Epsilon: 0.0100
Step: 620100, Returns: 16.790, Epsilon: 0.0100
Step: 620200, Returns: 16.880, Epsilon: 0.0100
Step: 620300, Returns: 16.880, Epsilon: 0.0100
Step: 620400, Returns: 16.880, Epsilon: 0.0100
Step: 620500, Returns: 16.880, Epsilon: 0.0100
Step: 620600, Returns: 16.880, Epsilon: 0.0100
Updating target network...
Step: 620700, Returns: 16.880, Epsilon: 0.0100
Step: 620800, Returns: 16.880, Epsilon: 0.0100
Step: 620900, Returns: 16.940, Epsilon: 0.0100
Step: 621000, Returns: 16.970, Epsilon: 0.0100
Step: 621100, Returns: 17.010, Epsilon: 0.0100
Step: 621200, Returns: 17.010, Epsilon: 0.0100
Step: 621300, Returns: 17.010, Epsilon: 0.0100
Step: 621400, Returns: 17.010, Epsilon: 0.0100
Step: 621500, Returns: 17.010, Epsilon: 0.0100
Step: 621600, Returns: 17.070, Epsilon: 0.0100
Step: 621700, Returns: 17.070, Epsilon: 0.0100
Step: 621800, Returns: 17.090, Epsilon: 0.0100
Step: 621900, Returns: 17.080, Epsilon: 0.0100
Step: 622000, Returns: 17.080, Epsilon: 0.0100
Step: 622100, Returns: 17.080, Epsilon: 0.0100
Step: 622200, Returns: 17.090, Epsilon: 0.0100
Step: 622300, Returns: 17.100, Epsilon: 0.0100
Step: 622400, Returns: 17.100, Epsilon: 0.0100
Step: 622500, Returns: 17.100, Epsilon: 0.0100
Step: 622600, Returns: 17.100, Epsilon: 0.0100
Step: 622700, Returns: 17.100, Epsilon: 0.0100
Step: 622800, Returns: 17.100, Epsilon: 0.0100
Step: 622900, Returns: 17.070, Epsilon: 0.0100
Step: 623000, Returns: 17.150, Epsilon: 0.0100
Step: 623100, Returns: 17.150, Epsilon: 0.0100
Updating target network...
Step: 623200, Returns: 17.150, Epsilon: 0.0100
Step: 623300, Returns: 17.120, Epsilon: 0.0100
Step: 623400, Returns: 17.190, Epsilon: 0.0100
Step: 623500, Returns: 17.210, Epsilon: 0.0100
Step: 623600, Returns: 17.230, Epsilon: 0.0100
Step: 623700, Returns: 17.230, Epsilon: 0.0100
Step: 623800, Returns: 17.280, Epsilon: 0.0100
Step: 623900, Returns: 17.200, Epsilon: 0.0100
Step: 624000, Returns: 17.200, Epsilon: 0.0100
Step: 624100, Returns: 17.210, Epsilon: 0.0100
Step: 624200, Returns: 17.220, Epsilon: 0.0100
Step: 624300, Returns: 17.220, Epsilon: 0.0100
Step: 624400, Returns: 17.220, Epsilon: 0.0100
Step: 624500, Returns: 17.220, Epsilon: 0.0100
Step: 624600, Returns: 17.220, Epsilon: 0.0100
Step: 624700, Returns: 17.200, Epsilon: 0.0100
Step: 624800, Returns: 17.200, Epsilon: 0.0100
Step: 624900, Returns: 17.200, Epsilon: 0.0100
Step: 625000, Returns: 17.310, Epsilon: 0.0100
Step: 625100, Returns: 17.310, Epsilon: 0.0100
Step: 625200, Returns: 17.360, Epsilon: 0.0100
Step: 625300, Returns: 17.360, Epsilon: 0.0100
Step: 625400, Returns: 17.400, Epsilon: 0.0100
Step: 625500, Returns: 17.440, Epsilon: 0.0100
Step: 625600, Returns: 17.440, Epsilon: 0.0100
Updating target network...
Step: 625700, Returns: 17.440, Epsilon: 0.0100
Step: 625800, Returns: 17.510, Epsilon: 0.0100
Step: 625900, Returns: 17.520, Epsilon: 0.0100
Step: 626000, Returns: 17.520, Epsilon: 0.0100
Step: 626100, Returns: 17.520, Epsilon: 0.0100
Step: 626200, Returns: 17.520, Epsilon: 0.0100
Step: 626300, Returns: 17.500, Epsilon: 0.0100
Step: 626400, Returns: 17.490, Epsilon: 0.0100
Step: 626500, Returns: 17.490, Epsilon: 0.0100
Step: 626600, Returns: 17.490, Epsilon: 0.0100
Step: 626700, Returns: 17.490, Epsilon: 0.0100
Step: 626800, Returns: 17.460, Epsilon: 0.0100
Step: 626900, Returns: 17.490, Epsilon: 0.0100
Step: 627000, Returns: 17.490, Epsilon: 0.0100
Step: 627100, Returns: 17.490, Epsilon: 0.0100
Step: 627200, Returns: 17.440, Epsilon: 0.0100
Step: 627300, Returns: 17.420, Epsilon: 0.0100
Step: 627400, Returns: 17.420, Epsilon: 0.0100
Step: 627500, Returns: 17.390, Epsilon: 0.0100
Step: 627600, Returns: 17.350, Epsilon: 0.0100
Step: 627700, Returns: 17.380, Epsilon: 0.0100
Step: 627800, Returns: 17.370, Epsilon: 0.0100
Step: 627900, Returns: 17.420, Epsilon: 0.0100
Step: 628000, Returns: 17.420, Epsilon: 0.0100
Step: 628100, Returns: 17.490, Epsilon: 0.0100
Updating target network...
Step: 628200, Returns: 17.520, Epsilon: 0.0100
Step: 628300, Returns: 17.510, Epsilon: 0.0100
Step: 628400, Returns: 17.510, Epsilon: 0.0100
Step: 628500, Returns: 17.510, Epsilon: 0.0100
Step: 628600, Returns: 17.540, Epsilon: 0.0100
Step: 628700, Returns: 17.540, Epsilon: 0.0100
Step: 628800, Returns: 17.550, Epsilon: 0.0100
Step: 628900, Returns: 17.560, Epsilon: 0.0100
Step: 629000, Returns: 17.560, Epsilon: 0.0100
Step: 629100, Returns: 17.560, Epsilon: 0.0100
Step: 629200, Returns: 17.650, Epsilon: 0.0100
Step: 629300, Returns: 17.650, Epsilon: 0.0100
Step: 629400, Returns: 17.760, Epsilon: 0.0100
Step: 629500, Returns: 17.800, Epsilon: 0.0100
Step: 629600, Returns: 17.800, Epsilon: 0.0100
Step: 629700, Returns: 17.780, Epsilon: 0.0100
Step: 629800, Returns: 17.740, Epsilon: 0.0100
Step: 629900, Returns: 17.690, Epsilon: 0.0100
Step: 630000, Returns: 17.690, Epsilon: 0.0100
Step: 630100, Returns: 17.720, Epsilon: 0.0100
Step: 630200, Returns: 17.800, Epsilon: 0.0100
Step: 630300, Returns: 17.800, Epsilon: 0.0100
Step: 630400, Returns: 17.800, Epsilon: 0.0100
Step: 630500, Returns: 17.800, Epsilon: 0.0100
Step: 630600, Returns: 17.800, Epsilon: 0.0100
Updating target network...
Step: 630700, Returns: 17.800, Epsilon: 0.0100
Step: 630800, Returns: 17.790, Epsilon: 0.0100
Step: 630900, Returns: 17.770, Epsilon: 0.0100
Step: 631000, Returns: 17.790, Epsilon: 0.0100
Step: 631100, Returns: 17.540, Epsilon: 0.0100
Step: 631200, Returns: 17.610, Epsilon: 0.0100
Step: 631300, Returns: 17.590, Epsilon: 0.0100
Step: 631400, Returns: 17.580, Epsilon: 0.0100
Step: 631500, Returns: 17.580, Epsilon: 0.0100
Step: 631600, Returns: 17.580, Epsilon: 0.0100
Step: 631700, Returns: 17.580, Epsilon: 0.0100
Step: 631800, Returns: 17.560, Epsilon: 0.0100
Step: 631900, Returns: 17.560, Epsilon: 0.0100
Step: 632000, Returns: 17.560, Epsilon: 0.0100
Step: 632100, Returns: 17.560, Epsilon: 0.0100
Step: 632200, Returns: 17.520, Epsilon: 0.0100
Step: 632300, Returns: 17.500, Epsilon: 0.0100
Step: 632400, Returns: 17.500, Epsilon: 0.0100
Step: 632500, Returns: 17.500, Epsilon: 0.0100
Step: 632600, Returns: 17.510, Epsilon: 0.0100
Step: 632700, Returns: 17.440, Epsilon: 0.0100
Step: 632800, Returns: 17.440, Epsilon: 0.0100
Step: 632900, Returns: 17.470, Epsilon: 0.0100
Step: 633000, Returns: 17.520, Epsilon: 0.0100
Step: 633100, Returns: 17.570, Epsilon: 0.0100
Updating target network...
Step: 633200, Returns: 17.570, Epsilon: 0.0100
Step: 633300, Returns: 17.570, Epsilon: 0.0100
Step: 633400, Returns: 17.560, Epsilon: 0.0100
Step: 633500, Returns: 17.560, Epsilon: 0.0100
Step: 633600, Returns: 17.560, Epsilon: 0.0100
Step: 633700, Returns: 17.560, Epsilon: 0.0100
Step: 633800, Returns: 17.560, Epsilon: 0.0100
Step: 633900, Returns: 17.610, Epsilon: 0.0100
Step: 634000, Returns: 17.610, Epsilon: 0.0100
Step: 634100, Returns: 17.610, Epsilon: 0.0100
Step: 634200, Returns: 17.610, Epsilon: 0.0100
Step: 634300, Returns: 17.620, Epsilon: 0.0100
Step: 634400, Returns: 17.620, Epsilon: 0.0100
Step: 634500, Returns: 17.630, Epsilon: 0.0100
Step: 634600, Returns: 17.630, Epsilon: 0.0100
Step: 634700, Returns: 17.640, Epsilon: 0.0100
Step: 634800, Returns: 17.640, Epsilon: 0.0100
Step: 634900, Returns: 17.640, Epsilon: 0.0100
Step: 635000, Returns: 17.660, Epsilon: 0.0100
Step: 635100, Returns: 17.650, Epsilon: 0.0100
Step: 635200, Returns: 17.640, Epsilon: 0.0100
Step: 635300, Returns: 17.610, Epsilon: 0.0100
Step: 635400, Returns: 17.610, Epsilon: 0.0100
Step: 635500, Returns: 17.450, Epsilon: 0.0100
Step: 635600, Returns: 17.450, Epsilon: 0.0100
Updating target network...
Step: 635700, Returns: 17.430, Epsilon: 0.0100
Step: 635800, Returns: 17.430, Epsilon: 0.0100
Step: 635900, Returns: 17.430, Epsilon: 0.0100
Step: 636000, Returns: 17.410, Epsilon: 0.0100
Step: 636100, Returns: 17.410, Epsilon: 0.0100
Step: 636200, Returns: 17.480, Epsilon: 0.0100
Step: 636300, Returns: 17.480, Epsilon: 0.0100
Step: 636400, Returns: 17.440, Epsilon: 0.0100
Step: 636500, Returns: 17.440, Epsilon: 0.0100
Step: 636600, Returns: 17.440, Epsilon: 0.0100
Step: 636700, Returns: 17.440, Epsilon: 0.0100
Step: 636800, Returns: 17.440, Epsilon: 0.0100
Step: 636900, Returns: 17.440, Epsilon: 0.0100
Step: 637000, Returns: 17.420, Epsilon: 0.0100
Step: 637100, Returns: 17.390, Epsilon: 0.0100
Step: 637200, Returns: 17.390, Epsilon: 0.0100
Step: 637300, Returns: 17.390, Epsilon: 0.0100
Step: 637400, Returns: 17.390, Epsilon: 0.0100
Step: 637500, Returns: 17.390, Epsilon: 0.0100
Step: 637600, Returns: 17.380, Epsilon: 0.0100
Step: 637700, Returns: 17.380, Epsilon: 0.0100
Step: 637800, Returns: 17.440, Epsilon: 0.0100
Step: 637900, Returns: 17.430, Epsilon: 0.0100
Step: 638000, Returns: 17.390, Epsilon: 0.0100
Step: 638100, Returns: 17.390, Epsilon: 0.0100
Updating target network...
Step: 638200, Returns: 17.390, Epsilon: 0.0100
Step: 638300, Returns: 17.390, Epsilon: 0.0100
Step: 638400, Returns: 17.390, Epsilon: 0.0100
Step: 638500, Returns: 17.400, Epsilon: 0.0100
Step: 638600, Returns: 17.400, Epsilon: 0.0100
Step: 638700, Returns: 17.400, Epsilon: 0.0100
Step: 638800, Returns: 17.400, Epsilon: 0.0100
Step: 638900, Returns: 17.400, Epsilon: 0.0100
Step: 639000, Returns: 17.400, Epsilon: 0.0100
Step: 639100, Returns: 17.330, Epsilon: 0.0100
Step: 639200, Returns: 17.350, Epsilon: 0.0100
Step: 639300, Returns: 17.340, Epsilon: 0.0100
Step: 639400, Returns: 17.340, Epsilon: 0.0100
Step: 639500, Returns: 17.340, Epsilon: 0.0100
Step: 639600, Returns: 17.340, Epsilon: 0.0100
Step: 639700, Returns: 17.300, Epsilon: 0.0100
Step: 639800, Returns: 17.300, Epsilon: 0.0100
Step: 639900, Returns: 17.270, Epsilon: 0.0100
Step: 640000, Returns: 17.280, Epsilon: 0.0100
Step: 640100, Returns: 17.280, Epsilon: 0.0100
Step: 640200, Returns: 17.270, Epsilon: 0.0100
Step: 640300, Returns: 17.270, Epsilon: 0.0100
Step: 640400, Returns: 17.190, Epsilon: 0.0100
Step: 640500, Returns: 17.190, Epsilon: 0.0100
Step: 640600, Returns: 17.190, Epsilon: 0.0100
Updating target network...
Step: 640700, Returns: 17.190, Epsilon: 0.0100
Step: 640800, Returns: 17.220, Epsilon: 0.0100
Step: 640900, Returns: 17.190, Epsilon: 0.0100
Step: 641000, Returns: 17.190, Epsilon: 0.0100
Step: 641100, Returns: 17.240, Epsilon: 0.0100
Step: 641200, Returns: 17.290, Epsilon: 0.0100
Step: 641300, Returns: 17.290, Epsilon: 0.0100
Step: 641400, Returns: 17.240, Epsilon: 0.0100
Step: 641500, Returns: 17.230, Epsilon: 0.0100
Step: 641600, Returns: 17.230, Epsilon: 0.0100
Step: 641700, Returns: 17.240, Epsilon: 0.0100
Step: 641800, Returns: 17.240, Epsilon: 0.0100
Step: 641900, Returns: 17.230, Epsilon: 0.0100
Step: 642000, Returns: 17.250, Epsilon: 0.0100
Step: 642100, Returns: 17.270, Epsilon: 0.0100
Step: 642200, Returns: 17.230, Epsilon: 0.0100
Step: 642300, Returns: 17.240, Epsilon: 0.0100
Step: 642400, Returns: 17.240, Epsilon: 0.0100
Step: 642500, Returns: 17.240, Epsilon: 0.0100
Step: 642600, Returns: 17.220, Epsilon: 0.0100
Step: 642700, Returns: 17.220, Epsilon: 0.0100
Step: 642800, Returns: 17.220, Epsilon: 0.0100
Step: 642900, Returns: 17.220, Epsilon: 0.0100
Step: 643000, Returns: 17.240, Epsilon: 0.0100
Step: 643100, Returns: 17.240, Epsilon: 0.0100
Updating target network...
Step: 643200, Returns: 17.240, Epsilon: 0.0100
Step: 643300, Returns: 17.230, Epsilon: 0.0100
Step: 643400, Returns: 17.230, Epsilon: 0.0100
Step: 643500, Returns: 17.290, Epsilon: 0.0100
Step: 643600, Returns: 17.290, Epsilon: 0.0100
Step: 643700, Returns: 17.270, Epsilon: 0.0100
Step: 643800, Returns: 17.280, Epsilon: 0.0100
Step: 643900, Returns: 17.280, Epsilon: 0.0100
Step: 644000, Returns: 17.300, Epsilon: 0.0100
Step: 644100, Returns: 17.320, Epsilon: 0.0100
Step: 644200, Returns: 17.340, Epsilon: 0.0100
Step: 644300, Returns: 17.410, Epsilon: 0.0100
Step: 644400, Returns: 17.410, Epsilon: 0.0100
Step: 644500, Returns: 17.610, Epsilon: 0.0100
Step: 644600, Returns: 17.610, Epsilon: 0.0100
Step: 644700, Returns: 17.610, Epsilon: 0.0100
Step: 644800, Returns: 17.610, Epsilon: 0.0100
Step: 644900, Returns: 17.640, Epsilon: 0.0100
Step: 645000, Returns: 17.640, Epsilon: 0.0100
Step: 645100, Returns: 17.640, Epsilon: 0.0100
Step: 645200, Returns: 17.630, Epsilon: 0.0100
Step: 645300, Returns: 17.630, Epsilon: 0.0100
Step: 645400, Returns: 17.630, Epsilon: 0.0100
Step: 645500, Returns: 17.610, Epsilon: 0.0100
Step: 645600, Returns: 17.660, Epsilon: 0.0100
Updating target network...
Step: 645700, Returns: 17.660, Epsilon: 0.0100
Step: 645800, Returns: 17.660, Epsilon: 0.0100
Step: 645900, Returns: 17.660, Epsilon: 0.0100
Step: 646000, Returns: 17.660, Epsilon: 0.0100
Step: 646100, Returns: 17.720, Epsilon: 0.0100
Step: 646200, Returns: 17.710, Epsilon: 0.0100
Step: 646300, Returns: 17.700, Epsilon: 0.0100
Step: 646400, Returns: 17.720, Epsilon: 0.0100
Step: 646500, Returns: 17.720, Epsilon: 0.0100
Step: 646600, Returns: 17.720, Epsilon: 0.0100
Step: 646700, Returns: 17.720, Epsilon: 0.0100
Step: 646800, Returns: 17.690, Epsilon: 0.0100
Step: 646900, Returns: 17.730, Epsilon: 0.0100
Step: 647000, Returns: 17.730, Epsilon: 0.0100
Step: 647100, Returns: 17.740, Epsilon: 0.0100
Step: 647200, Returns: 17.740, Epsilon: 0.0100
Step: 647300, Returns: 17.740, Epsilon: 0.0100
Step: 647400, Returns: 17.720, Epsilon: 0.0100
Step: 647500, Returns: 17.720, Epsilon: 0.0100
Step: 647600, Returns: 17.680, Epsilon: 0.0100
Step: 647700, Returns: 17.680, Epsilon: 0.0100
Step: 647800, Returns: 17.680, Epsilon: 0.0100
Step: 647900, Returns: 17.680, Epsilon: 0.0100
Step: 648000, Returns: 17.680, Epsilon: 0.0100
Step: 648100, Returns: 17.610, Epsilon: 0.0100
Updating target network...
Step: 648200, Returns: 17.640, Epsilon: 0.0100
Step: 648300, Returns: 17.670, Epsilon: 0.0100
Step: 648400, Returns: 17.660, Epsilon: 0.0100
Step: 648500, Returns: 17.700, Epsilon: 0.0100
Step: 648600, Returns: 17.700, Epsilon: 0.0100
Step: 648700, Returns: 17.700, Epsilon: 0.0100
Step: 648800, Returns: 17.800, Epsilon: 0.0100
Step: 648900, Returns: 17.800, Epsilon: 0.0100
Step: 649000, Returns: 17.820, Epsilon: 0.0100
Step: 649100, Returns: 17.810, Epsilon: 0.0100
Step: 649200, Returns: 17.810, Epsilon: 0.0100
Step: 649300, Returns: 17.750, Epsilon: 0.0100
Step: 649400, Returns: 17.750, Epsilon: 0.0100
Step: 649500, Returns: 17.770, Epsilon: 0.0100
Step: 649600, Returns: 17.740, Epsilon: 0.0100
Step: 649700, Returns: 17.750, Epsilon: 0.0100
Step: 649800, Returns: 17.750, Epsilon: 0.0100
Step: 649900, Returns: 17.750, Epsilon: 0.0100
Step: 650000, Returns: 17.760, Epsilon: 0.0100
Step: 650100, Returns: 17.770, Epsilon: 0.0100
Step: 650200, Returns: 17.800, Epsilon: 0.0100
Step: 650300, Returns: 17.800, Epsilon: 0.0100
Step: 650400, Returns: 17.820, Epsilon: 0.0100
Step: 650500, Returns: 17.820, Epsilon: 0.0100
Step: 650600, Returns: 17.740, Epsilon: 0.0100
Updating target network...
Step: 650700, Returns: 17.760, Epsilon: 0.0100
Step: 650800, Returns: 17.760, Epsilon: 0.0100
Step: 650900, Returns: 17.760, Epsilon: 0.0100
Step: 651000, Returns: 17.760, Epsilon: 0.0100
Step: 651100, Returns: 17.740, Epsilon: 0.0100
Step: 651200, Returns: 17.710, Epsilon: 0.0100
Step: 651300, Returns: 17.670, Epsilon: 0.0100
Step: 651400, Returns: 17.670, Epsilon: 0.0100
Step: 651500, Returns: 17.770, Epsilon: 0.0100
Step: 651600, Returns: 17.760, Epsilon: 0.0100
Step: 651700, Returns: 17.760, Epsilon: 0.0100
Step: 651800, Returns: 17.720, Epsilon: 0.0100
Step: 651900, Returns: 17.720, Epsilon: 0.0100
Step: 652000, Returns: 17.670, Epsilon: 0.0100
Step: 652100, Returns: 17.730, Epsilon: 0.0100
Step: 652200, Returns: 17.730, Epsilon: 0.0100
Step: 652300, Returns: 17.720, Epsilon: 0.0100
Step: 652400, Returns: 17.710, Epsilon: 0.0100
Step: 652500, Returns: 17.700, Epsilon: 0.0100
Step: 652600, Returns: 17.720, Epsilon: 0.0100
Step: 652700, Returns: 17.680, Epsilon: 0.0100
Step: 652800, Returns: 17.710, Epsilon: 0.0100
Step: 652900, Returns: 17.710, Epsilon: 0.0100
Step: 653000, Returns: 17.710, Epsilon: 0.0100
Step: 653100, Returns: 17.710, Epsilon: 0.0100
Updating target network...
Step: 653200, Returns: 17.750, Epsilon: 0.0100
Step: 653300, Returns: 17.750, Epsilon: 0.0100
Step: 653400, Returns: 17.750, Epsilon: 0.0100
Step: 653500, Returns: 17.830, Epsilon: 0.0100
Step: 653600, Returns: 17.860, Epsilon: 0.0100
Step: 653700, Returns: 17.860, Epsilon: 0.0100
Step: 653800, Returns: 17.920, Epsilon: 0.0100
Step: 653900, Returns: 17.900, Epsilon: 0.0100
Step: 654000, Returns: 17.900, Epsilon: 0.0100
Step: 654100, Returns: 17.900, Epsilon: 0.0100
Step: 654200, Returns: 17.880, Epsilon: 0.0100
Step: 654300, Returns: 17.880, Epsilon: 0.0100
Step: 654400, Returns: 17.830, Epsilon: 0.0100
Step: 654500, Returns: 17.830, Epsilon: 0.0100
Step: 654600, Returns: 17.830, Epsilon: 0.0100
Step: 654700, Returns: 17.830, Epsilon: 0.0100
Step: 654800, Returns: 17.860, Epsilon: 0.0100
Step: 654900, Returns: 17.850, Epsilon: 0.0100
Step: 655000, Returns: 17.850, Epsilon: 0.0100
Step: 655100, Returns: 17.850, Epsilon: 0.0100
Step: 655200, Returns: 17.820, Epsilon: 0.0100
Step: 655300, Returns: 17.820, Epsilon: 0.0100
Step: 655400, Returns: 17.790, Epsilon: 0.0100
Step: 655500, Returns: 17.790, Epsilon: 0.0100
Step: 655600, Returns: 17.800, Epsilon: 0.0100
Updating target network...
Step: 655700, Returns: 17.800, Epsilon: 0.0100
Step: 655800, Returns: 17.740, Epsilon: 0.0100
Step: 655900, Returns: 17.740, Epsilon: 0.0100
Step: 656000, Returns: 17.740, Epsilon: 0.0100
Step: 656100, Returns: 17.740, Epsilon: 0.0100
Step: 656200, Returns: 17.680, Epsilon: 0.0100
Step: 656300, Returns: 17.680, Epsilon: 0.0100
Step: 656400, Returns: 17.680, Epsilon: 0.0100
Step: 656500, Returns: 17.670, Epsilon: 0.0100
Step: 656600, Returns: 17.670, Epsilon: 0.0100
Step: 656700, Returns: 17.670, Epsilon: 0.0100
Step: 656800, Returns: 17.750, Epsilon: 0.0100
Step: 656900, Returns: 17.750, Epsilon: 0.0100
Step: 657000, Returns: 17.760, Epsilon: 0.0100
Step: 657100, Returns: 17.760, Epsilon: 0.0100
Step: 657200, Returns: 17.750, Epsilon: 0.0100
Step: 657300, Returns: 17.780, Epsilon: 0.0100
Step: 657400, Returns: 17.780, Epsilon: 0.0100
Step: 657500, Returns: 17.770, Epsilon: 0.0100
Step: 657600, Returns: 17.770, Epsilon: 0.0100
Step: 657700, Returns: 17.800, Epsilon: 0.0100
Step: 657800, Returns: 17.800, Epsilon: 0.0100
Step: 657900, Returns: 17.780, Epsilon: 0.0100
Step: 658000, Returns: 17.780, Epsilon: 0.0100
Step: 658100, Returns: 17.780, Epsilon: 0.0100
Updating target network...
Step: 658200, Returns: 17.760, Epsilon: 0.0100
Step: 658300, Returns: 17.790, Epsilon: 0.0100
Step: 658400, Returns: 17.790, Epsilon: 0.0100
Step: 658500, Returns: 17.830, Epsilon: 0.0100
Step: 658600, Returns: 17.840, Epsilon: 0.0100
Step: 658700, Returns: 17.840, Epsilon: 0.0100
Step: 658800, Returns: 17.840, Epsilon: 0.0100
Step: 658900, Returns: 17.840, Epsilon: 0.0100
Step: 659000, Returns: 17.820, Epsilon: 0.0100
Step: 659100, Returns: 17.820, Epsilon: 0.0100
Step: 659200, Returns: 17.820, Epsilon: 0.0100
Step: 659300, Returns: 17.790, Epsilon: 0.0100
Step: 659400, Returns: 17.760, Epsilon: 0.0100
Step: 659500, Returns: 17.760, Epsilon: 0.0100
Step: 659600, Returns: 17.760, Epsilon: 0.0100
Step: 659700, Returns: 17.730, Epsilon: 0.0100
Step: 659800, Returns: 17.730, Epsilon: 0.0100
Step: 659900, Returns: 17.730, Epsilon: 0.0100
Step: 660000, Returns: 17.680, Epsilon: 0.0100
Step: 660100, Returns: 17.680, Epsilon: 0.0100
Step: 660200, Returns: 17.640, Epsilon: 0.0100
Step: 660300, Returns: 17.640, Epsilon: 0.0100
Step: 660400, Returns: 17.640, Epsilon: 0.0100
Step: 660500, Returns: 17.620, Epsilon: 0.0100
Step: 660600, Returns: 17.620, Epsilon: 0.0100
Updating target network...
Step: 660700, Returns: 17.610, Epsilon: 0.0100
Step: 660800, Returns: 17.610, Epsilon: 0.0100
Step: 660900, Returns: 17.590, Epsilon: 0.0100
Step: 661000, Returns: 17.590, Epsilon: 0.0100
Step: 661100, Returns: 17.650, Epsilon: 0.0100
Step: 661200, Returns: 17.650, Epsilon: 0.0100
Step: 661300, Returns: 17.670, Epsilon: 0.0100
Step: 661400, Returns: 17.670, Epsilon: 0.0100
Step: 661500, Returns: 17.690, Epsilon: 0.0100
Step: 661600, Returns: 17.690, Epsilon: 0.0100
Step: 661700, Returns: 17.690, Epsilon: 0.0100
Step: 661800, Returns: 17.690, Epsilon: 0.0100
Step: 661900, Returns: 17.660, Epsilon: 0.0100
Step: 662000, Returns: 17.650, Epsilon: 0.0100
Step: 662100, Returns: 17.690, Epsilon: 0.0100
Step: 662200, Returns: 17.690, Epsilon: 0.0100
Step: 662300, Returns: 17.670, Epsilon: 0.0100
Step: 662400, Returns: 17.670, Epsilon: 0.0100
Step: 662500, Returns: 17.690, Epsilon: 0.0100
Step: 662600, Returns: 17.690, Epsilon: 0.0100
Step: 662700, Returns: 17.720, Epsilon: 0.0100
Step: 662800, Returns: 17.720, Epsilon: 0.0100
Step: 662900, Returns: 17.730, Epsilon: 0.0100
Step: 663000, Returns: 17.820, Epsilon: 0.0100
Step: 663100, Returns: 17.820, Epsilon: 0.0100
Updating target network...
Step: 663200, Returns: 17.820, Epsilon: 0.0100
Step: 663300, Returns: 17.800, Epsilon: 0.0100
Step: 663400, Returns: 17.790, Epsilon: 0.0100
Step: 663500, Returns: 17.790, Epsilon: 0.0100
Step: 663600, Returns: 17.790, Epsilon: 0.0100
Step: 663700, Returns: 17.790, Epsilon: 0.0100
Step: 663800, Returns: 17.790, Epsilon: 0.0100
Step: 663900, Returns: 17.810, Epsilon: 0.0100
Step: 664000, Returns: 17.880, Epsilon: 0.0100
Step: 664100, Returns: 17.990, Epsilon: 0.0100
Step: 664200, Returns: 17.990, Epsilon: 0.0100
Step: 664300, Returns: 17.990, Epsilon: 0.0100
Step: 664400, Returns: 17.990, Epsilon: 0.0100
Step: 664500, Returns: 18.010, Epsilon: 0.0100
Step: 664600, Returns: 17.930, Epsilon: 0.0100
Step: 664700, Returns: 17.930, Epsilon: 0.0100
Step: 664800, Returns: 17.960, Epsilon: 0.0100
Step: 664900, Returns: 18.000, Epsilon: 0.0100
Step: 665000, Returns: 18.000, Epsilon: 0.0100
Step: 665100, Returns: 18.000, Epsilon: 0.0100
Step: 665200, Returns: 18.030, Epsilon: 0.0100
Step: 665300, Returns: 18.030, Epsilon: 0.0100
Step: 665400, Returns: 18.030, Epsilon: 0.0100
Step: 665500, Returns: 18.030, Epsilon: 0.0100
Step: 665600, Returns: 18.030, Epsilon: 0.0100
Updating target network...
Step: 665700, Returns: 18.030, Epsilon: 0.0100
Step: 665800, Returns: 18.030, Epsilon: 0.0100
Step: 665900, Returns: 18.020, Epsilon: 0.0100
Step: 666000, Returns: 18.020, Epsilon: 0.0100
Step: 666100, Returns: 18.020, Epsilon: 0.0100
Step: 666200, Returns: 18.050, Epsilon: 0.0100
Step: 666300, Returns: 18.050, Epsilon: 0.0100
Step: 666400, Returns: 17.990, Epsilon: 0.0100
Step: 666500, Returns: 18.000, Epsilon: 0.0100
Step: 666600, Returns: 17.970, Epsilon: 0.0100
Step: 666700, Returns: 17.970, Epsilon: 0.0100
Step: 666800, Returns: 17.910, Epsilon: 0.0100
Step: 666900, Returns: 17.890, Epsilon: 0.0100
Step: 667000, Returns: 17.890, Epsilon: 0.0100
Step: 667100, Returns: 17.870, Epsilon: 0.0100
Step: 667200, Returns: 17.850, Epsilon: 0.0100
Step: 667300, Returns: 17.850, Epsilon: 0.0100
Step: 667400, Returns: 17.850, Epsilon: 0.0100
Step: 667500, Returns: 17.850, Epsilon: 0.0100
Step: 667600, Returns: 17.880, Epsilon: 0.0100
Step: 667700, Returns: 17.880, Epsilon: 0.0100
Step: 667800, Returns: 17.880, Epsilon: 0.0100
Step: 667900, Returns: 17.890, Epsilon: 0.0100
Step: 668000, Returns: 17.890, Epsilon: 0.0100
Step: 668100, Returns: 17.930, Epsilon: 0.0100
Updating target network...
Step: 668200, Returns: 17.990, Epsilon: 0.0100
Step: 668300, Returns: 17.990, Epsilon: 0.0100
Step: 668400, Returns: 18.000, Epsilon: 0.0100
Step: 668500, Returns: 18.000, Epsilon: 0.0100
Step: 668600, Returns: 18.000, Epsilon: 0.0100
Step: 668700, Returns: 17.990, Epsilon: 0.0100
Step: 668800, Returns: 18.020, Epsilon: 0.0100
Step: 668900, Returns: 18.010, Epsilon: 0.0100
Step: 669000, Returns: 18.010, Epsilon: 0.0100
Step: 669100, Returns: 18.070, Epsilon: 0.0100
Step: 669200, Returns: 18.070, Epsilon: 0.0100
Step: 669300, Returns: 18.070, Epsilon: 0.0100
Step: 669400, Returns: 18.070, Epsilon: 0.0100
Step: 669500, Returns: 18.050, Epsilon: 0.0100
Step: 669600, Returns: 18.040, Epsilon: 0.0100
Step: 669700, Returns: 18.040, Epsilon: 0.0100
Step: 669800, Returns: 18.040, Epsilon: 0.0100
Step: 669900, Returns: 18.040, Epsilon: 0.0100
Step: 670000, Returns: 18.040, Epsilon: 0.0100
Step: 670100, Returns: 18.040, Epsilon: 0.0100
Step: 670200, Returns: 18.050, Epsilon: 0.0100
Step: 670300, Returns: 17.990, Epsilon: 0.0100
Step: 670400, Returns: 17.980, Epsilon: 0.0100
Step: 670500, Returns: 17.980, Epsilon: 0.0100
Step: 670600, Returns: 17.960, Epsilon: 0.0100
Updating target network...
Step: 670700, Returns: 17.930, Epsilon: 0.0100
Step: 670800, Returns: 17.930, Epsilon: 0.0100
Step: 670900, Returns: 17.930, Epsilon: 0.0100
Step: 671000, Returns: 17.930, Epsilon: 0.0100
Step: 671100, Returns: 17.900, Epsilon: 0.0100
Step: 671200, Returns: 17.900, Epsilon: 0.0100
Step: 671300, Returns: 17.900, Epsilon: 0.0100
Step: 671400, Returns: 17.900, Epsilon: 0.0100
Step: 671500, Returns: 17.900, Epsilon: 0.0100
Step: 671600, Returns: 17.900, Epsilon: 0.0100
Step: 671700, Returns: 17.890, Epsilon: 0.0100
Step: 671800, Returns: 17.860, Epsilon: 0.0100
Step: 671900, Returns: 17.860, Epsilon: 0.0100
Step: 672000, Returns: 17.860, Epsilon: 0.0100
Step: 672100, Returns: 17.860, Epsilon: 0.0100
Step: 672200, Returns: 17.890, Epsilon: 0.0100
Step: 672300, Returns: 17.890, Epsilon: 0.0100
Step: 672400, Returns: 17.910, Epsilon: 0.0100
Step: 672500, Returns: 17.930, Epsilon: 0.0100
Step: 672600, Returns: 17.970, Epsilon: 0.0100
Step: 672700, Returns: 17.940, Epsilon: 0.0100
Step: 672800, Returns: 17.940, Epsilon: 0.0100
Step: 672900, Returns: 18.050, Epsilon: 0.0100
Step: 673000, Returns: 18.050, Epsilon: 0.0100
Step: 673100, Returns: 18.120, Epsilon: 0.0100
Updating target network...
Step: 673200, Returns: 18.120, Epsilon: 0.0100
Step: 673300, Returns: 18.120, Epsilon: 0.0100
Step: 673400, Returns: 18.120, Epsilon: 0.0100
Step: 673500, Returns: 18.120, Epsilon: 0.0100
Step: 673600, Returns: 18.150, Epsilon: 0.0100
Step: 673700, Returns: 18.160, Epsilon: 0.0100
Step: 673800, Returns: 18.160, Epsilon: 0.0100
Step: 673900, Returns: 18.160, Epsilon: 0.0100
Step: 674000, Returns: 18.160, Epsilon: 0.0100
Step: 674100, Returns: 18.160, Epsilon: 0.0100
Step: 674200, Returns: 18.160, Epsilon: 0.0100
Step: 674300, Returns: 18.150, Epsilon: 0.0100
Step: 674400, Returns: 18.210, Epsilon: 0.0100
Step: 674500, Returns: 18.210, Epsilon: 0.0100
Step: 674600, Returns: 18.210, Epsilon: 0.0100
Step: 674700, Returns: 18.240, Epsilon: 0.0100
Step: 674800, Returns: 18.240, Epsilon: 0.0100
Step: 674900, Returns: 18.270, Epsilon: 0.0100
Step: 675000, Returns: 18.250, Epsilon: 0.0100
Step: 675100, Returns: 18.180, Epsilon: 0.0100
Step: 675200, Returns: 18.180, Epsilon: 0.0100
Step: 675300, Returns: 18.180, Epsilon: 0.0100
Step: 675400, Returns: 18.170, Epsilon: 0.0100
Step: 675500, Returns: 18.170, Epsilon: 0.0100
Step: 675600, Returns: 18.190, Epsilon: 0.0100
Updating target network...
Step: 675700, Returns: 18.220, Epsilon: 0.0100
Step: 675800, Returns: 18.220, Epsilon: 0.0100
Step: 675900, Returns: 18.200, Epsilon: 0.0100
Step: 676000, Returns: 18.200, Epsilon: 0.0100
Step: 676100, Returns: 18.210, Epsilon: 0.0100
Step: 676200, Returns: 18.190, Epsilon: 0.0100
Step: 676300, Returns: 18.220, Epsilon: 0.0100
Step: 676400, Returns: 18.220, Epsilon: 0.0100
Step: 676500, Returns: 18.220, Epsilon: 0.0100
Step: 676600, Returns: 18.220, Epsilon: 0.0100
Step: 676700, Returns: 18.230, Epsilon: 0.0100
Step: 676800, Returns: 18.240, Epsilon: 0.0100
Step: 676900, Returns: 18.240, Epsilon: 0.0100
Step: 677000, Returns: 18.240, Epsilon: 0.0100
Step: 677100, Returns: 18.220, Epsilon: 0.0100
Step: 677200, Returns: 18.200, Epsilon: 0.0100
Step: 677300, Returns: 18.200, Epsilon: 0.0100
Step: 677400, Returns: 18.200, Epsilon: 0.0100
Step: 677500, Returns: 18.200, Epsilon: 0.0100
Step: 677600, Returns: 18.220, Epsilon: 0.0100
Step: 677700, Returns: 18.220, Epsilon: 0.0100
Step: 677800, Returns: 18.220, Epsilon: 0.0100
Step: 677900, Returns: 18.240, Epsilon: 0.0100
Step: 678000, Returns: 18.240, Epsilon: 0.0100
Step: 678100, Returns: 18.220, Epsilon: 0.0100
Updating target network...
Step: 678200, Returns: 18.220, Epsilon: 0.0100
Step: 678300, Returns: 18.200, Epsilon: 0.0100
Step: 678400, Returns: 18.190, Epsilon: 0.0100
Step: 678500, Returns: 18.190, Epsilon: 0.0100
Step: 678600, Returns: 18.190, Epsilon: 0.0100
Step: 678700, Returns: 18.190, Epsilon: 0.0100
Step: 678800, Returns: 18.190, Epsilon: 0.0100
Step: 678900, Returns: 18.150, Epsilon: 0.0100
Step: 679000, Returns: 18.150, Epsilon: 0.0100
Step: 679100, Returns: 18.150, Epsilon: 0.0100
Step: 679200, Returns: 18.150, Epsilon: 0.0100
Step: 679300, Returns: 18.180, Epsilon: 0.0100
Step: 679400, Returns: 18.170, Epsilon: 0.0100
Step: 679500, Returns: 18.210, Epsilon: 0.0100
Step: 679600, Returns: 18.210, Epsilon: 0.0100
Step: 679700, Returns: 18.260, Epsilon: 0.0100
Step: 679800, Returns: 18.250, Epsilon: 0.0100
Step: 679900, Returns: 18.250, Epsilon: 0.0100
Step: 680000, Returns: 18.250, Epsilon: 0.0100
Step: 680100, Returns: 18.270, Epsilon: 0.0100
Step: 680200, Returns: 18.270, Epsilon: 0.0100
Step: 680300, Returns: 18.290, Epsilon: 0.0100
Step: 680400, Returns: 18.290, Epsilon: 0.0100
Step: 680500, Returns: 18.290, Epsilon: 0.0100
Step: 680600, Returns: 18.320, Epsilon: 0.0100
Updating target network...
Step: 680700, Returns: 18.320, Epsilon: 0.0100
Step: 680800, Returns: 18.320, Epsilon: 0.0100
Step: 680900, Returns: 18.320, Epsilon: 0.0100
Step: 681000, Returns: 18.300, Epsilon: 0.0100
Step: 681100, Returns: 18.300, Epsilon: 0.0100
Step: 681200, Returns: 18.270, Epsilon: 0.0100
Step: 681300, Returns: 18.230, Epsilon: 0.0100
Step: 681400, Returns: 18.230, Epsilon: 0.0100
Step: 681500, Returns: 18.230, Epsilon: 0.0100
Step: 681600, Returns: 18.230, Epsilon: 0.0100
Step: 681700, Returns: 18.220, Epsilon: 0.0100
Step: 681800, Returns: 18.190, Epsilon: 0.0100
Step: 681900, Returns: 18.240, Epsilon: 0.0100
Step: 682000, Returns: 18.240, Epsilon: 0.0100
Step: 682100, Returns: 18.240, Epsilon: 0.0100
Step: 682200, Returns: 18.240, Epsilon: 0.0100
Step: 682300, Returns: 18.240, Epsilon: 0.0100
Step: 682400, Returns: 18.220, Epsilon: 0.0100
Step: 682500, Returns: 18.240, Epsilon: 0.0100
Step: 682600, Returns: 18.240, Epsilon: 0.0100
Step: 682700, Returns: 18.240, Epsilon: 0.0100
Step: 682800, Returns: 18.240, Epsilon: 0.0100
Step: 682900, Returns: 18.240, Epsilon: 0.0100
Step: 683000, Returns: 18.230, Epsilon: 0.0100
Step: 683100, Returns: 18.290, Epsilon: 0.0100
Updating target network...
Step: 683200, Returns: 18.290, Epsilon: 0.0100
Step: 683300, Returns: 18.290, Epsilon: 0.0100
Step: 683400, Returns: 18.290, Epsilon: 0.0100
Step: 683500, Returns: 18.290, Epsilon: 0.0100
Step: 683600, Returns: 18.270, Epsilon: 0.0100
Step: 683700, Returns: 18.180, Epsilon: 0.0100
Step: 683800, Returns: 18.240, Epsilon: 0.0100
Step: 683900, Returns: 18.250, Epsilon: 0.0100
Step: 684000, Returns: 18.290, Epsilon: 0.0100
Step: 684100, Returns: 18.290, Epsilon: 0.0100
Step: 684200, Returns: 18.290, Epsilon: 0.0100
Step: 684300, Returns: 18.290, Epsilon: 0.0100
Step: 684400, Returns: 18.290, Epsilon: 0.0100
Step: 684500, Returns: 18.280, Epsilon: 0.0100
Step: 684600, Returns: 18.280, Epsilon: 0.0100
Step: 684700, Returns: 18.280, Epsilon: 0.0100
Step: 684800, Returns: 18.280, Epsilon: 0.0100
Step: 684900, Returns: 18.270, Epsilon: 0.0100
Step: 685000, Returns: 18.270, Epsilon: 0.0100
Step: 685100, Returns: 18.250, Epsilon: 0.0100
Step: 685200, Returns: 18.250, Epsilon: 0.0100
Step: 685300, Returns: 18.270, Epsilon: 0.0100
Step: 685400, Returns: 18.300, Epsilon: 0.0100
Step: 685500, Returns: 18.320, Epsilon: 0.0100
Step: 685600, Returns: 18.360, Epsilon: 0.0100
Updating target network...
Step: 685700, Returns: 18.360, Epsilon: 0.0100
Step: 685800, Returns: 18.360, Epsilon: 0.0100
Step: 685900, Returns: 18.350, Epsilon: 0.0100
Step: 686000, Returns: 18.340, Epsilon: 0.0100
Step: 686100, Returns: 18.330, Epsilon: 0.0100
Step: 686200, Returns: 18.350, Epsilon: 0.0100
Step: 686300, Returns: 18.350, Epsilon: 0.0100
Step: 686400, Returns: 18.350, Epsilon: 0.0100
Step: 686500, Returns: 18.350, Epsilon: 0.0100
Step: 686600, Returns: 18.350, Epsilon: 0.0100
Step: 686700, Returns: 18.350, Epsilon: 0.0100
Step: 686800, Returns: 18.350, Epsilon: 0.0100
Step: 686900, Returns: 18.340, Epsilon: 0.0100
Step: 687000, Returns: 18.330, Epsilon: 0.0100
Step: 687100, Returns: 18.330, Epsilon: 0.0100
Step: 687200, Returns: 18.280, Epsilon: 0.0100
Step: 687300, Returns: 18.310, Epsilon: 0.0100
Step: 687400, Returns: 18.290, Epsilon: 0.0100
Step: 687500, Returns: 18.260, Epsilon: 0.0100
Step: 687600, Returns: 18.260, Epsilon: 0.0100
Step: 687700, Returns: 18.240, Epsilon: 0.0100
Step: 687800, Returns: 18.180, Epsilon: 0.0100
Step: 687900, Returns: 18.210, Epsilon: 0.0100
Step: 688000, Returns: 18.210, Epsilon: 0.0100
Step: 688100, Returns: 18.210, Epsilon: 0.0100
Updating target network...
Step: 688200, Returns: 18.250, Epsilon: 0.0100
Step: 688300, Returns: 18.230, Epsilon: 0.0100
Step: 688400, Returns: 18.230, Epsilon: 0.0100
Step: 688500, Returns: 18.230, Epsilon: 0.0100
Step: 688600, Returns: 18.210, Epsilon: 0.0100
Step: 688700, Returns: 18.210, Epsilon: 0.0100
Step: 688800, Returns: 18.210, Epsilon: 0.0100
Step: 688900, Returns: 18.210, Epsilon: 0.0100
Step: 689000, Returns: 18.210, Epsilon: 0.0100
Step: 689100, Returns: 18.210, Epsilon: 0.0100
Step: 689200, Returns: 18.250, Epsilon: 0.0100
Step: 689300, Returns: 18.230, Epsilon: 0.0100
Step: 689400, Returns: 18.230, Epsilon: 0.0100
Step: 689500, Returns: 18.210, Epsilon: 0.0100
Step: 689600, Returns: 18.140, Epsilon: 0.0100
Step: 689700, Returns: 18.120, Epsilon: 0.0100
Step: 689800, Returns: 18.120, Epsilon: 0.0100
Step: 689900, Returns: 18.120, Epsilon: 0.0100
Step: 690000, Returns: 18.120, Epsilon: 0.0100
Step: 690100, Returns: 18.160, Epsilon: 0.0100
Step: 690200, Returns: 18.140, Epsilon: 0.0100
Step: 690300, Returns: 18.140, Epsilon: 0.0100
Step: 690400, Returns: 18.140, Epsilon: 0.0100
Step: 690500, Returns: 18.140, Epsilon: 0.0100
Step: 690600, Returns: 18.140, Epsilon: 0.0100
Updating target network...
Step: 690700, Returns: 18.070, Epsilon: 0.0100
Step: 690800, Returns: 18.070, Epsilon: 0.0100
Step: 690900, Returns: 18.070, Epsilon: 0.0100
Step: 691000, Returns: 18.090, Epsilon: 0.0100
Step: 691100, Returns: 18.090, Epsilon: 0.0100
Step: 691200, Returns: 18.100, Epsilon: 0.0100
Step: 691300, Returns: 18.100, Epsilon: 0.0100
Step: 691400, Returns: 18.120, Epsilon: 0.0100
Step: 691500, Returns: 18.120, Epsilon: 0.0100
Step: 691600, Returns: 18.150, Epsilon: 0.0100
Step: 691700, Returns: 18.160, Epsilon: 0.0100
Step: 691800, Returns: 18.160, Epsilon: 0.0100
Step: 691900, Returns: 18.120, Epsilon: 0.0100
Step: 692000, Returns: 18.140, Epsilon: 0.0100
Step: 692100, Returns: 18.170, Epsilon: 0.0100
Step: 692200, Returns: 18.170, Epsilon: 0.0100
Step: 692300, Returns: 18.170, Epsilon: 0.0100
Step: 692400, Returns: 18.170, Epsilon: 0.0100
Step: 692500, Returns: 18.170, Epsilon: 0.0100
Step: 692600, Returns: 18.200, Epsilon: 0.0100
Step: 692700, Returns: 18.200, Epsilon: 0.0100
Step: 692800, Returns: 18.190, Epsilon: 0.0100
Step: 692900, Returns: 18.220, Epsilon: 0.0100
Step: 693000, Returns: 18.220, Epsilon: 0.0100
Step: 693100, Returns: 18.220, Epsilon: 0.0100
Updating target network...
Step: 693200, Returns: 18.270, Epsilon: 0.0100
Step: 693300, Returns: 18.270, Epsilon: 0.0100
Step: 693400, Returns: 18.240, Epsilon: 0.0100
Step: 693500, Returns: 18.240, Epsilon: 0.0100
Step: 693600, Returns: 18.230, Epsilon: 0.0100
Step: 693700, Returns: 18.220, Epsilon: 0.0100
Step: 693800, Returns: 18.200, Epsilon: 0.0100
Step: 693900, Returns: 18.170, Epsilon: 0.0100
Step: 694000, Returns: 18.210, Epsilon: 0.0100
Step: 694100, Returns: 18.240, Epsilon: 0.0100
Step: 694200, Returns: 18.220, Epsilon: 0.0100
Step: 694300, Returns: 18.270, Epsilon: 0.0100
Step: 694400, Returns: 18.270, Epsilon: 0.0100
Step: 694500, Returns: 18.280, Epsilon: 0.0100
Step: 694600, Returns: 18.280, Epsilon: 0.0100
Step: 694700, Returns: 18.280, Epsilon: 0.0100
Step: 694800, Returns: 18.280, Epsilon: 0.0100
Step: 694900, Returns: 18.280, Epsilon: 0.0100
Step: 695000, Returns: 18.290, Epsilon: 0.0100
Step: 695100, Returns: 18.290, Epsilon: 0.0100
Step: 695200, Returns: 18.290, Epsilon: 0.0100
Step: 695300, Returns: 18.310, Epsilon: 0.0100
Step: 695400, Returns: 18.310, Epsilon: 0.0100
Step: 695500, Returns: 18.340, Epsilon: 0.0100
Step: 695600, Returns: 18.340, Epsilon: 0.0100
Updating target network...
Step: 695700, Returns: 18.370, Epsilon: 0.0100
Step: 695800, Returns: 18.370, Epsilon: 0.0100
Step: 695900, Returns: 18.380, Epsilon: 0.0100
Step: 696000, Returns: 18.380, Epsilon: 0.0100
Step: 696100, Returns: 18.380, Epsilon: 0.0100
Step: 696200, Returns: 18.380, Epsilon: 0.0100
Step: 696300, Returns: 18.330, Epsilon: 0.0100
Step: 696400, Returns: 18.360, Epsilon: 0.0100
Step: 696500, Returns: 18.420, Epsilon: 0.0100
Step: 696600, Returns: 18.420, Epsilon: 0.0100
Step: 696700, Returns: 18.400, Epsilon: 0.0100
Step: 696800, Returns: 18.410, Epsilon: 0.0100
Step: 696900, Returns: 18.390, Epsilon: 0.0100
Step: 697000, Returns: 18.390, Epsilon: 0.0100
Step: 697100, Returns: 18.380, Epsilon: 0.0100
Step: 697200, Returns: 18.380, Epsilon: 0.0100
Step: 697300, Returns: 18.380, Epsilon: 0.0100
Step: 697400, Returns: 18.370, Epsilon: 0.0100
Step: 697500, Returns: 18.400, Epsilon: 0.0100
Step: 697600, Returns: 18.400, Epsilon: 0.0100
Step: 697700, Returns: 18.400, Epsilon: 0.0100
Step: 697800, Returns: 18.410, Epsilon: 0.0100
Step: 697900, Returns: 18.440, Epsilon: 0.0100
Step: 698000, Returns: 18.440, Epsilon: 0.0100
Step: 698100, Returns: 18.410, Epsilon: 0.0100
Updating target network...
Step: 698200, Returns: 18.400, Epsilon: 0.0100
Step: 698300, Returns: 18.390, Epsilon: 0.0100
Step: 698400, Returns: 18.390, Epsilon: 0.0100
Step: 698500, Returns: 18.390, Epsilon: 0.0100
Step: 698600, Returns: 18.330, Epsilon: 0.0100
Step: 698700, Returns: 18.330, Epsilon: 0.0100
Step: 698800, Returns: 18.310, Epsilon: 0.0100
Step: 698900, Returns: 18.220, Epsilon: 0.0100
Step: 699000, Returns: 18.240, Epsilon: 0.0100
Step: 699100, Returns: 18.250, Epsilon: 0.0100
Step: 699200, Returns: 18.250, Epsilon: 0.0100
Step: 699300, Returns: 18.280, Epsilon: 0.0100
Step: 699400, Returns: 18.280, Epsilon: 0.0100
Step: 699500, Returns: 18.280, Epsilon: 0.0100
Step: 699600, Returns: 18.270, Epsilon: 0.0100
Step: 699700, Returns: 18.280, Epsilon: 0.0100
Step: 699800, Returns: 18.280, Epsilon: 0.0100
Step: 699900, Returns: 18.290, Epsilon: 0.0100
Step: 700000, Returns: 18.290, Epsilon: 0.0100
Step: 700100, Returns: 18.270, Epsilon: 0.0100
Step: 700200, Returns: 18.270, Epsilon: 0.0100
Step: 700300, Returns: 18.280, Epsilon: 0.0100
Step: 700400, Returns: 18.320, Epsilon: 0.0100
Step: 700500, Returns: 18.320, Epsilon: 0.0100
Step: 700600, Returns: 18.320, Epsilon: 0.0100
Updating target network...
Step: 700700, Returns: 18.320, Epsilon: 0.0100
Step: 700800, Returns: 18.370, Epsilon: 0.0100
Step: 700900, Returns: 18.390, Epsilon: 0.0100
Step: 701000, Returns: 18.390, Epsilon: 0.0100
Step: 701100, Returns: 18.420, Epsilon: 0.0100
Step: 701200, Returns: 18.390, Epsilon: 0.0100
Step: 701300, Returns: 18.390, Epsilon: 0.0100
Step: 701400, Returns: 18.390, Epsilon: 0.0100
Step: 701500, Returns: 18.390, Epsilon: 0.0100
Step: 701600, Returns: 18.390, Epsilon: 0.0100
Step: 701700, Returns: 18.410, Epsilon: 0.0100
Step: 701800, Returns: 18.420, Epsilon: 0.0100
Step: 701900, Returns: 18.400, Epsilon: 0.0100
Step: 702000, Returns: 18.420, Epsilon: 0.0100
Step: 702100, Returns: 18.390, Epsilon: 0.0100
Step: 702200, Returns: 18.410, Epsilon: 0.0100
Step: 702300, Returns: 18.410, Epsilon: 0.0100
Step: 702400, Returns: 18.410, Epsilon: 0.0100
Step: 702500, Returns: 18.460, Epsilon: 0.0100
Step: 702600, Returns: 18.460, Epsilon: 0.0100
Step: 702700, Returns: 18.430, Epsilon: 0.0100
Step: 702800, Returns: 18.430, Epsilon: 0.0100
Step: 702900, Returns: 18.430, Epsilon: 0.0100
Step: 703000, Returns: 18.460, Epsilon: 0.0100
Step: 703100, Returns: 18.460, Epsilon: 0.0100
Updating target network...
Step: 703200, Returns: 18.490, Epsilon: 0.0100
Step: 703300, Returns: 18.490, Epsilon: 0.0100
Step: 703400, Returns: 18.490, Epsilon: 0.0100
Step: 703500, Returns: 18.490, Epsilon: 0.0100
Step: 703600, Returns: 18.490, Epsilon: 0.0100
Target score reached! Saving model and exiting.
