Tue Jun 23 18:39:36 2026       
+-----------------------------------------------------------------------------------------+
| NVIDIA-SMI 550.54.14              Driver Version: 550.54.14      CUDA Version: 12.4     |
|-----------------------------------------+------------------------+----------------------+
| GPU  Name                 Persistence-M | Bus-Id          Disp.A | Volatile Uncorr. ECC |
| Fan  Temp   Perf          Pwr:Usage/Cap |           Memory-Usage | GPU-Util  Compute M. |
|                                         |                        |               MIG M. |
|=========================================+========================+======================|
|   0  NVIDIA A16                     Off |   00000000:C5:00.0 Off |                    0 |
|  0%   42C    P0             19W /   62W |       0MiB /  15356MiB |      0%      Default |
|                                         |                        |                  N/A |
+-----------------------------------------+------------------------+----------------------+
                                                                                         
+-----------------------------------------------------------------------------------------+
| Processes:                                                                              |
|  GPU   GI   CI        PID   Type   Process name                              GPU Memory |
|        ID   ID                                                               Usage      |
|=========================================================================================|
|  No running processes found                                                             |
+-----------------------------------------------------------------------------------------+
Step: 100, Returns: nan, Epsilon: 0.9998
Step: 200, Returns: nan, Epsilon: 0.9995
Step: 300, Returns: nan, Epsilon: 0.9993
Step: 400, Returns: nan, Epsilon: 0.9990
Step: 500, Returns: nan, Epsilon: 0.9988
Step: 600, Returns: nan, Epsilon: 0.9985
Step: 700, Returns: nan, Epsilon: 0.9983
Step: 800, Returns: -21.000, Epsilon: 0.9980
Step: 900, Returns: -20.875, Epsilon: 0.9978
Step: 1000, Returns: -20.357, Epsilon: 0.9975
Step: 1100, Returns: -20.357, Epsilon: 0.9973
Step: 1200, Returns: -20.188, Epsilon: 0.9970
Step: 1300, Returns: -20.188, Epsilon: 0.9968
Step: 1400, Returns: -20.188, Epsilon: 0.9965
Step: 1500, Returns: -20.188, Epsilon: 0.9963
Updating target network...
Step: 1600, Returns: -20.235, Epsilon: 0.9960
Step: 1700, Returns: -20.278, Epsilon: 0.9958
Step: 1800, Returns: -20.300, Epsilon: 0.9955
Step: 1900, Returns: -20.320, Epsilon: 0.9953
Step: 2000, Returns: -20.241, Epsilon: 0.9951
Step: 2100, Returns: -20.226, Epsilon: 0.9948
Step: 2200, Returns: -20.188, Epsilon: 0.9946
Step: 2300, Returns: -20.188, Epsilon: 0.9943
Step: 2400, Returns: -20.188, Epsilon: 0.9941
Step: 2500, Returns: -20.188, Epsilon: 0.9938
Step: 2600, Returns: -20.188, Epsilon: 0.9936
Step: 2700, Returns: -20.206, Epsilon: 0.9933
Step: 2800, Returns: -20.211, Epsilon: 0.9931
Updating target network...
Step: 2900, Returns: -20.146, Epsilon: 0.9928
Step: 3000, Returns: -20.136, Epsilon: 0.9926
Step: 3100, Returns: -20.064, Epsilon: 0.9923
Step: 3200, Returns: -20.064, Epsilon: 0.9921
Step: 3300, Returns: -20.042, Epsilon: 0.9918
Step: 3400, Returns: -20.042, Epsilon: 0.9916
Step: 3500, Returns: -20.042, Epsilon: 0.9913
Step: 3600, Returns: -20.060, Epsilon: 0.9911
Step: 3700, Returns: -20.093, Epsilon: 0.9908
Step: 3800, Returns: -20.086, Epsilon: 0.9906
Step: 3900, Returns: -20.085, Epsilon: 0.9903
Step: 4000, Returns: -20.111, Epsilon: 0.9901
Updating target network...
Step: 4100, Returns: -20.125, Epsilon: 0.9899
Step: 4200, Returns: -20.125, Epsilon: 0.9896
Step: 4300, Returns: -20.125, Epsilon: 0.9894
Step: 4400, Returns: -20.125, Epsilon: 0.9891
Step: 4500, Returns: -20.162, Epsilon: 0.9889
Step: 4600, Returns: -20.157, Epsilon: 0.9886
Step: 4700, Returns: -20.189, Epsilon: 0.9884
Step: 4800, Returns: -20.195, Epsilon: 0.9881
Step: 4900, Returns: -20.190, Epsilon: 0.9879
Step: 5000, Returns: -20.188, Epsilon: 0.9876
Step: 5100, Returns: -20.188, Epsilon: 0.9874
Step: 5200, Returns: -20.188, Epsilon: 0.9871
Step: 5300, Returns: -20.198, Epsilon: 0.9869
Updating target network...
Step: 5400, Returns: -20.205, Epsilon: 0.9866
Step: 5500, Returns: -20.224, Epsilon: 0.9864
Step: 5600, Returns: -20.244, Epsilon: 0.9861
Step: 5700, Returns: -20.258, Epsilon: 0.9859
Step: 5800, Returns: -20.263, Epsilon: 0.9856
Step: 5900, Returns: -20.263, Epsilon: 0.9854
Step: 6000, Returns: -20.260, Epsilon: 0.9852
Step: 6100, Returns: -20.260, Epsilon: 0.9849
Step: 6200, Returns: -20.268, Epsilon: 0.9847
Step: 6300, Returns: -20.276, Epsilon: 0.9844
Step: 6400, Returns: -20.270, Epsilon: 0.9842
Step: 6500, Returns: -20.260, Epsilon: 0.9839
Updating target network...
Step: 6600, Returns: -20.240, Epsilon: 0.9837
Step: 6700, Returns: -20.220, Epsilon: 0.9834
Step: 6800, Returns: -20.200, Epsilon: 0.9832
Step: 6900, Returns: -20.220, Epsilon: 0.9829
Step: 7000, Returns: -20.220, Epsilon: 0.9827
Step: 7100, Returns: -20.220, Epsilon: 0.9824
Step: 7200, Returns: -20.220, Epsilon: 0.9822
Step: 7300, Returns: -20.220, Epsilon: 0.9819
Step: 7400, Returns: -20.220, Epsilon: 0.9817
Step: 7500, Returns: -20.220, Epsilon: 0.9814
Step: 7600, Returns: -20.220, Epsilon: 0.9812
Step: 7700, Returns: -20.210, Epsilon: 0.9809
Step: 7800, Returns: -20.200, Epsilon: 0.9807
Updating target network...
Step: 7900, Returns: -20.200, Epsilon: 0.9804
Step: 8000, Returns: -20.200, Epsilon: 0.9802
Step: 8100, Returns: -20.200, Epsilon: 0.9800
Step: 8200, Returns: -20.220, Epsilon: 0.9797
Step: 8300, Returns: -20.250, Epsilon: 0.9795
Step: 8400, Returns: -20.270, Epsilon: 0.9792
Step: 8500, Returns: -20.310, Epsilon: 0.9790
Step: 8600, Returns: -20.310, Epsilon: 0.9787
Step: 8700, Returns: -20.330, Epsilon: 0.9785
Step: 8800, Returns: -20.320, Epsilon: 0.9782
Step: 8900, Returns: -20.320, Epsilon: 0.9780
Step: 9000, Returns: -20.340, Epsilon: 0.9777
Updating target network...
Step: 9100, Returns: -20.380, Epsilon: 0.9775
Step: 9200, Returns: -20.350, Epsilon: 0.9772
Step: 9300, Returns: -20.360, Epsilon: 0.9770
Step: 9400, Returns: -20.370, Epsilon: 0.9767
Step: 9500, Returns: -20.390, Epsilon: 0.9765
Step: 9600, Returns: -20.380, Epsilon: 0.9762
Step: 9700, Returns: -20.370, Epsilon: 0.9760
Step: 9800, Returns: -20.380, Epsilon: 0.9757
Step: 9900, Returns: -20.390, Epsilon: 0.9755
Step: 10000, Returns: -20.380, Epsilon: 0.9753
Step: 10100, Returns: -20.390, Epsilon: 0.9750
Step: 10200, Returns: -20.370, Epsilon: 0.9748
Step: 10300, Returns: -20.370, Epsilon: 0.9745
Updating target network...
Step: 10400, Returns: -20.360, Epsilon: 0.9743
Step: 10500, Returns: -20.360, Epsilon: 0.9740
Step: 10600, Returns: -20.360, Epsilon: 0.9738
Step: 10700, Returns: -20.350, Epsilon: 0.9735
Step: 10800, Returns: -20.350, Epsilon: 0.9733
Step: 10900, Returns: -20.360, Epsilon: 0.9730
Step: 11000, Returns: -20.380, Epsilon: 0.9728
Step: 11100, Returns: -20.350, Epsilon: 0.9725
Step: 11200, Returns: -20.330, Epsilon: 0.9723
Step: 11300, Returns: -20.320, Epsilon: 0.9720
Step: 11400, Returns: -20.300, Epsilon: 0.9718
Step: 11500, Returns: -20.290, Epsilon: 0.9715
Updating target network...
Step: 11600, Returns: -20.300, Epsilon: 0.9713
Step: 11700, Returns: -20.310, Epsilon: 0.9710
Step: 11800, Returns: -20.310, Epsilon: 0.9708
Step: 11900, Returns: -20.310, Epsilon: 0.9705
Step: 12000, Returns: -20.310, Epsilon: 0.9703
Step: 12100, Returns: -20.300, Epsilon: 0.9701
Step: 12200, Returns: -20.310, Epsilon: 0.9698
Step: 12300, Returns: -20.310, Epsilon: 0.9696
Step: 12400, Returns: -20.290, Epsilon: 0.9693
Step: 12500, Returns: -20.290, Epsilon: 0.9691
Step: 12600, Returns: -20.310, Epsilon: 0.9688
Step: 12700, Returns: -20.320, Epsilon: 0.9686
Step: 12800, Returns: -20.330, Epsilon: 0.9683
Updating target network...
Step: 12900, Returns: -20.340, Epsilon: 0.9681
Step: 13000, Returns: -20.340, Epsilon: 0.9678
Step: 13100, Returns: -20.330, Epsilon: 0.9676
Step: 13200, Returns: -20.320, Epsilon: 0.9673
Step: 13300, Returns: -20.320, Epsilon: 0.9671
Step: 13400, Returns: -20.320, Epsilon: 0.9668
Step: 13500, Returns: -20.320, Epsilon: 0.9666
Step: 13600, Returns: -20.330, Epsilon: 0.9663
Step: 13700, Returns: -20.350, Epsilon: 0.9661
Step: 13800, Returns: -20.340, Epsilon: 0.9658
Step: 13900, Returns: -20.340, Epsilon: 0.9656
Step: 14000, Returns: -20.350, Epsilon: 0.9654
Updating target network...
Step: 14100, Returns: -20.330, Epsilon: 0.9651
Step: 14200, Returns: -20.300, Epsilon: 0.9649
Step: 14300, Returns: -20.300, Epsilon: 0.9646
Step: 14400, Returns: -20.280, Epsilon: 0.9644
Step: 14500, Returns: -20.270, Epsilon: 0.9641
Step: 14600, Returns: -20.250, Epsilon: 0.9639
Step: 14700, Returns: -20.280, Epsilon: 0.9636
Step: 14800, Returns: -20.270, Epsilon: 0.9634
Step: 14900, Returns: -20.280, Epsilon: 0.9631
Step: 15000, Returns: -20.280, Epsilon: 0.9629
Step: 15100, Returns: -20.290, Epsilon: 0.9626
Step: 15200, Returns: -20.300, Epsilon: 0.9624
Step: 15300, Returns: -20.290, Epsilon: 0.9621
Updating target network...
Step: 15400, Returns: -20.290, Epsilon: 0.9619
Step: 15500, Returns: -20.310, Epsilon: 0.9616
Step: 15600, Returns: -20.310, Epsilon: 0.9614
Step: 15700, Returns: -20.300, Epsilon: 0.9611
Step: 15800, Returns: -20.300, Epsilon: 0.9609
Step: 15900, Returns: -20.280, Epsilon: 0.9606
Step: 16000, Returns: -20.270, Epsilon: 0.9604
Step: 16100, Returns: -20.290, Epsilon: 0.9602
Step: 16200, Returns: -20.290, Epsilon: 0.9599
Step: 16300, Returns: -20.240, Epsilon: 0.9597
Step: 16400, Returns: -20.240, Epsilon: 0.9594
Step: 16500, Returns: -20.230, Epsilon: 0.9592
Updating target network...
Step: 16600, Returns: -20.220, Epsilon: 0.9589
Step: 16700, Returns: -20.220, Epsilon: 0.9587
Step: 16800, Returns: -20.220, Epsilon: 0.9584
Step: 16900, Returns: -20.210, Epsilon: 0.9582
Step: 17000, Returns: -20.200, Epsilon: 0.9579
Step: 17100, Returns: -20.230, Epsilon: 0.9577
Step: 17200, Returns: -20.240, Epsilon: 0.9574
Step: 17300, Returns: -20.260, Epsilon: 0.9572
Step: 17400, Returns: -20.240, Epsilon: 0.9569
Step: 17500, Returns: -20.230, Epsilon: 0.9567
Step: 17600, Returns: -20.230, Epsilon: 0.9564
Step: 17700, Returns: -20.230, Epsilon: 0.9562
Step: 17800, Returns: -20.220, Epsilon: 0.9559
Updating target network...
Step: 17900, Returns: -20.230, Epsilon: 0.9557
Step: 18000, Returns: -20.250, Epsilon: 0.9555
Step: 18100, Returns: -20.260, Epsilon: 0.9552
Step: 18200, Returns: -20.250, Epsilon: 0.9550
Step: 18300, Returns: -20.250, Epsilon: 0.9547
Step: 18400, Returns: -20.250, Epsilon: 0.9545
Step: 18500, Returns: -20.250, Epsilon: 0.9542
Step: 18600, Returns: -20.260, Epsilon: 0.9540
Step: 18700, Returns: -20.260, Epsilon: 0.9537
Step: 18800, Returns: -20.230, Epsilon: 0.9535
Step: 18900, Returns: -20.250, Epsilon: 0.9532
Step: 19000, Returns: -20.250, Epsilon: 0.9530
Updating target network...
Step: 19100, Returns: -20.300, Epsilon: 0.9527
Step: 19200, Returns: -20.300, Epsilon: 0.9525
Step: 19300, Returns: -20.310, Epsilon: 0.9522
Step: 19400, Returns: -20.310, Epsilon: 0.9520
Step: 19500, Returns: -20.310, Epsilon: 0.9517
Step: 19600, Returns: -20.310, Epsilon: 0.9515
Step: 19700, Returns: -20.310, Epsilon: 0.9512
Step: 19800, Returns: -20.310, Epsilon: 0.9510
Step: 19900, Returns: -20.290, Epsilon: 0.9507
Step: 20000, Returns: -20.300, Epsilon: 0.9505
Step: 20100, Returns: -20.290, Epsilon: 0.9503
Step: 20200, Returns: -20.310, Epsilon: 0.9500
Step: 20300, Returns: -20.310, Epsilon: 0.9498
Updating target network...
Step: 20400, Returns: -20.300, Epsilon: 0.9495
Step: 20500, Returns: -20.280, Epsilon: 0.9493
Step: 20600, Returns: -20.280, Epsilon: 0.9490
Step: 20700, Returns: -20.280, Epsilon: 0.9488
Step: 20800, Returns: -20.260, Epsilon: 0.9485
Step: 20900, Returns: -20.260, Epsilon: 0.9483
Step: 21000, Returns: -20.270, Epsilon: 0.9480
Step: 21100, Returns: -20.260, Epsilon: 0.9478
Step: 21200, Returns: -20.240, Epsilon: 0.9475
Step: 21300, Returns: -20.230, Epsilon: 0.9473
Step: 21400, Returns: -20.220, Epsilon: 0.9470
Step: 21500, Returns: -20.210, Epsilon: 0.9468
Updating target network...
Step: 21600, Returns: -20.220, Epsilon: 0.9465
Step: 21700, Returns: -20.220, Epsilon: 0.9463
Step: 21800, Returns: -20.240, Epsilon: 0.9460
Step: 21900, Returns: -20.230, Epsilon: 0.9458
Step: 22000, Returns: -20.210, Epsilon: 0.9456
Step: 22100, Returns: -20.240, Epsilon: 0.9453
Step: 22200, Returns: -20.250, Epsilon: 0.9451
Step: 22300, Returns: -20.240, Epsilon: 0.9448
Step: 22400, Returns: -20.260, Epsilon: 0.9446
Step: 22500, Returns: -20.260, Epsilon: 0.9443
Step: 22600, Returns: -20.280, Epsilon: 0.9441
Step: 22700, Returns: -20.290, Epsilon: 0.9438
Step: 22800, Returns: -20.270, Epsilon: 0.9436
Updating target network...
Step: 22900, Returns: -20.280, Epsilon: 0.9433
Step: 23000, Returns: -20.270, Epsilon: 0.9431
Step: 23100, Returns: -20.260, Epsilon: 0.9428
Step: 23200, Returns: -20.260, Epsilon: 0.9426
Step: 23300, Returns: -20.260, Epsilon: 0.9423
Step: 23400, Returns: -20.260, Epsilon: 0.9421
Step: 23500, Returns: -20.280, Epsilon: 0.9418
Step: 23600, Returns: -20.280, Epsilon: 0.9416
Step: 23700, Returns: -20.280, Epsilon: 0.9413
Step: 23800, Returns: -20.280, Epsilon: 0.9411
Step: 23900, Returns: -20.280, Epsilon: 0.9408
Step: 24000, Returns: -20.290, Epsilon: 0.9406
Updating target network...
Step: 24100, Returns: -20.270, Epsilon: 0.9404
Step: 24200, Returns: -20.270, Epsilon: 0.9401
Step: 24300, Returns: -20.270, Epsilon: 0.9399
Step: 24400, Returns: -20.270, Epsilon: 0.9396
Step: 24500, Returns: -20.270, Epsilon: 0.9394
Step: 24600, Returns: -20.270, Epsilon: 0.9391
Step: 24700, Returns: -20.270, Epsilon: 0.9389
Step: 24800, Returns: -20.280, Epsilon: 0.9386
Step: 24900, Returns: -20.270, Epsilon: 0.9384
Step: 25000, Returns: -20.270, Epsilon: 0.9381
Step: 25100, Returns: -20.260, Epsilon: 0.9379
Step: 25200, Returns: -20.270, Epsilon: 0.9376
Step: 25300, Returns: -20.270, Epsilon: 0.9374
Updating target network...
Step: 25400, Returns: -20.200, Epsilon: 0.9371
Step: 25500, Returns: -20.170, Epsilon: 0.9369
Step: 25600, Returns: -20.180, Epsilon: 0.9366
Step: 25700, Returns: -20.160, Epsilon: 0.9364
Step: 25800, Returns: -20.180, Epsilon: 0.9361
Step: 25900, Returns: -20.170, Epsilon: 0.9359
Step: 26000, Returns: -20.170, Epsilon: 0.9357
Step: 26100, Returns: -20.180, Epsilon: 0.9354
Step: 26200, Returns: -20.170, Epsilon: 0.9352
Step: 26300, Returns: -20.210, Epsilon: 0.9349
Step: 26400, Returns: -20.220, Epsilon: 0.9347
Step: 26500, Returns: -20.230, Epsilon: 0.9344
Updating target network...
Step: 26600, Returns: -20.230, Epsilon: 0.9342
Step: 26700, Returns: -20.240, Epsilon: 0.9339
Step: 26800, Returns: -20.220, Epsilon: 0.9337
Step: 26900, Returns: -20.220, Epsilon: 0.9334
Step: 27000, Returns: -20.220, Epsilon: 0.9332
Step: 27100, Returns: -20.200, Epsilon: 0.9329
Step: 27200, Returns: -20.190, Epsilon: 0.9327
Step: 27300, Returns: -20.190, Epsilon: 0.9324
Step: 27400, Returns: -20.190, Epsilon: 0.9322
Step: 27500, Returns: -20.190, Epsilon: 0.9319
Step: 27600, Returns: -20.160, Epsilon: 0.9317
Step: 27700, Returns: -20.150, Epsilon: 0.9314
Step: 27800, Returns: -20.150, Epsilon: 0.9312
Updating target network...
Step: 27900, Returns: -20.160, Epsilon: 0.9309
Step: 28000, Returns: -20.200, Epsilon: 0.9307
Step: 28100, Returns: -20.200, Epsilon: 0.9305
Step: 28200, Returns: -20.180, Epsilon: 0.9302
Step: 28300, Returns: -20.190, Epsilon: 0.9300
Step: 28400, Returns: -20.180, Epsilon: 0.9297
Step: 28500, Returns: -20.180, Epsilon: 0.9295
Step: 28600, Returns: -20.170, Epsilon: 0.9292
Step: 28700, Returns: -20.170, Epsilon: 0.9290
Step: 28800, Returns: -20.180, Epsilon: 0.9287
Step: 28900, Returns: -20.210, Epsilon: 0.9285
Step: 29000, Returns: -20.200, Epsilon: 0.9282
Updating target network...
Step: 29100, Returns: -20.200, Epsilon: 0.9280
Step: 29200, Returns: -20.210, Epsilon: 0.9277
Step: 29300, Returns: -20.180, Epsilon: 0.9275
Step: 29400, Returns: -20.200, Epsilon: 0.9272
Step: 29500, Returns: -20.200, Epsilon: 0.9270
Step: 29600, Returns: -20.170, Epsilon: 0.9267
Step: 29700, Returns: -20.170, Epsilon: 0.9265
Step: 29800, Returns: -20.170, Epsilon: 0.9262
Step: 29900, Returns: -20.170, Epsilon: 0.9260
Step: 30000, Returns: -20.160, Epsilon: 0.9258
Step: 30100, Returns: -20.160, Epsilon: 0.9255
Step: 30200, Returns: -20.160, Epsilon: 0.9253
Step: 30300, Returns: -20.170, Epsilon: 0.9250
Updating target network...
Step: 30400, Returns: -20.170, Epsilon: 0.9248
Step: 30500, Returns: -20.170, Epsilon: 0.9245
Step: 30600, Returns: -20.170, Epsilon: 0.9243
Step: 30700, Returns: -20.170, Epsilon: 0.9240
Step: 30800, Returns: -20.160, Epsilon: 0.9238
Step: 30900, Returns: -20.150, Epsilon: 0.9235
Step: 31000, Returns: -20.140, Epsilon: 0.9233
Step: 31100, Returns: -20.140, Epsilon: 0.9230
Step: 31200, Returns: -20.130, Epsilon: 0.9228
Step: 31300, Returns: -20.130, Epsilon: 0.9225
Step: 31400, Returns: -20.170, Epsilon: 0.9223
Step: 31500, Returns: -20.180, Epsilon: 0.9220
Updating target network...
Step: 31600, Returns: -20.180, Epsilon: 0.9218
Step: 31700, Returns: -20.210, Epsilon: 0.9215
Step: 31800, Returns: -20.210, Epsilon: 0.9213
Step: 31900, Returns: -20.220, Epsilon: 0.9210
Step: 32000, Returns: -20.220, Epsilon: 0.9208
Step: 32100, Returns: -20.210, Epsilon: 0.9206
Step: 32200, Returns: -20.190, Epsilon: 0.9203
Step: 32300, Returns: -20.180, Epsilon: 0.9201
Step: 32400, Returns: -20.160, Epsilon: 0.9198
Step: 32500, Returns: -20.140, Epsilon: 0.9196
Step: 32600, Returns: -20.120, Epsilon: 0.9193
Step: 32700, Returns: -20.120, Epsilon: 0.9191
Step: 32800, Returns: -20.110, Epsilon: 0.9188
Updating target network...
Step: 32900, Returns: -20.140, Epsilon: 0.9186
Step: 33000, Returns: -20.180, Epsilon: 0.9183
Step: 33100, Returns: -20.140, Epsilon: 0.9181
Step: 33200, Returns: -20.140, Epsilon: 0.9178
Step: 33300, Returns: -20.150, Epsilon: 0.9176
Step: 33400, Returns: -20.120, Epsilon: 0.9173
Step: 33500, Returns: -20.100, Epsilon: 0.9171
Step: 33600, Returns: -20.140, Epsilon: 0.9168
Step: 33700, Returns: -20.150, Epsilon: 0.9166
Step: 33800, Returns: -20.140, Epsilon: 0.9163
Step: 33900, Returns: -20.140, Epsilon: 0.9161
Step: 34000, Returns: -20.130, Epsilon: 0.9159
Updating target network...
Step: 34100, Returns: -20.110, Epsilon: 0.9156
Step: 34200, Returns: -20.070, Epsilon: 0.9154
Step: 34300, Returns: -20.080, Epsilon: 0.9151
Step: 34400, Returns: -20.110, Epsilon: 0.9149
Step: 34500, Returns: -20.110, Epsilon: 0.9146
Step: 34600, Returns: -20.060, Epsilon: 0.9144
Step: 34700, Returns: -20.060, Epsilon: 0.9141
Step: 34800, Returns: -20.070, Epsilon: 0.9139
Step: 34900, Returns: -20.030, Epsilon: 0.9136
Step: 35000, Returns: -20.030, Epsilon: 0.9134
Step: 35100, Returns: -19.990, Epsilon: 0.9131
Step: 35200, Returns: -19.990, Epsilon: 0.9129
Step: 35300, Returns: -19.950, Epsilon: 0.9126
Updating target network...
Step: 35400, Returns: -19.950, Epsilon: 0.9124
Step: 35500, Returns: -19.950, Epsilon: 0.9121
Step: 35600, Returns: -19.920, Epsilon: 0.9119
Step: 35700, Returns: -19.920, Epsilon: 0.9116
Step: 35800, Returns: -19.880, Epsilon: 0.9114
Step: 35900, Returns: -19.800, Epsilon: 0.9111
Step: 36000, Returns: -19.800, Epsilon: 0.9109
Step: 36100, Returns: -19.780, Epsilon: 0.9107
Step: 36200, Returns: -19.770, Epsilon: 0.9104
Step: 36300, Returns: -19.780, Epsilon: 0.9102
Step: 36400, Returns: -19.790, Epsilon: 0.9099
Step: 36500, Returns: -19.790, Epsilon: 0.9097
Updating target network...
Step: 36600, Returns: -19.800, Epsilon: 0.9094
Step: 36700, Returns: -19.790, Epsilon: 0.9092
Step: 36800, Returns: -19.820, Epsilon: 0.9089
Step: 36900, Returns: -19.820, Epsilon: 0.9087
Step: 37000, Returns: -19.830, Epsilon: 0.9084
Step: 37100, Returns: -19.830, Epsilon: 0.9082
Step: 37200, Returns: -19.850, Epsilon: 0.9079
Step: 37300, Returns: -19.840, Epsilon: 0.9077
Step: 37400, Returns: -19.840, Epsilon: 0.9074
Step: 37500, Returns: -19.850, Epsilon: 0.9072
Step: 37600, Returns: -19.860, Epsilon: 0.9069
Step: 37700, Returns: -19.860, Epsilon: 0.9067
Step: 37800, Returns: -19.850, Epsilon: 0.9064
Updating target network...
Step: 37900, Returns: -19.870, Epsilon: 0.9062
Step: 38000, Returns: -19.870, Epsilon: 0.9060
Step: 38100, Returns: -19.870, Epsilon: 0.9057
Step: 38200, Returns: -19.870, Epsilon: 0.9055
Step: 38300, Returns: -19.880, Epsilon: 0.9052
Step: 38400, Returns: -19.870, Epsilon: 0.9050
Step: 38500, Returns: -19.890, Epsilon: 0.9047
Step: 38600, Returns: -19.870, Epsilon: 0.9045
Step: 38700, Returns: -19.890, Epsilon: 0.9042
Step: 38800, Returns: -19.950, Epsilon: 0.9040
Step: 38900, Returns: -19.950, Epsilon: 0.9037
Step: 39000, Returns: -19.950, Epsilon: 0.9035
Updating target network...
Step: 39100, Returns: -19.920, Epsilon: 0.9032
Step: 39200, Returns: -19.920, Epsilon: 0.9030
Step: 39300, Returns: -19.920, Epsilon: 0.9027
Step: 39400, Returns: -19.900, Epsilon: 0.9025
Step: 39500, Returns: -19.920, Epsilon: 0.9022
Step: 39600, Returns: -19.910, Epsilon: 0.9020
Step: 39700, Returns: -19.920, Epsilon: 0.9017
Step: 39800, Returns: -19.920, Epsilon: 0.9015
Step: 39900, Returns: -19.920, Epsilon: 0.9012
Step: 40000, Returns: -19.920, Epsilon: 0.9010
Step: 40100, Returns: -19.920, Epsilon: 0.9008
Step: 40200, Returns: -19.920, Epsilon: 0.9005
Step: 40300, Returns: -19.910, Epsilon: 0.9003
Updating target network...
Step: 40400, Returns: -19.930, Epsilon: 0.9000
Step: 40500, Returns: -19.940, Epsilon: 0.8998
Step: 40600, Returns: -19.930, Epsilon: 0.8995
Step: 40700, Returns: -19.920, Epsilon: 0.8993
Step: 40800, Returns: -19.940, Epsilon: 0.8990
Step: 40900, Returns: -19.940, Epsilon: 0.8988
Step: 41000, Returns: -19.900, Epsilon: 0.8985
Step: 41100, Returns: -19.920, Epsilon: 0.8983
Step: 41200, Returns: -19.930, Epsilon: 0.8980
Step: 41300, Returns: -19.930, Epsilon: 0.8978
Step: 41400, Returns: -19.920, Epsilon: 0.8975
Step: 41500, Returns: -19.920, Epsilon: 0.8973
Updating target network...
Step: 41600, Returns: -19.940, Epsilon: 0.8970
Step: 41700, Returns: -19.940, Epsilon: 0.8968
Step: 41800, Returns: -19.970, Epsilon: 0.8965
Step: 41900, Returns: -19.970, Epsilon: 0.8963
Step: 42000, Returns: -20.000, Epsilon: 0.8961
Step: 42100, Returns: -20.030, Epsilon: 0.8958
Step: 42200, Returns: -20.020, Epsilon: 0.8956
Step: 42300, Returns: -20.030, Epsilon: 0.8953
Step: 42400, Returns: -20.030, Epsilon: 0.8951
Step: 42500, Returns: -20.050, Epsilon: 0.8948
Step: 42600, Returns: -20.010, Epsilon: 0.8946
Step: 42700, Returns: -19.960, Epsilon: 0.8943
Step: 42800, Returns: -19.970, Epsilon: 0.8941
Updating target network...
Step: 42900, Returns: -19.930, Epsilon: 0.8938
Step: 43000, Returns: -19.920, Epsilon: 0.8936
Step: 43100, Returns: -19.910, Epsilon: 0.8933
Step: 43200, Returns: -19.910, Epsilon: 0.8931
Step: 43300, Returns: -19.910, Epsilon: 0.8928
Step: 43400, Returns: -19.910, Epsilon: 0.8926
Step: 43500, Returns: -19.910, Epsilon: 0.8923
Step: 43600, Returns: -19.860, Epsilon: 0.8921
Step: 43700, Returns: -19.840, Epsilon: 0.8918
Step: 43800, Returns: -19.820, Epsilon: 0.8916
Step: 43900, Returns: -19.790, Epsilon: 0.8913
Step: 44000, Returns: -19.780, Epsilon: 0.8911
Updating target network...
Step: 44100, Returns: -19.760, Epsilon: 0.8909
Step: 44200, Returns: -19.760, Epsilon: 0.8906
Step: 44300, Returns: -19.760, Epsilon: 0.8904
Step: 44400, Returns: -19.760, Epsilon: 0.8901
Step: 44500, Returns: -19.770, Epsilon: 0.8899
Step: 44600, Returns: -19.740, Epsilon: 0.8896
Step: 44700, Returns: -19.740, Epsilon: 0.8894
Step: 44800, Returns: -19.700, Epsilon: 0.8891
Step: 44900, Returns: -19.700, Epsilon: 0.8889
Step: 45000, Returns: -19.650, Epsilon: 0.8886
Step: 45100, Returns: -19.640, Epsilon: 0.8884
Step: 45200, Returns: -19.640, Epsilon: 0.8881
Step: 45300, Returns: -19.640, Epsilon: 0.8879
Updating target network...
Step: 45400, Returns: -19.640, Epsilon: 0.8876
Step: 45500, Returns: -19.640, Epsilon: 0.8874
Step: 45600, Returns: -19.610, Epsilon: 0.8871
Step: 45700, Returns: -19.660, Epsilon: 0.8869
Step: 45800, Returns: -19.680, Epsilon: 0.8866
Step: 45900, Returns: -19.720, Epsilon: 0.8864
Step: 46000, Returns: -19.730, Epsilon: 0.8862
Step: 46100, Returns: -19.720, Epsilon: 0.8859
Step: 46200, Returns: -19.740, Epsilon: 0.8857
Step: 46300, Returns: -19.740, Epsilon: 0.8854
Step: 46400, Returns: -19.740, Epsilon: 0.8852
Step: 46500, Returns: -19.740, Epsilon: 0.8849
Updating target network...
Step: 46600, Returns: -19.740, Epsilon: 0.8847
Step: 46700, Returns: -19.760, Epsilon: 0.8844
Step: 46800, Returns: -19.750, Epsilon: 0.8842
Step: 46900, Returns: -19.770, Epsilon: 0.8839
Step: 47000, Returns: -19.730, Epsilon: 0.8837
Step: 47100, Returns: -19.720, Epsilon: 0.8834
Step: 47200, Returns: -19.730, Epsilon: 0.8832
Step: 47300, Returns: -19.730, Epsilon: 0.8829
Step: 47400, Returns: -19.730, Epsilon: 0.8827
Step: 47500, Returns: -19.730, Epsilon: 0.8824
Step: 47600, Returns: -19.740, Epsilon: 0.8822
Step: 47700, Returns: -19.770, Epsilon: 0.8819
Step: 47800, Returns: -19.800, Epsilon: 0.8817
Updating target network...
Step: 47900, Returns: -19.810, Epsilon: 0.8814
Step: 48000, Returns: -19.820, Epsilon: 0.8812
Step: 48100, Returns: -19.830, Epsilon: 0.8810
Step: 48200, Returns: -19.830, Epsilon: 0.8807
Step: 48300, Returns: -19.790, Epsilon: 0.8805
Step: 48400, Returns: -19.790, Epsilon: 0.8802
Step: 48500, Returns: -19.790, Epsilon: 0.8800
Step: 48600, Returns: -19.790, Epsilon: 0.8797
Step: 48700, Returns: -19.790, Epsilon: 0.8795
Step: 48800, Returns: -19.810, Epsilon: 0.8792
Step: 48900, Returns: -19.820, Epsilon: 0.8790
Step: 49000, Returns: -19.850, Epsilon: 0.8787
Updating target network...
Step: 49100, Returns: -19.870, Epsilon: 0.8785
Step: 49200, Returns: -19.870, Epsilon: 0.8782
Step: 49300, Returns: -19.860, Epsilon: 0.8780
Step: 49400, Returns: -19.890, Epsilon: 0.8777
Step: 49500, Returns: -19.890, Epsilon: 0.8775
Step: 49600, Returns: -19.900, Epsilon: 0.8772
Step: 49700, Returns: -19.900, Epsilon: 0.8770
Step: 49800, Returns: -19.920, Epsilon: 0.8767
Step: 49900, Returns: -19.940, Epsilon: 0.8765
Step: 50000, Returns: -19.930, Epsilon: 0.8763
Step: 50100, Returns: -19.920, Epsilon: 0.8760
Step: 50200, Returns: -19.950, Epsilon: 0.8758
Step: 50300, Returns: -19.950, Epsilon: 0.8755
Updating target network...
Step: 50400, Returns: -19.940, Epsilon: 0.8753
Step: 50500, Returns: -19.940, Epsilon: 0.8750
Step: 50600, Returns: -19.940, Epsilon: 0.8748
Step: 50700, Returns: -19.950, Epsilon: 0.8745
Step: 50800, Returns: -19.950, Epsilon: 0.8743
Step: 50900, Returns: -19.930, Epsilon: 0.8740
Step: 51000, Returns: -19.920, Epsilon: 0.8738
Step: 51100, Returns: -19.930, Epsilon: 0.8735
Step: 51200, Returns: -19.940, Epsilon: 0.8733
Step: 51300, Returns: -19.940, Epsilon: 0.8730
Step: 51400, Returns: -19.920, Epsilon: 0.8728
Step: 51500, Returns: -19.930, Epsilon: 0.8725
Updating target network...
Step: 51600, Returns: -19.950, Epsilon: 0.8723
Step: 51700, Returns: -19.960, Epsilon: 0.8720
Step: 51800, Returns: -19.960, Epsilon: 0.8718
Step: 51900, Returns: -19.960, Epsilon: 0.8715
Step: 52000, Returns: -19.930, Epsilon: 0.8713
Step: 52100, Returns: -19.880, Epsilon: 0.8711
Step: 52200, Returns: -19.880, Epsilon: 0.8708
Step: 52300, Returns: -19.870, Epsilon: 0.8706
Step: 52400, Returns: -19.870, Epsilon: 0.8703
Step: 52500, Returns: -19.870, Epsilon: 0.8701
Step: 52600, Returns: -19.840, Epsilon: 0.8698
Step: 52700, Returns: -19.820, Epsilon: 0.8696
Step: 52800, Returns: -19.830, Epsilon: 0.8693
Updating target network...
Step: 52900, Returns: -19.830, Epsilon: 0.8691
Step: 53000, Returns: -19.830, Epsilon: 0.8688
Step: 53100, Returns: -19.780, Epsilon: 0.8686
Step: 53200, Returns: -19.770, Epsilon: 0.8683
Step: 53300, Returns: -19.790, Epsilon: 0.8681
Step: 53400, Returns: -19.790, Epsilon: 0.8678
Step: 53500, Returns: -19.780, Epsilon: 0.8676
Step: 53600, Returns: -19.740, Epsilon: 0.8673
Step: 53700, Returns: -19.710, Epsilon: 0.8671
Step: 53800, Returns: -19.730, Epsilon: 0.8668
Step: 53900, Returns: -19.780, Epsilon: 0.8666
Step: 54000, Returns: -19.720, Epsilon: 0.8664
Updating target network...
Step: 54100, Returns: -19.720, Epsilon: 0.8661
Step: 54200, Returns: -19.700, Epsilon: 0.8659
Step: 54300, Returns: -19.710, Epsilon: 0.8656
Step: 54400, Returns: -19.710, Epsilon: 0.8654
Step: 54500, Returns: -19.690, Epsilon: 0.8651
Step: 54600, Returns: -19.710, Epsilon: 0.8649
Step: 54700, Returns: -19.730, Epsilon: 0.8646
Step: 54800, Returns: -19.710, Epsilon: 0.8644
Step: 54900, Returns: -19.790, Epsilon: 0.8641
Step: 55000, Returns: -19.780, Epsilon: 0.8639
Step: 55100, Returns: -19.770, Epsilon: 0.8636
Step: 55200, Returns: -19.750, Epsilon: 0.8634
Step: 55300, Returns: -19.770, Epsilon: 0.8631
Updating target network...
Step: 55400, Returns: -19.770, Epsilon: 0.8629
Step: 55500, Returns: -19.800, Epsilon: 0.8626
Step: 55600, Returns: -19.800, Epsilon: 0.8624
Step: 55700, Returns: -19.790, Epsilon: 0.8621
Step: 55800, Returns: -19.760, Epsilon: 0.8619
Step: 55900, Returns: -19.780, Epsilon: 0.8616
Step: 56000, Returns: -19.780, Epsilon: 0.8614
Step: 56100, Returns: -19.770, Epsilon: 0.8612
Step: 56200, Returns: -19.740, Epsilon: 0.8609
Step: 56300, Returns: -19.730, Epsilon: 0.8607
Step: 56400, Returns: -19.730, Epsilon: 0.8604
Step: 56500, Returns: -19.690, Epsilon: 0.8602
Updating target network...
Step: 56600, Returns: -19.690, Epsilon: 0.8599
Step: 56700, Returns: -19.690, Epsilon: 0.8597
Step: 56800, Returns: -19.730, Epsilon: 0.8594
Step: 56900, Returns: -19.720, Epsilon: 0.8592
Step: 57000, Returns: -19.720, Epsilon: 0.8589
Step: 57100, Returns: -19.730, Epsilon: 0.8587
Step: 57200, Returns: -19.720, Epsilon: 0.8584
Step: 57300, Returns: -19.730, Epsilon: 0.8582
Step: 57400, Returns: -19.710, Epsilon: 0.8579
Step: 57500, Returns: -19.730, Epsilon: 0.8577
Step: 57600, Returns: -19.710, Epsilon: 0.8574
Step: 57700, Returns: -19.710, Epsilon: 0.8572
Step: 57800, Returns: -19.700, Epsilon: 0.8569
Updating target network...
Step: 57900, Returns: -19.660, Epsilon: 0.8567
Step: 58000, Returns: -19.660, Epsilon: 0.8565
Step: 58100, Returns: -19.680, Epsilon: 0.8562
Step: 58200, Returns: -19.680, Epsilon: 0.8560
Step: 58300, Returns: -19.700, Epsilon: 0.8557
Step: 58400, Returns: -19.670, Epsilon: 0.8555
Step: 58500, Returns: -19.670, Epsilon: 0.8552
Step: 58600, Returns: -19.650, Epsilon: 0.8550
Step: 58700, Returns: -19.680, Epsilon: 0.8547
Step: 58800, Returns: -19.680, Epsilon: 0.8545
Step: 58900, Returns: -19.700, Epsilon: 0.8542
Step: 59000, Returns: -19.700, Epsilon: 0.8540
Updating target network...
Step: 59100, Returns: -19.690, Epsilon: 0.8537
Step: 59200, Returns: -19.730, Epsilon: 0.8535
Step: 59300, Returns: -19.730, Epsilon: 0.8532
Step: 59400, Returns: -19.730, Epsilon: 0.8530
Step: 59500, Returns: -19.710, Epsilon: 0.8527
Step: 59600, Returns: -19.700, Epsilon: 0.8525
Step: 59700, Returns: -19.700, Epsilon: 0.8522
Step: 59800, Returns: -19.700, Epsilon: 0.8520
Step: 59900, Returns: -19.680, Epsilon: 0.8517
Step: 60000, Returns: -19.700, Epsilon: 0.8515
Step: 60100, Returns: -19.740, Epsilon: 0.8513
Step: 60200, Returns: -19.740, Epsilon: 0.8510
Step: 60300, Returns: -19.760, Epsilon: 0.8508
Updating target network...
Step: 60400, Returns: -19.780, Epsilon: 0.8505
Step: 60500, Returns: -19.780, Epsilon: 0.8503
Step: 60600, Returns: -19.770, Epsilon: 0.8500
Step: 60700, Returns: -19.800, Epsilon: 0.8498
Step: 60800, Returns: -19.830, Epsilon: 0.8495
Step: 60900, Returns: -19.830, Epsilon: 0.8493
Step: 61000, Returns: -19.840, Epsilon: 0.8490
Step: 61100, Returns: -19.850, Epsilon: 0.8488
Step: 61200, Returns: -19.830, Epsilon: 0.8485
Step: 61300, Returns: -19.770, Epsilon: 0.8483
Step: 61400, Returns: -19.770, Epsilon: 0.8480
Step: 61500, Returns: -19.770, Epsilon: 0.8478
Updating target network...
Step: 61600, Returns: -19.760, Epsilon: 0.8475
Step: 61700, Returns: -19.750, Epsilon: 0.8473
Step: 61800, Returns: -19.750, Epsilon: 0.8470
Step: 61900, Returns: -19.740, Epsilon: 0.8468
Step: 62000, Returns: -19.740, Epsilon: 0.8466
Step: 62100, Returns: -19.750, Epsilon: 0.8463
Step: 62200, Returns: -19.740, Epsilon: 0.8461
Step: 62300, Returns: -19.730, Epsilon: 0.8458
Step: 62400, Returns: -19.740, Epsilon: 0.8456
Step: 62500, Returns: -19.710, Epsilon: 0.8453
Step: 62600, Returns: -19.720, Epsilon: 0.8451
Step: 62700, Returns: -19.710, Epsilon: 0.8448
Step: 62800, Returns: -19.700, Epsilon: 0.8446
Updating target network...
Step: 62900, Returns: -19.710, Epsilon: 0.8443
Step: 63000, Returns: -19.720, Epsilon: 0.8441
Step: 63100, Returns: -19.720, Epsilon: 0.8438
Step: 63200, Returns: -19.720, Epsilon: 0.8436
Step: 63300, Returns: -19.760, Epsilon: 0.8433
Step: 63400, Returns: -19.740, Epsilon: 0.8431
Step: 63500, Returns: -19.710, Epsilon: 0.8428
Step: 63600, Returns: -19.710, Epsilon: 0.8426
Step: 63700, Returns: -19.710, Epsilon: 0.8423
Step: 63800, Returns: -19.700, Epsilon: 0.8421
Step: 63900, Returns: -19.680, Epsilon: 0.8418
Step: 64000, Returns: -19.680, Epsilon: 0.8416
Updating target network...
Step: 64100, Returns: -19.680, Epsilon: 0.8414
Step: 64200, Returns: -19.680, Epsilon: 0.8411
Step: 64300, Returns: -19.670, Epsilon: 0.8409
Step: 64400, Returns: -19.670, Epsilon: 0.8406
Step: 64500, Returns: -19.710, Epsilon: 0.8404
Step: 64600, Returns: -19.710, Epsilon: 0.8401
Step: 64700, Returns: -19.730, Epsilon: 0.8399
Step: 64800, Returns: -19.780, Epsilon: 0.8396
Step: 64900, Returns: -19.780, Epsilon: 0.8394
Step: 65000, Returns: -19.750, Epsilon: 0.8391
Step: 65100, Returns: -19.750, Epsilon: 0.8389
Step: 65200, Returns: -19.780, Epsilon: 0.8386
Step: 65300, Returns: -19.780, Epsilon: 0.8384
Updating target network...
Step: 65400, Returns: -19.780, Epsilon: 0.8381
Step: 65500, Returns: -19.810, Epsilon: 0.8379
Step: 65600, Returns: -19.790, Epsilon: 0.8376
Step: 65700, Returns: -19.770, Epsilon: 0.8374
Step: 65800, Returns: -19.780, Epsilon: 0.8371
Step: 65900, Returns: -19.770, Epsilon: 0.8369
Step: 66000, Returns: -19.770, Epsilon: 0.8367
Step: 66100, Returns: -19.740, Epsilon: 0.8364
Step: 66200, Returns: -19.740, Epsilon: 0.8362
Step: 66300, Returns: -19.720, Epsilon: 0.8359
Step: 66400, Returns: -19.720, Epsilon: 0.8357
Step: 66500, Returns: -19.730, Epsilon: 0.8354
Updating target network...
Step: 66600, Returns: -19.730, Epsilon: 0.8352
Step: 66700, Returns: -19.730, Epsilon: 0.8349
Step: 66800, Returns: -19.720, Epsilon: 0.8347
Step: 66900, Returns: -19.720, Epsilon: 0.8344
Step: 67000, Returns: -19.690, Epsilon: 0.8342
Step: 67100, Returns: -19.680, Epsilon: 0.8339
Step: 67200, Returns: -19.690, Epsilon: 0.8337
Step: 67300, Returns: -19.690, Epsilon: 0.8334
Step: 67400, Returns: -19.690, Epsilon: 0.8332
Step: 67500, Returns: -19.680, Epsilon: 0.8329
Step: 67600, Returns: -19.670, Epsilon: 0.8327
Step: 67700, Returns: -19.670, Epsilon: 0.8324
Step: 67800, Returns: -19.650, Epsilon: 0.8322
Updating target network...
Step: 67900, Returns: -19.670, Epsilon: 0.8319
Step: 68000, Returns: -19.650, Epsilon: 0.8317
Step: 68100, Returns: -19.650, Epsilon: 0.8315
Step: 68200, Returns: -19.660, Epsilon: 0.8312
Step: 68300, Returns: -19.660, Epsilon: 0.8310
Step: 68400, Returns: -19.660, Epsilon: 0.8307
Step: 68500, Returns: -19.610, Epsilon: 0.8305
Step: 68600, Returns: -19.620, Epsilon: 0.8302
Step: 68700, Returns: -19.630, Epsilon: 0.8300
Step: 68800, Returns: -19.620, Epsilon: 0.8297
Step: 68900, Returns: -19.610, Epsilon: 0.8295
Step: 69000, Returns: -19.630, Epsilon: 0.8292
Updating target network...
Step: 69100, Returns: -19.580, Epsilon: 0.8290
Step: 69200, Returns: -19.580, Epsilon: 0.8287
Step: 69300, Returns: -19.610, Epsilon: 0.8285
Step: 69400, Returns: -19.610, Epsilon: 0.8282
Step: 69500, Returns: -19.600, Epsilon: 0.8280
Step: 69600, Returns: -19.600, Epsilon: 0.8277
Step: 69700, Returns: -19.620, Epsilon: 0.8275
Step: 69800, Returns: -19.630, Epsilon: 0.8272
Step: 69900, Returns: -19.610, Epsilon: 0.8270
Step: 70000, Returns: -19.600, Epsilon: 0.8268
Step: 70100, Returns: -19.570, Epsilon: 0.8265
Step: 70200, Returns: -19.590, Epsilon: 0.8263
Step: 70300, Returns: -19.570, Epsilon: 0.8260
Updating target network...
Step: 70400, Returns: -19.590, Epsilon: 0.8258
Step: 70500, Returns: -19.560, Epsilon: 0.8255
Step: 70600, Returns: -19.560, Epsilon: 0.8253
Step: 70700, Returns: -19.570, Epsilon: 0.8250
Step: 70800, Returns: -19.570, Epsilon: 0.8248
Step: 70900, Returns: -19.580, Epsilon: 0.8245
Step: 71000, Returns: -19.580, Epsilon: 0.8243
Step: 71100, Returns: -19.600, Epsilon: 0.8240
Step: 71200, Returns: -19.580, Epsilon: 0.8238
Step: 71300, Returns: -19.550, Epsilon: 0.8235
Step: 71400, Returns: -19.530, Epsilon: 0.8233
Step: 71500, Returns: -19.530, Epsilon: 0.8230
Updating target network...
Step: 71600, Returns: -19.520, Epsilon: 0.8228
Step: 71700, Returns: -19.520, Epsilon: 0.8225
Step: 71800, Returns: -19.530, Epsilon: 0.8223
Step: 71900, Returns: -19.470, Epsilon: 0.8220
Step: 72000, Returns: -19.470, Epsilon: 0.8218
Step: 72100, Returns: -19.450, Epsilon: 0.8216
Step: 72200, Returns: -19.450, Epsilon: 0.8213
Step: 72300, Returns: -19.450, Epsilon: 0.8211
Step: 72400, Returns: -19.460, Epsilon: 0.8208
Step: 72500, Returns: -19.460, Epsilon: 0.8206
Step: 72600, Returns: -19.460, Epsilon: 0.8203
Step: 72700, Returns: -19.470, Epsilon: 0.8201
Step: 72800, Returns: -19.440, Epsilon: 0.8198
Updating target network...
Step: 72900, Returns: -19.450, Epsilon: 0.8196
Step: 73000, Returns: -19.430, Epsilon: 0.8193
Step: 73100, Returns: -19.430, Epsilon: 0.8191
Step: 73200, Returns: -19.440, Epsilon: 0.8188
Step: 73300, Returns: -19.480, Epsilon: 0.8186
Step: 73400, Returns: -19.490, Epsilon: 0.8183
Step: 73500, Returns: -19.490, Epsilon: 0.8181
Step: 73600, Returns: -19.490, Epsilon: 0.8178
Step: 73700, Returns: -19.490, Epsilon: 0.8176
Step: 73800, Returns: -19.500, Epsilon: 0.8173
Step: 73900, Returns: -19.500, Epsilon: 0.8171
Step: 74000, Returns: -19.550, Epsilon: 0.8169
Updating target network...
Step: 74100, Returns: -19.550, Epsilon: 0.8166
Step: 74200, Returns: -19.510, Epsilon: 0.8164
Step: 74300, Returns: -19.510, Epsilon: 0.8161
Step: 74400, Returns: -19.480, Epsilon: 0.8159
Step: 74500, Returns: -19.460, Epsilon: 0.8156
Step: 74600, Returns: -19.450, Epsilon: 0.8154
Step: 74700, Returns: -19.450, Epsilon: 0.8151
Step: 74800, Returns: -19.430, Epsilon: 0.8149
Step: 74900, Returns: -19.430, Epsilon: 0.8146
Step: 75000, Returns: -19.460, Epsilon: 0.8144
Step: 75100, Returns: -19.430, Epsilon: 0.8141
Step: 75200, Returns: -19.430, Epsilon: 0.8139
Step: 75300, Returns: -19.430, Epsilon: 0.8136
Updating target network...
Step: 75400, Returns: -19.440, Epsilon: 0.8134
Step: 75500, Returns: -19.490, Epsilon: 0.8131
Step: 75600, Returns: -19.450, Epsilon: 0.8129
Step: 75700, Returns: -19.440, Epsilon: 0.8126
Step: 75800, Returns: -19.440, Epsilon: 0.8124
Step: 75900, Returns: -19.470, Epsilon: 0.8121
Step: 76000, Returns: -19.470, Epsilon: 0.8119
Step: 76100, Returns: -19.440, Epsilon: 0.8117
Step: 76200, Returns: -19.460, Epsilon: 0.8114
Step: 76300, Returns: -19.460, Epsilon: 0.8112
Step: 76400, Returns: -19.440, Epsilon: 0.8109
Step: 76500, Returns: -19.440, Epsilon: 0.8107
Updating target network...
Step: 76600, Returns: -19.440, Epsilon: 0.8104
Step: 76700, Returns: -19.410, Epsilon: 0.8102
Step: 76800, Returns: -19.380, Epsilon: 0.8099
Step: 76900, Returns: -19.370, Epsilon: 0.8097
Step: 77000, Returns: -19.370, Epsilon: 0.8094
Step: 77100, Returns: -19.370, Epsilon: 0.8092
Step: 77200, Returns: -19.370, Epsilon: 0.8089
Step: 77300, Returns: -19.370, Epsilon: 0.8087
Step: 77400, Returns: -19.360, Epsilon: 0.8084
Step: 77500, Returns: -19.390, Epsilon: 0.8082
Step: 77600, Returns: -19.430, Epsilon: 0.8079
Step: 77700, Returns: -19.440, Epsilon: 0.8077
Step: 77800, Returns: -19.440, Epsilon: 0.8074
Updating target network...
Step: 77900, Returns: -19.440, Epsilon: 0.8072
Step: 78000, Returns: -19.430, Epsilon: 0.8070
Step: 78100, Returns: -19.400, Epsilon: 0.8067
Step: 78200, Returns: -19.390, Epsilon: 0.8065
Step: 78300, Returns: -19.390, Epsilon: 0.8062
Step: 78400, Returns: -19.400, Epsilon: 0.8060
Step: 78500, Returns: -19.430, Epsilon: 0.8057
Step: 78600, Returns: -19.430, Epsilon: 0.8055
Step: 78700, Returns: -19.440, Epsilon: 0.8052
Step: 78800, Returns: -19.440, Epsilon: 0.8050
Step: 78900, Returns: -19.400, Epsilon: 0.8047
Step: 79000, Returns: -19.460, Epsilon: 0.8045
Updating target network...
Step: 79100, Returns: -19.440, Epsilon: 0.8042
Step: 79200, Returns: -19.440, Epsilon: 0.8040
Step: 79300, Returns: -19.440, Epsilon: 0.8037
Step: 79400, Returns: -19.450, Epsilon: 0.8035
Step: 79500, Returns: -19.470, Epsilon: 0.8032
Step: 79600, Returns: -19.480, Epsilon: 0.8030
Step: 79700, Returns: -19.450, Epsilon: 0.8027
Step: 79800, Returns: -19.430, Epsilon: 0.8025
Step: 79900, Returns: -19.400, Epsilon: 0.8022
Step: 80000, Returns: -19.400, Epsilon: 0.8020
Step: 80100, Returns: -19.420, Epsilon: 0.8018
Step: 80200, Returns: -19.420, Epsilon: 0.8015
Step: 80300, Returns: -19.420, Epsilon: 0.8013
Updating target network...
Step: 80400, Returns: -19.420, Epsilon: 0.8010
Step: 80500, Returns: -19.430, Epsilon: 0.8008
Step: 80600, Returns: -19.440, Epsilon: 0.8005
Step: 80700, Returns: -19.440, Epsilon: 0.8003
Step: 80800, Returns: -19.420, Epsilon: 0.8000
Step: 80900, Returns: -19.390, Epsilon: 0.7998
Step: 81000, Returns: -19.390, Epsilon: 0.7995
Step: 81100, Returns: -19.350, Epsilon: 0.7993
Step: 81200, Returns: -19.330, Epsilon: 0.7990
Step: 81300, Returns: -19.330, Epsilon: 0.7988
Step: 81400, Returns: -19.360, Epsilon: 0.7985
Step: 81500, Returns: -19.310, Epsilon: 0.7983
Updating target network...
Step: 81600, Returns: -19.320, Epsilon: 0.7980
Step: 81700, Returns: -19.350, Epsilon: 0.7978
Step: 81800, Returns: -19.370, Epsilon: 0.7975
Step: 81900, Returns: -19.370, Epsilon: 0.7973
Step: 82000, Returns: -19.390, Epsilon: 0.7971
Step: 82100, Returns: -19.410, Epsilon: 0.7968
Step: 82200, Returns: -19.410, Epsilon: 0.7966
Step: 82300, Returns: -19.400, Epsilon: 0.7963
Step: 82400, Returns: -19.380, Epsilon: 0.7961
Step: 82500, Returns: -19.380, Epsilon: 0.7958
Step: 82600, Returns: -19.350, Epsilon: 0.7956
Step: 82700, Returns: -19.370, Epsilon: 0.7953
Step: 82800, Returns: -19.370, Epsilon: 0.7951
Updating target network...
Step: 82900, Returns: -19.350, Epsilon: 0.7948
Step: 83000, Returns: -19.330, Epsilon: 0.7946
Step: 83100, Returns: -19.330, Epsilon: 0.7943
Step: 83200, Returns: -19.280, Epsilon: 0.7941
Step: 83300, Returns: -19.280, Epsilon: 0.7938
Step: 83400, Returns: -19.280, Epsilon: 0.7936
Step: 83500, Returns: -19.300, Epsilon: 0.7933
Step: 83600, Returns: -19.330, Epsilon: 0.7931
Step: 83700, Returns: -19.290, Epsilon: 0.7928
Step: 83800, Returns: -19.290, Epsilon: 0.7926
Step: 83900, Returns: -19.300, Epsilon: 0.7923
Step: 84000, Returns: -19.340, Epsilon: 0.7921
Updating target network...
Step: 84100, Returns: -19.360, Epsilon: 0.7919
Step: 84200, Returns: -19.360, Epsilon: 0.7916
Step: 84300, Returns: -19.380, Epsilon: 0.7914
Step: 84400, Returns: -19.410, Epsilon: 0.7911
Step: 84500, Returns: -19.390, Epsilon: 0.7909
Step: 84600, Returns: -19.390, Epsilon: 0.7906
Step: 84700, Returns: -19.380, Epsilon: 0.7904
Step: 84800, Returns: -19.400, Epsilon: 0.7901
Step: 84900, Returns: -19.410, Epsilon: 0.7899
Step: 85000, Returns: -19.410, Epsilon: 0.7896
Step: 85100, Returns: -19.380, Epsilon: 0.7894
Step: 85200, Returns: -19.340, Epsilon: 0.7891
Step: 85300, Returns: -19.340, Epsilon: 0.7889
Updating target network...
Step: 85400, Returns: -19.320, Epsilon: 0.7886
Step: 85500, Returns: -19.310, Epsilon: 0.7884
Step: 85600, Returns: -19.340, Epsilon: 0.7881
Step: 85700, Returns: -19.340, Epsilon: 0.7879
Step: 85800, Returns: -19.350, Epsilon: 0.7876
Step: 85900, Returns: -19.340, Epsilon: 0.7874
Step: 86000, Returns: -19.350, Epsilon: 0.7872
Step: 86100, Returns: -19.360, Epsilon: 0.7869
Step: 86200, Returns: -19.330, Epsilon: 0.7867
Step: 86300, Returns: -19.320, Epsilon: 0.7864
Step: 86400, Returns: -19.320, Epsilon: 0.7862
Step: 86500, Returns: -19.330, Epsilon: 0.7859
Updating target network...
Step: 86600, Returns: -19.330, Epsilon: 0.7857
Step: 86700, Returns: -19.300, Epsilon: 0.7854
Step: 86800, Returns: -19.290, Epsilon: 0.7852
Step: 86900, Returns: -19.280, Epsilon: 0.7849
Step: 87000, Returns: -19.280, Epsilon: 0.7847
Step: 87100, Returns: -19.320, Epsilon: 0.7844
Step: 87200, Returns: -19.310, Epsilon: 0.7842
Step: 87300, Returns: -19.290, Epsilon: 0.7839
Step: 87400, Returns: -19.290, Epsilon: 0.7837
Step: 87500, Returns: -19.320, Epsilon: 0.7834
Step: 87600, Returns: -19.290, Epsilon: 0.7832
Step: 87700, Returns: -19.280, Epsilon: 0.7829
Step: 87800, Returns: -19.280, Epsilon: 0.7827
Updating target network...
Step: 87900, Returns: -19.240, Epsilon: 0.7824
Step: 88000, Returns: -19.240, Epsilon: 0.7822
Step: 88100, Returns: -19.250, Epsilon: 0.7820
Step: 88200, Returns: -19.260, Epsilon: 0.7817
Step: 88300, Returns: -19.270, Epsilon: 0.7815
Step: 88400, Returns: -19.270, Epsilon: 0.7812
Step: 88500, Returns: -19.260, Epsilon: 0.7810
Step: 88600, Returns: -19.240, Epsilon: 0.7807
Step: 88700, Returns: -19.250, Epsilon: 0.7805
Step: 88800, Returns: -19.250, Epsilon: 0.7802
Step: 88900, Returns: -19.280, Epsilon: 0.7800
Step: 89000, Returns: -19.210, Epsilon: 0.7797
Updating target network...
Step: 89100, Returns: -19.210, Epsilon: 0.7795
Step: 89200, Returns: -19.210, Epsilon: 0.7792
Step: 89300, Returns: -19.170, Epsilon: 0.7790
Step: 89400, Returns: -19.170, Epsilon: 0.7787
Step: 89500, Returns: -19.170, Epsilon: 0.7785
Step: 89600, Returns: -19.170, Epsilon: 0.7782
Step: 89700, Returns: -19.160, Epsilon: 0.7780
Step: 89800, Returns: -19.140, Epsilon: 0.7777
Step: 89900, Returns: -19.140, Epsilon: 0.7775
Step: 90000, Returns: -19.160, Epsilon: 0.7773
Step: 90100, Returns: -19.130, Epsilon: 0.7770
Step: 90200, Returns: -19.170, Epsilon: 0.7768
Step: 90300, Returns: -19.170, Epsilon: 0.7765
Updating target network...
Step: 90400, Returns: -19.150, Epsilon: 0.7763
Step: 90500, Returns: -19.150, Epsilon: 0.7760
Step: 90600, Returns: -19.150, Epsilon: 0.7758
Step: 90700, Returns: -19.160, Epsilon: 0.7755
Step: 90800, Returns: -19.160, Epsilon: 0.7753
Step: 90900, Returns: -19.190, Epsilon: 0.7750
Step: 91000, Returns: -19.190, Epsilon: 0.7748
Step: 91100, Returns: -19.180, Epsilon: 0.7745
Step: 91200, Returns: -19.200, Epsilon: 0.7743
Step: 91300, Returns: -19.200, Epsilon: 0.7740
Step: 91400, Returns: -19.180, Epsilon: 0.7738
Step: 91500, Returns: -19.160, Epsilon: 0.7735
Updating target network...
Step: 91600, Returns: -19.150, Epsilon: 0.7733
Step: 91700, Returns: -19.140, Epsilon: 0.7730
Step: 91800, Returns: -19.120, Epsilon: 0.7728
Step: 91900, Returns: -19.080, Epsilon: 0.7725
Step: 92000, Returns: -19.080, Epsilon: 0.7723
Step: 92100, Returns: -19.070, Epsilon: 0.7721
Step: 92200, Returns: -19.100, Epsilon: 0.7718
Step: 92300, Returns: -19.090, Epsilon: 0.7716
Step: 92400, Returns: -19.070, Epsilon: 0.7713
Step: 92500, Returns: -19.070, Epsilon: 0.7711
Step: 92600, Returns: -19.040, Epsilon: 0.7708
Step: 92700, Returns: -19.040, Epsilon: 0.7706
Step: 92800, Returns: -19.000, Epsilon: 0.7703
Updating target network...
Step: 92900, Returns: -19.000, Epsilon: 0.7701
Step: 93000, Returns: -19.030, Epsilon: 0.7698
Step: 93100, Returns: -19.030, Epsilon: 0.7696
Step: 93200, Returns: -19.030, Epsilon: 0.7693
Step: 93300, Returns: -18.990, Epsilon: 0.7691
Step: 93400, Returns: -18.940, Epsilon: 0.7688
Step: 93500, Returns: -18.940, Epsilon: 0.7686
Step: 93600, Returns: -18.940, Epsilon: 0.7683
Step: 93700, Returns: -18.970, Epsilon: 0.7681
Step: 93800, Returns: -18.970, Epsilon: 0.7678
Step: 93900, Returns: -18.970, Epsilon: 0.7676
Step: 94000, Returns: -18.970, Epsilon: 0.7674
Updating target network...
Step: 94100, Returns: -18.970, Epsilon: 0.7671
Step: 94200, Returns: -18.940, Epsilon: 0.7669
Step: 94300, Returns: -18.940, Epsilon: 0.7666
Step: 94400, Returns: -18.940, Epsilon: 0.7664
Step: 94500, Returns: -18.930, Epsilon: 0.7661
Step: 94600, Returns: -18.890, Epsilon: 0.7659
Step: 94700, Returns: -18.930, Epsilon: 0.7656
Step: 94800, Returns: -18.950, Epsilon: 0.7654
Step: 94900, Returns: -18.930, Epsilon: 0.7651
Step: 95000, Returns: -18.940, Epsilon: 0.7649
Step: 95100, Returns: -18.970, Epsilon: 0.7646
Step: 95200, Returns: -18.970, Epsilon: 0.7644
Step: 95300, Returns: -19.000, Epsilon: 0.7641
Updating target network...
Step: 95400, Returns: -18.950, Epsilon: 0.7639
Step: 95500, Returns: -18.960, Epsilon: 0.7636
Step: 95600, Returns: -18.980, Epsilon: 0.7634
Step: 95700, Returns: -18.950, Epsilon: 0.7631
Step: 95800, Returns: -18.920, Epsilon: 0.7629
Step: 95900, Returns: -18.950, Epsilon: 0.7626
Step: 96000, Returns: -18.950, Epsilon: 0.7624
Step: 96100, Returns: -19.000, Epsilon: 0.7622
Step: 96200, Returns: -19.010, Epsilon: 0.7619
Step: 96300, Returns: -19.010, Epsilon: 0.7617
Step: 96400, Returns: -19.010, Epsilon: 0.7614
Step: 96500, Returns: -19.010, Epsilon: 0.7612
Updating target network...
Step: 96600, Returns: -19.030, Epsilon: 0.7609
Step: 96700, Returns: -19.040, Epsilon: 0.7607
Step: 96800, Returns: -19.050, Epsilon: 0.7604
Step: 96900, Returns: -19.050, Epsilon: 0.7602
Step: 97000, Returns: -19.060, Epsilon: 0.7599
Step: 97100, Returns: -19.060, Epsilon: 0.7597
Step: 97200, Returns: -19.110, Epsilon: 0.7594
Step: 97300, Returns: -19.120, Epsilon: 0.7592
Step: 97400, Returns: -19.080, Epsilon: 0.7589
Step: 97500, Returns: -19.080, Epsilon: 0.7587
Step: 97600, Returns: -19.070, Epsilon: 0.7584
Step: 97700, Returns: -19.110, Epsilon: 0.7582
Step: 97800, Returns: -19.110, Epsilon: 0.7579
Updating target network...
Step: 97900, Returns: -19.100, Epsilon: 0.7577
Step: 98000, Returns: -19.150, Epsilon: 0.7575
Step: 98100, Returns: -19.150, Epsilon: 0.7572
Step: 98200, Returns: -19.180, Epsilon: 0.7570
Step: 98300, Returns: -19.180, Epsilon: 0.7567
Step: 98400, Returns: -19.150, Epsilon: 0.7565
Step: 98500, Returns: -19.150, Epsilon: 0.7562
Step: 98600, Returns: -19.170, Epsilon: 0.7560
Step: 98700, Returns: -19.170, Epsilon: 0.7557
Step: 98800, Returns: -19.140, Epsilon: 0.7555
Step: 98900, Returns: -19.140, Epsilon: 0.7552
Step: 99000, Returns: -19.150, Epsilon: 0.7550
Updating target network...
Step: 99100, Returns: -19.170, Epsilon: 0.7547
Step: 99200, Returns: -19.170, Epsilon: 0.7545
Step: 99300, Returns: -19.170, Epsilon: 0.7542
Step: 99400, Returns: -19.180, Epsilon: 0.7540
Step: 99500, Returns: -19.200, Epsilon: 0.7537
Step: 99600, Returns: -19.200, Epsilon: 0.7535
Step: 99700, Returns: -19.200, Epsilon: 0.7532
Step: 99800, Returns: -19.210, Epsilon: 0.7530
Step: 99900, Returns: -19.190, Epsilon: 0.7527
Step: 100000, Returns: -19.200, Epsilon: 0.7525
Step: 100100, Returns: -19.200, Epsilon: 0.7523
Step: 100200, Returns: -19.200, Epsilon: 0.7520
Step: 100300, Returns: -19.250, Epsilon: 0.7518
Updating target network...
Step: 100400, Returns: -19.220, Epsilon: 0.7515
Step: 100500, Returns: -19.220, Epsilon: 0.7513
Step: 100600, Returns: -19.230, Epsilon: 0.7510
Step: 100700, Returns: -19.220, Epsilon: 0.7508
Step: 100800, Returns: -19.220, Epsilon: 0.7505
Step: 100900, Returns: -19.220, Epsilon: 0.7503
Step: 101000, Returns: -19.310, Epsilon: 0.7500
Step: 101100, Returns: -19.280, Epsilon: 0.7498
Step: 101200, Returns: -19.270, Epsilon: 0.7495
Step: 101300, Returns: -19.270, Epsilon: 0.7493
Step: 101400, Returns: -19.290, Epsilon: 0.7490
Step: 101500, Returns: -19.310, Epsilon: 0.7488
Updating target network...
Step: 101600, Returns: -19.310, Epsilon: 0.7485
Step: 101700, Returns: -19.320, Epsilon: 0.7483
Step: 101800, Returns: -19.320, Epsilon: 0.7480
Step: 101900, Returns: -19.280, Epsilon: 0.7478
Step: 102000, Returns: -19.250, Epsilon: 0.7476
Step: 102100, Returns: -19.290, Epsilon: 0.7473
Step: 102200, Returns: -19.290, Epsilon: 0.7471
Step: 102300, Returns: -19.290, Epsilon: 0.7468
Step: 102400, Returns: -19.270, Epsilon: 0.7466
Step: 102500, Returns: -19.270, Epsilon: 0.7463
Step: 102600, Returns: -19.240, Epsilon: 0.7461
Step: 102700, Returns: -19.240, Epsilon: 0.7458
Step: 102800, Returns: -19.270, Epsilon: 0.7456
Updating target network...
Step: 102900, Returns: -19.290, Epsilon: 0.7453
Step: 103000, Returns: -19.310, Epsilon: 0.7451
Step: 103100, Returns: -19.320, Epsilon: 0.7448
Step: 103200, Returns: -19.320, Epsilon: 0.7446
Step: 103300, Returns: -19.320, Epsilon: 0.7443
Step: 103400, Returns: -19.370, Epsilon: 0.7441
Step: 103500, Returns: -19.370, Epsilon: 0.7438
Step: 103600, Returns: -19.390, Epsilon: 0.7436
Step: 103700, Returns: -19.360, Epsilon: 0.7433
Step: 103800, Returns: -19.360, Epsilon: 0.7431
Step: 103900, Returns: -19.320, Epsilon: 0.7428
Step: 104000, Returns: -19.310, Epsilon: 0.7426
Updating target network...
Step: 104100, Returns: -19.300, Epsilon: 0.7424
Step: 104200, Returns: -19.290, Epsilon: 0.7421
Step: 104300, Returns: -19.290, Epsilon: 0.7419
Step: 104400, Returns: -19.260, Epsilon: 0.7416
Step: 104500, Returns: -19.260, Epsilon: 0.7414
Step: 104600, Returns: -19.260, Epsilon: 0.7411
Step: 104700, Returns: -19.270, Epsilon: 0.7409
Step: 104800, Returns: -19.260, Epsilon: 0.7406
Step: 104900, Returns: -19.260, Epsilon: 0.7404
Step: 105000, Returns: -19.260, Epsilon: 0.7401
Step: 105100, Returns: -19.230, Epsilon: 0.7399
Step: 105200, Returns: -19.240, Epsilon: 0.7396
Step: 105300, Returns: -19.220, Epsilon: 0.7394
Updating target network...
Step: 105400, Returns: -19.210, Epsilon: 0.7391
Step: 105500, Returns: -19.190, Epsilon: 0.7389
Step: 105600, Returns: -19.190, Epsilon: 0.7386
Step: 105700, Returns: -19.160, Epsilon: 0.7384
Step: 105800, Returns: -19.160, Epsilon: 0.7381
Step: 105900, Returns: -19.120, Epsilon: 0.7379
Step: 106000, Returns: -19.120, Epsilon: 0.7377
Step: 106100, Returns: -19.140, Epsilon: 0.7374
Step: 106200, Returns: -19.120, Epsilon: 0.7372
Step: 106300, Returns: -19.110, Epsilon: 0.7369
Step: 106400, Returns: -19.110, Epsilon: 0.7367
Step: 106500, Returns: -19.110, Epsilon: 0.7364
Updating target network...
Step: 106600, Returns: -19.100, Epsilon: 0.7362
Step: 106700, Returns: -19.100, Epsilon: 0.7359
Step: 106800, Returns: -19.090, Epsilon: 0.7357
Step: 106900, Returns: -19.050, Epsilon: 0.7354
Step: 107000, Returns: -19.040, Epsilon: 0.7352
Step: 107100, Returns: -19.020, Epsilon: 0.7349
Step: 107200, Returns: -18.980, Epsilon: 0.7347
Step: 107300, Returns: -18.930, Epsilon: 0.7344
Step: 107400, Returns: -18.950, Epsilon: 0.7342
Step: 107500, Returns: -18.950, Epsilon: 0.7339
Step: 107600, Returns: -18.950, Epsilon: 0.7337
Step: 107700, Returns: -18.950, Epsilon: 0.7334
Step: 107800, Returns: -18.920, Epsilon: 0.7332
Updating target network...
Step: 107900, Returns: -18.920, Epsilon: 0.7329
Step: 108000, Returns: -18.920, Epsilon: 0.7327
Step: 108100, Returns: -18.920, Epsilon: 0.7325
Step: 108200, Returns: -18.970, Epsilon: 0.7322
Step: 108300, Returns: -18.950, Epsilon: 0.7320
Step: 108400, Returns: -18.950, Epsilon: 0.7317
Step: 108500, Returns: -18.950, Epsilon: 0.7315
Step: 108600, Returns: -18.930, Epsilon: 0.7312
Step: 108700, Returns: -18.910, Epsilon: 0.7310
Step: 108800, Returns: -18.910, Epsilon: 0.7307
Step: 108900, Returns: -18.850, Epsilon: 0.7305
Step: 109000, Returns: -18.850, Epsilon: 0.7302
Updating target network...
Step: 109100, Returns: -18.850, Epsilon: 0.7300
Step: 109200, Returns: -18.850, Epsilon: 0.7297
Step: 109300, Returns: -18.850, Epsilon: 0.7295
Step: 109400, Returns: -18.830, Epsilon: 0.7292
Step: 109500, Returns: -18.810, Epsilon: 0.7290
Step: 109600, Returns: -18.760, Epsilon: 0.7287
Step: 109700, Returns: -18.780, Epsilon: 0.7285
Step: 109800, Returns: -18.780, Epsilon: 0.7282
Step: 109900, Returns: -18.760, Epsilon: 0.7280
Step: 110000, Returns: -18.760, Epsilon: 0.7278
Step: 110100, Returns: -18.800, Epsilon: 0.7275
Step: 110200, Returns: -18.750, Epsilon: 0.7273
Step: 110300, Returns: -18.710, Epsilon: 0.7270
Updating target network...
Step: 110400, Returns: -18.680, Epsilon: 0.7268
Step: 110500, Returns: -18.640, Epsilon: 0.7265
Step: 110600, Returns: -18.650, Epsilon: 0.7263
Step: 110700, Returns: -18.670, Epsilon: 0.7260
Step: 110800, Returns: -18.650, Epsilon: 0.7258
Step: 110900, Returns: -18.650, Epsilon: 0.7255
Step: 111000, Returns: -18.650, Epsilon: 0.7253
Step: 111100, Returns: -18.630, Epsilon: 0.7250
Step: 111200, Returns: -18.610, Epsilon: 0.7248
Step: 111300, Returns: -18.580, Epsilon: 0.7245
Step: 111400, Returns: -18.550, Epsilon: 0.7243
Step: 111500, Returns: -18.500, Epsilon: 0.7240
Updating target network...
Step: 111600, Returns: -18.520, Epsilon: 0.7238
Step: 111700, Returns: -18.550, Epsilon: 0.7235
Step: 111800, Returns: -18.550, Epsilon: 0.7233
Step: 111900, Returns: -18.530, Epsilon: 0.7230
Step: 112000, Returns: -18.530, Epsilon: 0.7228
Step: 112100, Returns: -18.530, Epsilon: 0.7226
Step: 112200, Returns: -18.550, Epsilon: 0.7223
Step: 112300, Returns: -18.550, Epsilon: 0.7221
Step: 112400, Returns: -18.550, Epsilon: 0.7218
Step: 112500, Returns: -18.500, Epsilon: 0.7216
Step: 112600, Returns: -18.500, Epsilon: 0.7213
Step: 112700, Returns: -18.510, Epsilon: 0.7211
Step: 112800, Returns: -18.510, Epsilon: 0.7208
Updating target network...
Step: 112900, Returns: -18.440, Epsilon: 0.7206
Step: 113000, Returns: -18.440, Epsilon: 0.7203
Step: 113100, Returns: -18.450, Epsilon: 0.7201
Step: 113200, Returns: -18.450, Epsilon: 0.7198
Step: 113300, Returns: -18.470, Epsilon: 0.7196
Step: 113400, Returns: -18.490, Epsilon: 0.7193
Step: 113500, Returns: -18.490, Epsilon: 0.7191
Step: 113600, Returns: -18.490, Epsilon: 0.7188
Step: 113700, Returns: -18.530, Epsilon: 0.7186
Step: 113800, Returns: -18.530, Epsilon: 0.7183
Step: 113900, Returns: -18.490, Epsilon: 0.7181
Step: 114000, Returns: -18.480, Epsilon: 0.7179
Updating target network...
Step: 114100, Returns: -18.480, Epsilon: 0.7176
Step: 114200, Returns: -18.420, Epsilon: 0.7174
Step: 114300, Returns: -18.400, Epsilon: 0.7171
Step: 114400, Returns: -18.370, Epsilon: 0.7169
Step: 114500, Returns: -18.380, Epsilon: 0.7166
Step: 114600, Returns: -18.400, Epsilon: 0.7164
Step: 114700, Returns: -18.400, Epsilon: 0.7161
Step: 114800, Returns: -18.400, Epsilon: 0.7159
Step: 114900, Returns: -18.420, Epsilon: 0.7156
Step: 115000, Returns: -18.420, Epsilon: 0.7154
Step: 115100, Returns: -18.410, Epsilon: 0.7151
Step: 115200, Returns: -18.450, Epsilon: 0.7149
Step: 115300, Returns: -18.460, Epsilon: 0.7146
Updating target network...
Step: 115400, Returns: -18.490, Epsilon: 0.7144
Step: 115500, Returns: -18.430, Epsilon: 0.7141
Step: 115600, Returns: -18.430, Epsilon: 0.7139
Step: 115700, Returns: -18.450, Epsilon: 0.7136
Step: 115800, Returns: -18.480, Epsilon: 0.7134
Step: 115900, Returns: -18.460, Epsilon: 0.7131
Step: 116000, Returns: -18.460, Epsilon: 0.7129
Step: 116100, Returns: -18.460, Epsilon: 0.7127
Step: 116200, Returns: -18.470, Epsilon: 0.7124
Step: 116300, Returns: -18.480, Epsilon: 0.7122
Step: 116400, Returns: -18.430, Epsilon: 0.7119
Step: 116500, Returns: -18.430, Epsilon: 0.7117
Updating target network...
Step: 116600, Returns: -18.400, Epsilon: 0.7114
Step: 116700, Returns: -18.400, Epsilon: 0.7112
Step: 116800, Returns: -18.370, Epsilon: 0.7109
Step: 116900, Returns: -18.350, Epsilon: 0.7107
Step: 117000, Returns: -18.350, Epsilon: 0.7104
Step: 117100, Returns: -18.350, Epsilon: 0.7102
Step: 117200, Returns: -18.330, Epsilon: 0.7099
Step: 117300, Returns: -18.330, Epsilon: 0.7097
Step: 117400, Returns: -18.330, Epsilon: 0.7094
Step: 117500, Returns: -18.310, Epsilon: 0.7092
Step: 117600, Returns: -18.310, Epsilon: 0.7089
Step: 117700, Returns: -18.340, Epsilon: 0.7087
Step: 117800, Returns: -18.320, Epsilon: 0.7084
Updating target network...
Step: 117900, Returns: -18.320, Epsilon: 0.7082
Step: 118000, Returns: -18.320, Epsilon: 0.7080
Step: 118100, Returns: -18.310, Epsilon: 0.7077
Step: 118200, Returns: -18.310, Epsilon: 0.7075
Step: 118300, Returns: -18.310, Epsilon: 0.7072
Step: 118400, Returns: -18.340, Epsilon: 0.7070
Step: 118500, Returns: -18.330, Epsilon: 0.7067
Step: 118600, Returns: -18.330, Epsilon: 0.7065
Step: 118700, Returns: -18.320, Epsilon: 0.7062
Step: 118800, Returns: -18.340, Epsilon: 0.7060
Step: 118900, Returns: -18.340, Epsilon: 0.7057
Step: 119000, Returns: -18.340, Epsilon: 0.7055
Updating target network...
Step: 119100, Returns: -18.340, Epsilon: 0.7052
Step: 119200, Returns: -18.340, Epsilon: 0.7050
Step: 119300, Returns: -18.370, Epsilon: 0.7047
Step: 119400, Returns: -18.370, Epsilon: 0.7045
Step: 119500, Returns: -18.340, Epsilon: 0.7042
Step: 119600, Returns: -18.330, Epsilon: 0.7040
Step: 119700, Returns: -18.320, Epsilon: 0.7037
Step: 119800, Returns: -18.320, Epsilon: 0.7035
Step: 119900, Returns: -18.260, Epsilon: 0.7032
Step: 120000, Returns: -18.250, Epsilon: 0.7030
Step: 120100, Returns: -18.240, Epsilon: 0.7028
Step: 120200, Returns: -18.240, Epsilon: 0.7025
Step: 120300, Returns: -18.200, Epsilon: 0.7023
Updating target network...
Step: 120400, Returns: -18.140, Epsilon: 0.7020
Step: 120500, Returns: -18.160, Epsilon: 0.7018
Step: 120600, Returns: -18.140, Epsilon: 0.7015
Step: 120700, Returns: -18.180, Epsilon: 0.7013
Step: 120800, Returns: -18.180, Epsilon: 0.7010
Step: 120900, Returns: -18.160, Epsilon: 0.7008
Step: 121000, Returns: -18.160, Epsilon: 0.7005
Step: 121100, Returns: -18.160, Epsilon: 0.7003
Step: 121200, Returns: -18.180, Epsilon: 0.7000
Step: 121300, Returns: -18.160, Epsilon: 0.6998
Step: 121400, Returns: -18.150, Epsilon: 0.6995
Step: 121500, Returns: -18.130, Epsilon: 0.6993
Updating target network...
Step: 121600, Returns: -18.140, Epsilon: 0.6990
Step: 121700, Returns: -18.140, Epsilon: 0.6988
Step: 121800, Returns: -18.130, Epsilon: 0.6985
Step: 121900, Returns: -18.120, Epsilon: 0.6983
Step: 122000, Returns: -18.140, Epsilon: 0.6981
Step: 122100, Returns: -18.100, Epsilon: 0.6978
Step: 122200, Returns: -18.150, Epsilon: 0.6976
Step: 122300, Returns: -18.180, Epsilon: 0.6973
Step: 122400, Returns: -18.180, Epsilon: 0.6971
Step: 122500, Returns: -18.180, Epsilon: 0.6968
Step: 122600, Returns: -18.180, Epsilon: 0.6966
Step: 122700, Returns: -18.190, Epsilon: 0.6963
Step: 122800, Returns: -18.190, Epsilon: 0.6961
Updating target network...
Step: 122900, Returns: -18.170, Epsilon: 0.6958
Step: 123000, Returns: -18.170, Epsilon: 0.6956
Step: 123100, Returns: -18.170, Epsilon: 0.6953
Step: 123200, Returns: -18.210, Epsilon: 0.6951
Step: 123300, Returns: -18.220, Epsilon: 0.6948
Step: 123400, Returns: -18.160, Epsilon: 0.6946
Step: 123500, Returns: -18.190, Epsilon: 0.6943
Step: 123600, Returns: -18.200, Epsilon: 0.6941
Step: 123700, Returns: -18.200, Epsilon: 0.6938
Step: 123800, Returns: -18.200, Epsilon: 0.6936
Step: 123900, Returns: -18.200, Epsilon: 0.6933
Step: 124000, Returns: -18.210, Epsilon: 0.6931
Updating target network...
Step: 124100, Returns: -18.210, Epsilon: 0.6929
Step: 124200, Returns: -18.240, Epsilon: 0.6926
Step: 124300, Returns: -18.240, Epsilon: 0.6924
Step: 124400, Returns: -18.250, Epsilon: 0.6921
Step: 124500, Returns: -18.240, Epsilon: 0.6919
Step: 124600, Returns: -18.230, Epsilon: 0.6916
Step: 124700, Returns: -18.270, Epsilon: 0.6914
Step: 124800, Returns: -18.270, Epsilon: 0.6911
Step: 124900, Returns: -18.290, Epsilon: 0.6909
Step: 125000, Returns: -18.350, Epsilon: 0.6906
Step: 125100, Returns: -18.350, Epsilon: 0.6904
Step: 125200, Returns: -18.360, Epsilon: 0.6901
Step: 125300, Returns: -18.360, Epsilon: 0.6899
Updating target network...
Step: 125400, Returns: -18.370, Epsilon: 0.6896
Step: 125500, Returns: -18.360, Epsilon: 0.6894
Step: 125600, Returns: -18.360, Epsilon: 0.6891
Step: 125700, Returns: -18.370, Epsilon: 0.6889
Step: 125800, Returns: -18.420, Epsilon: 0.6886
Step: 125900, Returns: -18.420, Epsilon: 0.6884
Step: 126000, Returns: -18.410, Epsilon: 0.6882
Step: 126100, Returns: -18.460, Epsilon: 0.6879
Step: 126200, Returns: -18.470, Epsilon: 0.6877
Step: 126300, Returns: -18.490, Epsilon: 0.6874
Step: 126400, Returns: -18.510, Epsilon: 0.6872
Step: 126500, Returns: -18.510, Epsilon: 0.6869
Updating target network...
Step: 126600, Returns: -18.510, Epsilon: 0.6867
Step: 126700, Returns: -18.520, Epsilon: 0.6864
Step: 126800, Returns: -18.540, Epsilon: 0.6862
Step: 126900, Returns: -18.560, Epsilon: 0.6859
Step: 127000, Returns: -18.560, Epsilon: 0.6857
Step: 127100, Returns: -18.560, Epsilon: 0.6854
Step: 127200, Returns: -18.510, Epsilon: 0.6852
Step: 127300, Returns: -18.510, Epsilon: 0.6849
Step: 127400, Returns: -18.460, Epsilon: 0.6847
Step: 127500, Returns: -18.430, Epsilon: 0.6844
Step: 127600, Returns: -18.450, Epsilon: 0.6842
Step: 127700, Returns: -18.460, Epsilon: 0.6839
Step: 127800, Returns: -18.460, Epsilon: 0.6837
Updating target network...
Step: 127900, Returns: -18.470, Epsilon: 0.6834
Step: 128000, Returns: -18.500, Epsilon: 0.6832
Step: 128100, Returns: -18.500, Epsilon: 0.6830
Step: 128200, Returns: -18.490, Epsilon: 0.6827
Step: 128300, Returns: -18.490, Epsilon: 0.6825
Step: 128400, Returns: -18.530, Epsilon: 0.6822
Step: 128500, Returns: -18.530, Epsilon: 0.6820
Step: 128600, Returns: -18.610, Epsilon: 0.6817
Step: 128700, Returns: -18.610, Epsilon: 0.6815
Step: 128800, Returns: -18.630, Epsilon: 0.6812
Step: 128900, Returns: -18.650, Epsilon: 0.6810
Step: 129000, Returns: -18.680, Epsilon: 0.6807
Updating target network...
Step: 129100, Returns: -18.680, Epsilon: 0.6805
Step: 129200, Returns: -18.700, Epsilon: 0.6802
Step: 129300, Returns: -18.700, Epsilon: 0.6800
Step: 129400, Returns: -18.700, Epsilon: 0.6797
Step: 129500, Returns: -18.710, Epsilon: 0.6795
Step: 129600, Returns: -18.710, Epsilon: 0.6792
Step: 129700, Returns: -18.720, Epsilon: 0.6790
Step: 129800, Returns: -18.700, Epsilon: 0.6787
Step: 129900, Returns: -18.690, Epsilon: 0.6785
Step: 130000, Returns: -18.690, Epsilon: 0.6783
Step: 130100, Returns: -18.720, Epsilon: 0.6780
Step: 130200, Returns: -18.720, Epsilon: 0.6778
Step: 130300, Returns: -18.690, Epsilon: 0.6775
Updating target network...
Step: 130400, Returns: -18.600, Epsilon: 0.6773
Step: 130500, Returns: -18.650, Epsilon: 0.6770
Step: 130600, Returns: -18.660, Epsilon: 0.6768
Step: 130700, Returns: -18.660, Epsilon: 0.6765
Step: 130800, Returns: -18.670, Epsilon: 0.6763
Step: 130900, Returns: -18.690, Epsilon: 0.6760
Step: 131000, Returns: -18.690, Epsilon: 0.6758
Step: 131100, Returns: -18.700, Epsilon: 0.6755
Step: 131200, Returns: -18.670, Epsilon: 0.6753
Step: 131300, Returns: -18.670, Epsilon: 0.6750
Step: 131400, Returns: -18.670, Epsilon: 0.6748
Step: 131500, Returns: -18.680, Epsilon: 0.6745
Updating target network...
Step: 131600, Returns: -18.680, Epsilon: 0.6743
Step: 131700, Returns: -18.690, Epsilon: 0.6740
Step: 131800, Returns: -18.690, Epsilon: 0.6738
Step: 131900, Returns: -18.690, Epsilon: 0.6735
Step: 132000, Returns: -18.680, Epsilon: 0.6733
Step: 132100, Returns: -18.660, Epsilon: 0.6731
Step: 132200, Returns: -18.630, Epsilon: 0.6728
Step: 132300, Returns: -18.630, Epsilon: 0.6726
Step: 132400, Returns: -18.540, Epsilon: 0.6723
Step: 132500, Returns: -18.550, Epsilon: 0.6721
Step: 132600, Returns: -18.540, Epsilon: 0.6718
Step: 132700, Returns: -18.570, Epsilon: 0.6716
Step: 132800, Returns: -18.520, Epsilon: 0.6713
Updating target network...
Step: 132900, Returns: -18.500, Epsilon: 0.6711
Step: 133000, Returns: -18.490, Epsilon: 0.6708
Step: 133100, Returns: -18.450, Epsilon: 0.6706
Step: 133200, Returns: -18.450, Epsilon: 0.6703
Step: 133300, Returns: -18.470, Epsilon: 0.6701
Step: 133400, Returns: -18.470, Epsilon: 0.6698
Step: 133500, Returns: -18.440, Epsilon: 0.6696
Step: 133600, Returns: -18.460, Epsilon: 0.6693
Step: 133700, Returns: -18.460, Epsilon: 0.6691
Step: 133800, Returns: -18.490, Epsilon: 0.6688
Step: 133900, Returns: -18.500, Epsilon: 0.6686
Step: 134000, Returns: -18.460, Epsilon: 0.6684
Updating target network...
Step: 134100, Returns: -18.470, Epsilon: 0.6681
Step: 134200, Returns: -18.430, Epsilon: 0.6679
Step: 134300, Returns: -18.380, Epsilon: 0.6676
Step: 134400, Returns: -18.370, Epsilon: 0.6674
Step: 134500, Returns: -18.370, Epsilon: 0.6671
Step: 134600, Returns: -18.350, Epsilon: 0.6669
Step: 134700, Returns: -18.350, Epsilon: 0.6666
Step: 134800, Returns: -18.340, Epsilon: 0.6664
Step: 134900, Returns: -18.350, Epsilon: 0.6661
Step: 135000, Returns: -18.350, Epsilon: 0.6659
Step: 135100, Returns: -18.390, Epsilon: 0.6656
Step: 135200, Returns: -18.380, Epsilon: 0.6654
Step: 135300, Returns: -18.380, Epsilon: 0.6651
Updating target network...
Step: 135400, Returns: -18.410, Epsilon: 0.6649
Step: 135500, Returns: -18.450, Epsilon: 0.6646
Step: 135600, Returns: -18.480, Epsilon: 0.6644
Step: 135700, Returns: -18.450, Epsilon: 0.6641
Step: 135800, Returns: -18.450, Epsilon: 0.6639
Step: 135900, Returns: -18.420, Epsilon: 0.6636
Step: 136000, Returns: -18.430, Epsilon: 0.6634
Step: 136100, Returns: -18.380, Epsilon: 0.6632
Step: 136200, Returns: -18.380, Epsilon: 0.6629
Step: 136300, Returns: -18.380, Epsilon: 0.6627
Step: 136400, Returns: -18.350, Epsilon: 0.6624
Step: 136500, Returns: -18.380, Epsilon: 0.6622
Updating target network...
Step: 136600, Returns: -18.330, Epsilon: 0.6619
Step: 136700, Returns: -18.330, Epsilon: 0.6617
Step: 136800, Returns: -18.280, Epsilon: 0.6614
Step: 136900, Returns: -18.280, Epsilon: 0.6612
Step: 137000, Returns: -18.270, Epsilon: 0.6609
Step: 137100, Returns: -18.250, Epsilon: 0.6607
Step: 137200, Returns: -18.290, Epsilon: 0.6604
Step: 137300, Returns: -18.290, Epsilon: 0.6602
Step: 137400, Returns: -18.290, Epsilon: 0.6599
Step: 137500, Returns: -18.290, Epsilon: 0.6597
Step: 137600, Returns: -18.260, Epsilon: 0.6594
Step: 137700, Returns: -18.250, Epsilon: 0.6592
Step: 137800, Returns: -18.230, Epsilon: 0.6589
Updating target network...
Step: 137900, Returns: -18.190, Epsilon: 0.6587
Step: 138000, Returns: -18.180, Epsilon: 0.6585
Step: 138100, Returns: -18.160, Epsilon: 0.6582
Step: 138200, Returns: -18.160, Epsilon: 0.6580
Step: 138300, Returns: -18.200, Epsilon: 0.6577
Step: 138400, Returns: -18.180, Epsilon: 0.6575
Step: 138500, Returns: -18.200, Epsilon: 0.6572
Step: 138600, Returns: -18.200, Epsilon: 0.6570
Step: 138700, Returns: -18.200, Epsilon: 0.6567
Step: 138800, Returns: -18.200, Epsilon: 0.6565
Step: 138900, Returns: -18.250, Epsilon: 0.6562
Step: 139000, Returns: -18.250, Epsilon: 0.6560
Updating target network...
Step: 139100, Returns: -18.220, Epsilon: 0.6557
Step: 139200, Returns: -18.180, Epsilon: 0.6555
Step: 139300, Returns: -18.140, Epsilon: 0.6552
Step: 139400, Returns: -18.140, Epsilon: 0.6550
Step: 139500, Returns: -18.160, Epsilon: 0.6547
Step: 139600, Returns: -18.180, Epsilon: 0.6545
Step: 139700, Returns: -18.150, Epsilon: 0.6542
Step: 139800, Returns: -18.150, Epsilon: 0.6540
Step: 139900, Returns: -18.160, Epsilon: 0.6537
Step: 140000, Returns: -18.190, Epsilon: 0.6535
Step: 140100, Returns: -18.190, Epsilon: 0.6533
Step: 140200, Returns: -18.190, Epsilon: 0.6530
Step: 140300, Returns: -18.200, Epsilon: 0.6528
Updating target network...
Step: 140400, Returns: -18.200, Epsilon: 0.6525
Step: 140500, Returns: -18.200, Epsilon: 0.6523
Step: 140600, Returns: -18.230, Epsilon: 0.6520
Step: 140700, Returns: -18.260, Epsilon: 0.6518
Step: 140800, Returns: -18.280, Epsilon: 0.6515
Step: 140900, Returns: -18.290, Epsilon: 0.6513
Step: 141000, Returns: -18.280, Epsilon: 0.6510
Step: 141100, Returns: -18.270, Epsilon: 0.6508
Step: 141200, Returns: -18.230, Epsilon: 0.6505
Step: 141300, Returns: -18.230, Epsilon: 0.6503
Step: 141400, Returns: -18.230, Epsilon: 0.6500
Step: 141500, Returns: -18.230, Epsilon: 0.6498
Updating target network...
Step: 141600, Returns: -18.250, Epsilon: 0.6495
Step: 141700, Returns: -18.280, Epsilon: 0.6493
Step: 141800, Returns: -18.280, Epsilon: 0.6490
Step: 141900, Returns: -18.220, Epsilon: 0.6488
Step: 142000, Returns: -18.250, Epsilon: 0.6486
Step: 142100, Returns: -18.250, Epsilon: 0.6483
Step: 142200, Returns: -18.210, Epsilon: 0.6481
Step: 142300, Returns: -18.230, Epsilon: 0.6478
Step: 142400, Returns: -18.220, Epsilon: 0.6476
Step: 142500, Returns: -18.210, Epsilon: 0.6473
Step: 142600, Returns: -18.250, Epsilon: 0.6471
Step: 142700, Returns: -18.250, Epsilon: 0.6468
Step: 142800, Returns: -18.250, Epsilon: 0.6466
Updating target network...
Step: 142900, Returns: -18.270, Epsilon: 0.6463
Step: 143000, Returns: -18.330, Epsilon: 0.6461
Step: 143100, Returns: -18.330, Epsilon: 0.6458
Step: 143200, Returns: -18.330, Epsilon: 0.6456
Step: 143300, Returns: -18.330, Epsilon: 0.6453
Step: 143400, Returns: -18.330, Epsilon: 0.6451
Step: 143500, Returns: -18.310, Epsilon: 0.6448
Step: 143600, Returns: -18.300, Epsilon: 0.6446
Step: 143700, Returns: -18.280, Epsilon: 0.6443
Step: 143800, Returns: -18.280, Epsilon: 0.6441
Step: 143900, Returns: -18.250, Epsilon: 0.6438
Step: 144000, Returns: -18.210, Epsilon: 0.6436
Updating target network...
Step: 144100, Returns: -18.260, Epsilon: 0.6434
Step: 144200, Returns: -18.290, Epsilon: 0.6431
Step: 144300, Returns: -18.290, Epsilon: 0.6429
Step: 144400, Returns: -18.300, Epsilon: 0.6426
Step: 144500, Returns: -18.300, Epsilon: 0.6424
Step: 144600, Returns: -18.300, Epsilon: 0.6421
Step: 144700, Returns: -18.300, Epsilon: 0.6419
Step: 144800, Returns: -18.300, Epsilon: 0.6416
Step: 144900, Returns: -18.340, Epsilon: 0.6414
Step: 145000, Returns: -18.340, Epsilon: 0.6411
Step: 145100, Returns: -18.340, Epsilon: 0.6409
Step: 145200, Returns: -18.340, Epsilon: 0.6406
Step: 145300, Returns: -18.340, Epsilon: 0.6404
Updating target network...
Step: 145400, Returns: -18.290, Epsilon: 0.6401
Step: 145500, Returns: -18.290, Epsilon: 0.6399
Step: 145600, Returns: -18.280, Epsilon: 0.6396
Step: 145700, Returns: -18.280, Epsilon: 0.6394
Step: 145800, Returns: -18.270, Epsilon: 0.6391
Step: 145900, Returns: -18.270, Epsilon: 0.6389
Step: 146000, Returns: -18.260, Epsilon: 0.6387
Step: 146100, Returns: -18.260, Epsilon: 0.6384
Step: 146200, Returns: -18.230, Epsilon: 0.6382
Step: 146300, Returns: -18.270, Epsilon: 0.6379
Step: 146400, Returns: -18.270, Epsilon: 0.6377
Step: 146500, Returns: -18.360, Epsilon: 0.6374
Updating target network...
Step: 146600, Returns: -18.300, Epsilon: 0.6372
Step: 146700, Returns: -18.300, Epsilon: 0.6369
Step: 146800, Returns: -18.310, Epsilon: 0.6367
Step: 146900, Returns: -18.310, Epsilon: 0.6364
Step: 147000, Returns: -18.270, Epsilon: 0.6362
Step: 147100, Returns: -18.270, Epsilon: 0.6359
Step: 147200, Returns: -18.250, Epsilon: 0.6357
Step: 147300, Returns: -18.260, Epsilon: 0.6354
Step: 147400, Returns: -18.300, Epsilon: 0.6352
Step: 147500, Returns: -18.300, Epsilon: 0.6349
Step: 147600, Returns: -18.310, Epsilon: 0.6347
Step: 147700, Returns: -18.310, Epsilon: 0.6344
Step: 147800, Returns: -18.320, Epsilon: 0.6342
Updating target network...
Step: 147900, Returns: -18.310, Epsilon: 0.6339
Step: 148000, Returns: -18.310, Epsilon: 0.6337
Step: 148100, Returns: -18.270, Epsilon: 0.6335
Step: 148200, Returns: -18.270, Epsilon: 0.6332
Step: 148300, Returns: -18.270, Epsilon: 0.6330
Step: 148400, Returns: -18.280, Epsilon: 0.6327
Step: 148500, Returns: -18.250, Epsilon: 0.6325
Step: 148600, Returns: -18.200, Epsilon: 0.6322
Step: 148700, Returns: -18.210, Epsilon: 0.6320
Step: 148800, Returns: -18.190, Epsilon: 0.6317
Step: 148900, Returns: -18.180, Epsilon: 0.6315
Step: 149000, Returns: -18.200, Epsilon: 0.6312
Updating target network...
Step: 149100, Returns: -18.170, Epsilon: 0.6310
Step: 149200, Returns: -18.170, Epsilon: 0.6307
Step: 149300, Returns: -18.190, Epsilon: 0.6305
Step: 149400, Returns: -18.200, Epsilon: 0.6302
Step: 149500, Returns: -18.200, Epsilon: 0.6300
Step: 149600, Returns: -18.200, Epsilon: 0.6297
Step: 149700, Returns: -18.200, Epsilon: 0.6295
Step: 149800, Returns: -18.220, Epsilon: 0.6292
Step: 149900, Returns: -18.190, Epsilon: 0.6290
Step: 150000, Returns: -18.200, Epsilon: 0.6288
Step: 150100, Returns: -18.180, Epsilon: 0.6285
Step: 150200, Returns: -18.190, Epsilon: 0.6283
Step: 150300, Returns: -18.190, Epsilon: 0.6280
Updating target network...
Step: 150400, Returns: -18.170, Epsilon: 0.6278
Step: 150500, Returns: -18.140, Epsilon: 0.6275
Step: 150600, Returns: -18.120, Epsilon: 0.6273
Step: 150700, Returns: -18.120, Epsilon: 0.6270
Step: 150800, Returns: -18.090, Epsilon: 0.6268
Step: 150900, Returns: -18.090, Epsilon: 0.6265
Step: 151000, Returns: -18.120, Epsilon: 0.6263
Step: 151100, Returns: -18.150, Epsilon: 0.6260
Step: 151200, Returns: -18.150, Epsilon: 0.6258
Step: 151300, Returns: -18.150, Epsilon: 0.6255
Step: 151400, Returns: -18.110, Epsilon: 0.6253
Step: 151500, Returns: -18.110, Epsilon: 0.6250
Updating target network...
Step: 151600, Returns: -18.090, Epsilon: 0.6248
Step: 151700, Returns: -18.090, Epsilon: 0.6245
Step: 151800, Returns: -18.110, Epsilon: 0.6243
Step: 151900, Returns: -18.030, Epsilon: 0.6240
Step: 152000, Returns: -18.060, Epsilon: 0.6238
Step: 152100, Returns: -18.080, Epsilon: 0.6236
Step: 152200, Returns: -18.070, Epsilon: 0.6233
Step: 152300, Returns: -18.070, Epsilon: 0.6231
Step: 152400, Returns: -18.070, Epsilon: 0.6228
Step: 152500, Returns: -18.100, Epsilon: 0.6226
Step: 152600, Returns: -18.010, Epsilon: 0.6223
Step: 152700, Returns: -17.980, Epsilon: 0.6221
Step: 152800, Returns: -18.000, Epsilon: 0.6218
Updating target network...
Step: 152900, Returns: -18.000, Epsilon: 0.6216
Step: 153000, Returns: -18.000, Epsilon: 0.6213
Step: 153100, Returns: -18.000, Epsilon: 0.6211
Step: 153200, Returns: -18.050, Epsilon: 0.6208
Step: 153300, Returns: -18.070, Epsilon: 0.6206
Step: 153400, Returns: -18.100, Epsilon: 0.6203
Step: 153500, Returns: -18.060, Epsilon: 0.6201
Step: 153600, Returns: -18.040, Epsilon: 0.6198
Step: 153700, Returns: -18.020, Epsilon: 0.6196
Step: 153800, Returns: -18.070, Epsilon: 0.6193
Step: 153900, Returns: -18.110, Epsilon: 0.6191
Step: 154000, Returns: -18.110, Epsilon: 0.6189
Updating target network...
Step: 154100, Returns: -18.100, Epsilon: 0.6186
Step: 154200, Returns: -18.140, Epsilon: 0.6184
Step: 154300, Returns: -18.130, Epsilon: 0.6181
Step: 154400, Returns: -18.130, Epsilon: 0.6179
Step: 154500, Returns: -18.140, Epsilon: 0.6176
Step: 154600, Returns: -18.140, Epsilon: 0.6174
Step: 154700, Returns: -18.200, Epsilon: 0.6171
Step: 154800, Returns: -18.170, Epsilon: 0.6169
Step: 154900, Returns: -18.170, Epsilon: 0.6166
Step: 155000, Returns: -18.130, Epsilon: 0.6164
Step: 155100, Returns: -18.160, Epsilon: 0.6161
Step: 155200, Returns: -18.160, Epsilon: 0.6159
Step: 155300, Returns: -18.140, Epsilon: 0.6156
Updating target network...
Step: 155400, Returns: -18.200, Epsilon: 0.6154
Step: 155500, Returns: -18.230, Epsilon: 0.6151
Step: 155600, Returns: -18.230, Epsilon: 0.6149
Step: 155700, Returns: -18.200, Epsilon: 0.6146
Step: 155800, Returns: -18.200, Epsilon: 0.6144
Step: 155900, Returns: -18.180, Epsilon: 0.6141
Step: 156000, Returns: -18.150, Epsilon: 0.6139
Step: 156100, Returns: -18.180, Epsilon: 0.6137
Step: 156200, Returns: -18.180, Epsilon: 0.6134
Step: 156300, Returns: -18.180, Epsilon: 0.6132
Step: 156400, Returns: -18.140, Epsilon: 0.6129
Step: 156500, Returns: -18.180, Epsilon: 0.6127
Updating target network...
Step: 156600, Returns: -18.140, Epsilon: 0.6124
Step: 156700, Returns: -18.170, Epsilon: 0.6122
Step: 156800, Returns: -18.140, Epsilon: 0.6119
Step: 156900, Returns: -18.140, Epsilon: 0.6117
Step: 157000, Returns: -18.130, Epsilon: 0.6114
Step: 157100, Returns: -18.130, Epsilon: 0.6112
Step: 157200, Returns: -18.190, Epsilon: 0.6109
Step: 157300, Returns: -18.190, Epsilon: 0.6107
Step: 157400, Returns: -18.190, Epsilon: 0.6104
Step: 157500, Returns: -18.160, Epsilon: 0.6102
Step: 157600, Returns: -18.160, Epsilon: 0.6099
Step: 157700, Returns: -18.180, Epsilon: 0.6097
Step: 157800, Returns: -18.160, Epsilon: 0.6094
Updating target network...
Step: 157900, Returns: -18.160, Epsilon: 0.6092
Step: 158000, Returns: -18.110, Epsilon: 0.6090
Step: 158100, Returns: -18.120, Epsilon: 0.6087
Step: 158200, Returns: -18.160, Epsilon: 0.6085
Step: 158300, Returns: -18.140, Epsilon: 0.6082
Step: 158400, Returns: -18.140, Epsilon: 0.6080
Step: 158500, Returns: -18.130, Epsilon: 0.6077
Step: 158600, Returns: -18.130, Epsilon: 0.6075
Step: 158700, Returns: -18.130, Epsilon: 0.6072
Step: 158800, Returns: -18.130, Epsilon: 0.6070
Step: 158900, Returns: -18.160, Epsilon: 0.6067
Step: 159000, Returns: -18.160, Epsilon: 0.6065
Updating target network...
Step: 159100, Returns: -18.210, Epsilon: 0.6062
Step: 159200, Returns: -18.230, Epsilon: 0.6060
Step: 159300, Returns: -18.230, Epsilon: 0.6057
Step: 159400, Returns: -18.230, Epsilon: 0.6055
Step: 159500, Returns: -18.200, Epsilon: 0.6052
Step: 159600, Returns: -18.190, Epsilon: 0.6050
Step: 159700, Returns: -18.200, Epsilon: 0.6047
Step: 159800, Returns: -18.210, Epsilon: 0.6045
Step: 159900, Returns: -18.090, Epsilon: 0.6042
Step: 160000, Returns: -18.040, Epsilon: 0.6040
Step: 160100, Returns: -18.040, Epsilon: 0.6038
Step: 160200, Returns: -17.970, Epsilon: 0.6035
Step: 160300, Returns: -17.970, Epsilon: 0.6033
Updating target network...
Step: 160400, Returns: -17.950, Epsilon: 0.6030
Step: 160500, Returns: -17.950, Epsilon: 0.6028
Step: 160600, Returns: -17.940, Epsilon: 0.6025
Step: 160700, Returns: -17.930, Epsilon: 0.6023
Step: 160800, Returns: -17.880, Epsilon: 0.6020
Step: 160900, Returns: -17.890, Epsilon: 0.6018
Step: 161000, Returns: -17.930, Epsilon: 0.6015
Step: 161100, Returns: -17.930, Epsilon: 0.6013
Step: 161200, Returns: -17.920, Epsilon: 0.6010
Step: 161300, Returns: -17.990, Epsilon: 0.6008
Step: 161400, Returns: -17.990, Epsilon: 0.6005
Step: 161500, Returns: -17.990, Epsilon: 0.6003
Updating target network...
Step: 161600, Returns: -17.990, Epsilon: 0.6000
Step: 161700, Returns: -17.990, Epsilon: 0.5998
Step: 161800, Returns: -17.990, Epsilon: 0.5995
Step: 161900, Returns: -18.020, Epsilon: 0.5993
Step: 162000, Returns: -17.960, Epsilon: 0.5991
Step: 162100, Returns: -17.940, Epsilon: 0.5988
Step: 162200, Returns: -17.910, Epsilon: 0.5986
Step: 162300, Returns: -17.910, Epsilon: 0.5983
Step: 162400, Returns: -17.870, Epsilon: 0.5981
Step: 162500, Returns: -17.870, Epsilon: 0.5978
Step: 162600, Returns: -17.870, Epsilon: 0.5976
Step: 162700, Returns: -17.850, Epsilon: 0.5973
Step: 162800, Returns: -17.850, Epsilon: 0.5971
Updating target network...
Step: 162900, Returns: -17.770, Epsilon: 0.5968
Step: 163000, Returns: -17.780, Epsilon: 0.5966
Step: 163100, Returns: -17.780, Epsilon: 0.5963
Step: 163200, Returns: -17.720, Epsilon: 0.5961
Step: 163300, Returns: -17.720, Epsilon: 0.5958
Step: 163400, Returns: -17.720, Epsilon: 0.5956
Step: 163500, Returns: -17.750, Epsilon: 0.5953
Step: 163600, Returns: -17.730, Epsilon: 0.5951
Step: 163700, Returns: -17.690, Epsilon: 0.5948
Step: 163800, Returns: -17.680, Epsilon: 0.5946
Step: 163900, Returns: -17.680, Epsilon: 0.5943
Step: 164000, Returns: -17.680, Epsilon: 0.5941
Updating target network...
Step: 164100, Returns: -17.640, Epsilon: 0.5939
Step: 164200, Returns: -17.640, Epsilon: 0.5936
Step: 164300, Returns: -17.620, Epsilon: 0.5934
Step: 164400, Returns: -17.620, Epsilon: 0.5931
Step: 164500, Returns: -17.620, Epsilon: 0.5929
Step: 164600, Returns: -17.550, Epsilon: 0.5926
Step: 164700, Returns: -17.550, Epsilon: 0.5924
Step: 164800, Returns: -17.550, Epsilon: 0.5921
Step: 164900, Returns: -17.550, Epsilon: 0.5919
Step: 165000, Returns: -17.560, Epsilon: 0.5916
Step: 165100, Returns: -17.560, Epsilon: 0.5914
Step: 165200, Returns: -17.530, Epsilon: 0.5911
Step: 165300, Returns: -17.530, Epsilon: 0.5909
Updating target network...
Step: 165400, Returns: -17.520, Epsilon: 0.5906
Step: 165500, Returns: -17.520, Epsilon: 0.5904
Step: 165600, Returns: -17.460, Epsilon: 0.5901
Step: 165700, Returns: -17.460, Epsilon: 0.5899
Step: 165800, Returns: -17.460, Epsilon: 0.5896
Step: 165900, Returns: -17.480, Epsilon: 0.5894
Step: 166000, Returns: -17.500, Epsilon: 0.5892
Step: 166100, Returns: -17.460, Epsilon: 0.5889
Step: 166200, Returns: -17.410, Epsilon: 0.5887
Step: 166300, Returns: -17.410, Epsilon: 0.5884
Step: 166400, Returns: -17.410, Epsilon: 0.5882
Step: 166500, Returns: -17.410, Epsilon: 0.5879
Updating target network...
Step: 166600, Returns: -17.400, Epsilon: 0.5877
Step: 166700, Returns: -17.370, Epsilon: 0.5874
Step: 166800, Returns: -17.370, Epsilon: 0.5872
Step: 166900, Returns: -17.370, Epsilon: 0.5869
Step: 167000, Returns: -17.330, Epsilon: 0.5867
Step: 167100, Returns: -17.330, Epsilon: 0.5864
Step: 167200, Returns: -17.320, Epsilon: 0.5862
Step: 167300, Returns: -17.330, Epsilon: 0.5859
Step: 167400, Returns: -17.290, Epsilon: 0.5857
Step: 167500, Returns: -17.290, Epsilon: 0.5854
Step: 167600, Returns: -17.290, Epsilon: 0.5852
Step: 167700, Returns: -17.250, Epsilon: 0.5849
Step: 167800, Returns: -17.230, Epsilon: 0.5847
Updating target network...
Step: 167900, Returns: -17.230, Epsilon: 0.5844
Step: 168000, Returns: -17.230, Epsilon: 0.5842
Step: 168100, Returns: -17.180, Epsilon: 0.5840
Step: 168200, Returns: -17.180, Epsilon: 0.5837
Step: 168300, Returns: -17.180, Epsilon: 0.5835
Step: 168400, Returns: -17.180, Epsilon: 0.5832
Step: 168500, Returns: -17.170, Epsilon: 0.5830
Step: 168600, Returns: -17.230, Epsilon: 0.5827
Step: 168700, Returns: -17.230, Epsilon: 0.5825
Step: 168800, Returns: -17.210, Epsilon: 0.5822
Step: 168900, Returns: -17.230, Epsilon: 0.5820
Step: 169000, Returns: -17.220, Epsilon: 0.5817
Updating target network...
Step: 169100, Returns: -17.250, Epsilon: 0.5815
Step: 169200, Returns: -17.300, Epsilon: 0.5812
Step: 169300, Returns: -17.300, Epsilon: 0.5810
Step: 169400, Returns: -17.290, Epsilon: 0.5807
Step: 169500, Returns: -17.290, Epsilon: 0.5805
Step: 169600, Returns: -17.250, Epsilon: 0.5802
Step: 169700, Returns: -17.250, Epsilon: 0.5800
Step: 169800, Returns: -17.250, Epsilon: 0.5797
Step: 169900, Returns: -17.240, Epsilon: 0.5795
Step: 170000, Returns: -17.260, Epsilon: 0.5793
Step: 170100, Returns: -17.300, Epsilon: 0.5790
Step: 170200, Returns: -17.280, Epsilon: 0.5788
Step: 170300, Returns: -17.250, Epsilon: 0.5785
Updating target network...
Step: 170400, Returns: -17.250, Epsilon: 0.5783
Step: 170500, Returns: -17.250, Epsilon: 0.5780
Step: 170600, Returns: -17.250, Epsilon: 0.5778
Step: 170700, Returns: -17.250, Epsilon: 0.5775
Step: 170800, Returns: -17.200, Epsilon: 0.5773
Step: 170900, Returns: -17.130, Epsilon: 0.5770
Step: 171000, Returns: -17.130, Epsilon: 0.5768
Step: 171100, Returns: -17.130, Epsilon: 0.5765
Step: 171200, Returns: -17.170, Epsilon: 0.5763
Step: 171300, Returns: -17.130, Epsilon: 0.5760
Step: 171400, Returns: -17.130, Epsilon: 0.5758
Step: 171500, Returns: -17.090, Epsilon: 0.5755
Updating target network...
Step: 171600, Returns: -17.130, Epsilon: 0.5753
Step: 171700, Returns: -17.080, Epsilon: 0.5750
Step: 171800, Returns: -17.080, Epsilon: 0.5748
Step: 171900, Returns: -17.100, Epsilon: 0.5745
Step: 172000, Returns: -17.150, Epsilon: 0.5743
Step: 172100, Returns: -17.150, Epsilon: 0.5741
Step: 172200, Returns: -17.150, Epsilon: 0.5738
Step: 172300, Returns: -17.130, Epsilon: 0.5736
Step: 172400, Returns: -17.120, Epsilon: 0.5733
Step: 172500, Returns: -17.120, Epsilon: 0.5731
Step: 172600, Returns: -17.120, Epsilon: 0.5728
Step: 172700, Returns: -17.100, Epsilon: 0.5726
Step: 172800, Returns: -17.100, Epsilon: 0.5723
Updating target network...
Step: 172900, Returns: -17.100, Epsilon: 0.5721
Step: 173000, Returns: -17.130, Epsilon: 0.5718
Step: 173100, Returns: -17.130, Epsilon: 0.5716
Step: 173200, Returns: -17.130, Epsilon: 0.5713
Step: 173300, Returns: -17.140, Epsilon: 0.5711
Step: 173400, Returns: -17.140, Epsilon: 0.5708
Step: 173500, Returns: -17.100, Epsilon: 0.5706
Step: 173600, Returns: -17.100, Epsilon: 0.5703
Step: 173700, Returns: -17.100, Epsilon: 0.5701
Step: 173800, Returns: -17.100, Epsilon: 0.5698
Step: 173900, Returns: -17.050, Epsilon: 0.5696
Step: 174000, Returns: -17.080, Epsilon: 0.5694
Updating target network...
Step: 174100, Returns: -17.080, Epsilon: 0.5691
Step: 174200, Returns: -17.040, Epsilon: 0.5689
Step: 174300, Returns: -17.080, Epsilon: 0.5686
Step: 174400, Returns: -17.090, Epsilon: 0.5684
Step: 174500, Returns: -17.090, Epsilon: 0.5681
Step: 174600, Returns: -17.050, Epsilon: 0.5679
Step: 174700, Returns: -17.050, Epsilon: 0.5676
Step: 174800, Returns: -17.060, Epsilon: 0.5674
Step: 174900, Returns: -17.060, Epsilon: 0.5671
Step: 175000, Returns: -17.060, Epsilon: 0.5669
Step: 175100, Returns: -17.060, Epsilon: 0.5666
Step: 175200, Returns: -17.060, Epsilon: 0.5664
Step: 175300, Returns: -17.060, Epsilon: 0.5661
Updating target network...
Step: 175400, Returns: -17.020, Epsilon: 0.5659
Step: 175500, Returns: -17.020, Epsilon: 0.5656
Step: 175600, Returns: -17.000, Epsilon: 0.5654
Step: 175700, Returns: -16.990, Epsilon: 0.5651
Step: 175800, Returns: -16.980, Epsilon: 0.5649
Step: 175900, Returns: -17.010, Epsilon: 0.5646
Step: 176000, Returns: -17.010, Epsilon: 0.5644
Step: 176100, Returns: -17.010, Epsilon: 0.5642
Step: 176200, Returns: -17.000, Epsilon: 0.5639
Step: 176300, Returns: -16.940, Epsilon: 0.5637
Step: 176400, Returns: -16.960, Epsilon: 0.5634
Step: 176500, Returns: -17.040, Epsilon: 0.5632
Updating target network...
Step: 176600, Returns: -17.040, Epsilon: 0.5629
Step: 176700, Returns: -17.040, Epsilon: 0.5627
Step: 176800, Returns: -17.040, Epsilon: 0.5624
Step: 176900, Returns: -17.030, Epsilon: 0.5622
Step: 177000, Returns: -17.040, Epsilon: 0.5619
Step: 177100, Returns: -17.040, Epsilon: 0.5617
Step: 177200, Returns: -17.040, Epsilon: 0.5614
Step: 177300, Returns: -17.030, Epsilon: 0.5612
Step: 177400, Returns: -17.070, Epsilon: 0.5609
Step: 177500, Returns: -17.010, Epsilon: 0.5607
Step: 177600, Returns: -17.050, Epsilon: 0.5604
Step: 177700, Returns: -17.100, Epsilon: 0.5602
Step: 177800, Returns: -17.120, Epsilon: 0.5599
Updating target network...
Step: 177900, Returns: -17.100, Epsilon: 0.5597
Step: 178000, Returns: -17.100, Epsilon: 0.5595
Step: 178100, Returns: -17.100, Epsilon: 0.5592
Step: 178200, Returns: -17.130, Epsilon: 0.5590
Step: 178300, Returns: -17.080, Epsilon: 0.5587
Step: 178400, Returns: -17.080, Epsilon: 0.5585
Step: 178500, Returns: -17.150, Epsilon: 0.5582
Step: 178600, Returns: -17.190, Epsilon: 0.5580
Step: 178700, Returns: -17.150, Epsilon: 0.5577
Step: 178800, Returns: -17.150, Epsilon: 0.5575
Step: 178900, Returns: -17.160, Epsilon: 0.5572
Step: 179000, Returns: -17.210, Epsilon: 0.5570
Updating target network...
Step: 179100, Returns: -17.230, Epsilon: 0.5567
Step: 179200, Returns: -17.240, Epsilon: 0.5565
Step: 179300, Returns: -17.240, Epsilon: 0.5562
Step: 179400, Returns: -17.240, Epsilon: 0.5560
Step: 179500, Returns: -17.240, Epsilon: 0.5557
Step: 179600, Returns: -17.170, Epsilon: 0.5555
Step: 179700, Returns: -17.160, Epsilon: 0.5552
Step: 179800, Returns: -17.160, Epsilon: 0.5550
Step: 179900, Returns: -17.160, Epsilon: 0.5547
Step: 180000, Returns: -17.140, Epsilon: 0.5545
Step: 180100, Returns: -17.110, Epsilon: 0.5543
Step: 180200, Returns: -17.120, Epsilon: 0.5540
Step: 180300, Returns: -17.120, Epsilon: 0.5538
Updating target network...
Step: 180400, Returns: -17.160, Epsilon: 0.5535
Step: 180500, Returns: -17.160, Epsilon: 0.5533
Step: 180600, Returns: -17.250, Epsilon: 0.5530
Step: 180700, Returns: -17.120, Epsilon: 0.5528
Step: 180800, Returns: -17.130, Epsilon: 0.5525
Step: 180900, Returns: -17.130, Epsilon: 0.5523
Step: 181000, Returns: -17.090, Epsilon: 0.5520
Step: 181100, Returns: -17.120, Epsilon: 0.5518
Step: 181200, Returns: -17.120, Epsilon: 0.5515
Step: 181300, Returns: -17.160, Epsilon: 0.5513
Step: 181400, Returns: -17.160, Epsilon: 0.5510
Step: 181500, Returns: -17.190, Epsilon: 0.5508
Updating target network...
Step: 181600, Returns: -17.180, Epsilon: 0.5505
Step: 181700, Returns: -17.180, Epsilon: 0.5503
Step: 181800, Returns: -17.180, Epsilon: 0.5500
Step: 181900, Returns: -17.180, Epsilon: 0.5498
Step: 182000, Returns: -17.190, Epsilon: 0.5496
Step: 182100, Returns: -17.200, Epsilon: 0.5493
Step: 182200, Returns: -17.170, Epsilon: 0.5491
Step: 182300, Returns: -17.200, Epsilon: 0.5488
Step: 182400, Returns: -17.200, Epsilon: 0.5486
Step: 182500, Returns: -17.180, Epsilon: 0.5483
Step: 182600, Returns: -17.170, Epsilon: 0.5481
Step: 182700, Returns: -17.170, Epsilon: 0.5478
Step: 182800, Returns: -17.170, Epsilon: 0.5476
Updating target network...
Step: 182900, Returns: -17.160, Epsilon: 0.5473
Step: 183000, Returns: -17.170, Epsilon: 0.5471
Step: 183100, Returns: -17.170, Epsilon: 0.5468
Step: 183200, Returns: -17.200, Epsilon: 0.5466
Step: 183300, Returns: -17.230, Epsilon: 0.5463
Step: 183400, Returns: -17.230, Epsilon: 0.5461
Step: 183500, Returns: -17.260, Epsilon: 0.5458
Step: 183600, Returns: -17.250, Epsilon: 0.5456
Step: 183700, Returns: -17.250, Epsilon: 0.5453
Step: 183800, Returns: -17.230, Epsilon: 0.5451
Step: 183900, Returns: -17.210, Epsilon: 0.5448
Step: 184000, Returns: -17.210, Epsilon: 0.5446
Updating target network...
Step: 184100, Returns: -17.210, Epsilon: 0.5444
Step: 184200, Returns: -17.230, Epsilon: 0.5441
Step: 184300, Returns: -17.240, Epsilon: 0.5439
Step: 184400, Returns: -17.200, Epsilon: 0.5436
Step: 184500, Returns: -17.280, Epsilon: 0.5434
Step: 184600, Returns: -17.280, Epsilon: 0.5431
Step: 184700, Returns: -17.280, Epsilon: 0.5429
Step: 184800, Returns: -17.280, Epsilon: 0.5426
Step: 184900, Returns: -17.300, Epsilon: 0.5424
Step: 185000, Returns: -17.380, Epsilon: 0.5421
Step: 185100, Returns: -17.400, Epsilon: 0.5419
Step: 185200, Returns: -17.400, Epsilon: 0.5416
Step: 185300, Returns: -17.420, Epsilon: 0.5414
Updating target network...
Step: 185400, Returns: -17.420, Epsilon: 0.5411
Step: 185500, Returns: -17.420, Epsilon: 0.5409
Step: 185600, Returns: -17.450, Epsilon: 0.5406
Step: 185700, Returns: -17.450, Epsilon: 0.5404
Step: 185800, Returns: -17.460, Epsilon: 0.5401
Step: 185900, Returns: -17.440, Epsilon: 0.5399
Step: 186000, Returns: -17.440, Epsilon: 0.5397
Step: 186100, Returns: -17.460, Epsilon: 0.5394
Step: 186200, Returns: -17.460, Epsilon: 0.5392
Step: 186300, Returns: -17.440, Epsilon: 0.5389
Step: 186400, Returns: -17.480, Epsilon: 0.5387
Step: 186500, Returns: -17.470, Epsilon: 0.5384
Updating target network...
Step: 186600, Returns: -17.520, Epsilon: 0.5382
Step: 186700, Returns: -17.490, Epsilon: 0.5379
Step: 186800, Returns: -17.470, Epsilon: 0.5377
Step: 186900, Returns: -17.470, Epsilon: 0.5374
Step: 187000, Returns: -17.470, Epsilon: 0.5372
Step: 187100, Returns: -17.430, Epsilon: 0.5369
Step: 187200, Returns: -17.430, Epsilon: 0.5367
Step: 187300, Returns: -17.430, Epsilon: 0.5364
Step: 187400, Returns: -17.440, Epsilon: 0.5362
Step: 187500, Returns: -17.410, Epsilon: 0.5359
Step: 187600, Returns: -17.410, Epsilon: 0.5357
Step: 187700, Returns: -17.410, Epsilon: 0.5354
Step: 187800, Returns: -17.400, Epsilon: 0.5352
Updating target network...
Step: 187900, Returns: -17.380, Epsilon: 0.5349
Step: 188000, Returns: -17.390, Epsilon: 0.5347
Step: 188100, Returns: -17.400, Epsilon: 0.5345
Step: 188200, Returns: -17.410, Epsilon: 0.5342
Step: 188300, Returns: -17.410, Epsilon: 0.5340
Step: 188400, Returns: -17.410, Epsilon: 0.5337
Step: 188500, Returns: -17.410, Epsilon: 0.5335
Step: 188600, Returns: -17.440, Epsilon: 0.5332
Step: 188700, Returns: -17.410, Epsilon: 0.5330
Step: 188800, Returns: -17.410, Epsilon: 0.5327
Step: 188900, Returns: -17.430, Epsilon: 0.5325
Step: 189000, Returns: -17.430, Epsilon: 0.5322
Updating target network...
Step: 189100, Returns: -17.430, Epsilon: 0.5320
Step: 189200, Returns: -17.480, Epsilon: 0.5317
Step: 189300, Returns: -17.510, Epsilon: 0.5315
Step: 189400, Returns: -17.520, Epsilon: 0.5312
Step: 189500, Returns: -17.460, Epsilon: 0.5310
Step: 189600, Returns: -17.450, Epsilon: 0.5307
Step: 189700, Returns: -17.450, Epsilon: 0.5305
Step: 189800, Returns: -17.420, Epsilon: 0.5302
Step: 189900, Returns: -17.420, Epsilon: 0.5300
Step: 190000, Returns: -17.430, Epsilon: 0.5298
Step: 190100, Returns: -17.430, Epsilon: 0.5295
Step: 190200, Returns: -17.410, Epsilon: 0.5293
Step: 190300, Returns: -17.410, Epsilon: 0.5290
Updating target network...
Step: 190400, Returns: -17.460, Epsilon: 0.5288
Step: 190500, Returns: -17.470, Epsilon: 0.5285
Step: 190600, Returns: -17.460, Epsilon: 0.5283
Step: 190700, Returns: -17.470, Epsilon: 0.5280
Step: 190800, Returns: -17.470, Epsilon: 0.5278
Step: 190900, Returns: -17.440, Epsilon: 0.5275
Step: 191000, Returns: -17.450, Epsilon: 0.5273
Step: 191100, Returns: -17.440, Epsilon: 0.5270
Step: 191200, Returns: -17.440, Epsilon: 0.5268
Step: 191300, Returns: -17.440, Epsilon: 0.5265
Step: 191400, Returns: -17.410, Epsilon: 0.5263
Step: 191500, Returns: -17.440, Epsilon: 0.5260
Updating target network...
Step: 191600, Returns: -17.480, Epsilon: 0.5258
Step: 191700, Returns: -17.480, Epsilon: 0.5255
Step: 191800, Returns: -17.450, Epsilon: 0.5253
Step: 191900, Returns: -17.450, Epsilon: 0.5250
Step: 192000, Returns: -17.420, Epsilon: 0.5248
Step: 192100, Returns: -17.450, Epsilon: 0.5246
Step: 192200, Returns: -17.450, Epsilon: 0.5243
Step: 192300, Returns: -17.450, Epsilon: 0.5241
Step: 192400, Returns: -17.420, Epsilon: 0.5238
Step: 192500, Returns: -17.420, Epsilon: 0.5236
Step: 192600, Returns: -17.420, Epsilon: 0.5233
Step: 192700, Returns: -17.360, Epsilon: 0.5231
Step: 192800, Returns: -17.360, Epsilon: 0.5228
Updating target network...
Step: 192900, Returns: -17.350, Epsilon: 0.5226
Step: 193000, Returns: -17.340, Epsilon: 0.5223
Step: 193100, Returns: -17.410, Epsilon: 0.5221
Step: 193200, Returns: -17.420, Epsilon: 0.5218
Step: 193300, Returns: -17.410, Epsilon: 0.5216
Step: 193400, Returns: -17.410, Epsilon: 0.5213
Step: 193500, Returns: -17.410, Epsilon: 0.5211
Step: 193600, Returns: -17.410, Epsilon: 0.5208
Step: 193700, Returns: -17.430, Epsilon: 0.5206
Step: 193800, Returns: -17.430, Epsilon: 0.5203
Step: 193900, Returns: -17.380, Epsilon: 0.5201
Step: 194000, Returns: -17.380, Epsilon: 0.5199
Updating target network...
Step: 194100, Returns: -17.340, Epsilon: 0.5196
Step: 194200, Returns: -17.340, Epsilon: 0.5194
Step: 194300, Returns: -17.350, Epsilon: 0.5191
Step: 194400, Returns: -17.290, Epsilon: 0.5189
Step: 194500, Returns: -17.250, Epsilon: 0.5186
Step: 194600, Returns: -17.240, Epsilon: 0.5184
Step: 194700, Returns: -17.190, Epsilon: 0.5181
Step: 194800, Returns: -17.190, Epsilon: 0.5179
Step: 194900, Returns: -17.190, Epsilon: 0.5176
Step: 195000, Returns: -17.150, Epsilon: 0.5174
Step: 195100, Returns: -17.150, Epsilon: 0.5171
Step: 195200, Returns: -17.150, Epsilon: 0.5169
Step: 195300, Returns: -17.140, Epsilon: 0.5166
Updating target network...
Step: 195400, Returns: -17.140, Epsilon: 0.5164
Step: 195500, Returns: -17.090, Epsilon: 0.5161
Step: 195600, Returns: -17.110, Epsilon: 0.5159
Step: 195700, Returns: -17.120, Epsilon: 0.5156
Step: 195800, Returns: -17.090, Epsilon: 0.5154
Step: 195900, Returns: -17.090, Epsilon: 0.5151
Step: 196000, Returns: -17.020, Epsilon: 0.5149
Step: 196100, Returns: -17.020, Epsilon: 0.5147
Step: 196200, Returns: -17.050, Epsilon: 0.5144
Step: 196300, Returns: -17.050, Epsilon: 0.5142
Step: 196400, Returns: -17.030, Epsilon: 0.5139
Step: 196500, Returns: -17.020, Epsilon: 0.5137
Updating target network...
Step: 196600, Returns: -16.910, Epsilon: 0.5134
Step: 196700, Returns: -16.910, Epsilon: 0.5132
Step: 196800, Returns: -16.930, Epsilon: 0.5129
Step: 196900, Returns: -16.860, Epsilon: 0.5127
Step: 197000, Returns: -16.910, Epsilon: 0.5124
Step: 197100, Returns: -16.870, Epsilon: 0.5122
Step: 197200, Returns: -16.880, Epsilon: 0.5119
Step: 197300, Returns: -16.860, Epsilon: 0.5117
Step: 197400, Returns: -16.870, Epsilon: 0.5114
Step: 197500, Returns: -16.900, Epsilon: 0.5112
Step: 197600, Returns: -16.920, Epsilon: 0.5109
Step: 197700, Returns: -16.920, Epsilon: 0.5107
Step: 197800, Returns: -16.920, Epsilon: 0.5104
Updating target network...
Step: 197900, Returns: -16.910, Epsilon: 0.5102
Step: 198000, Returns: -16.910, Epsilon: 0.5100
Step: 198100, Returns: -16.910, Epsilon: 0.5097
Step: 198200, Returns: -16.920, Epsilon: 0.5095
Step: 198300, Returns: -16.860, Epsilon: 0.5092
Step: 198400, Returns: -16.880, Epsilon: 0.5090
Step: 198500, Returns: -16.830, Epsilon: 0.5087
Step: 198600, Returns: -16.830, Epsilon: 0.5085
Step: 198700, Returns: -16.830, Epsilon: 0.5082
Step: 198800, Returns: -16.810, Epsilon: 0.5080
Step: 198900, Returns: -16.790, Epsilon: 0.5077
Step: 199000, Returns: -16.790, Epsilon: 0.5075
Updating target network...
Step: 199100, Returns: -16.750, Epsilon: 0.5072
Step: 199200, Returns: -16.810, Epsilon: 0.5070
Step: 199300, Returns: -16.790, Epsilon: 0.5067
Step: 199400, Returns: -16.790, Epsilon: 0.5065
Step: 199500, Returns: -16.780, Epsilon: 0.5062
Step: 199600, Returns: -16.780, Epsilon: 0.5060
Step: 199700, Returns: -16.780, Epsilon: 0.5057
Step: 199800, Returns: -16.810, Epsilon: 0.5055
Step: 199900, Returns: -16.810, Epsilon: 0.5052
Step: 200000, Returns: -16.750, Epsilon: 0.5050
Step: 200100, Returns: -16.750, Epsilon: 0.5048
Step: 200200, Returns: -16.780, Epsilon: 0.5045
Step: 200300, Returns: -16.800, Epsilon: 0.5043
Updating target network...
Step: 200400, Returns: -16.860, Epsilon: 0.5040
Step: 200500, Returns: -16.860, Epsilon: 0.5038
Step: 200600, Returns: -16.870, Epsilon: 0.5035
Step: 200700, Returns: -16.880, Epsilon: 0.5033
Step: 200800, Returns: -16.880, Epsilon: 0.5030
Step: 200900, Returns: -16.880, Epsilon: 0.5028
Step: 201000, Returns: -16.880, Epsilon: 0.5025
Step: 201100, Returns: -16.880, Epsilon: 0.5023
Step: 201200, Returns: -16.880, Epsilon: 0.5020
Step: 201300, Returns: -16.860, Epsilon: 0.5018
Step: 201400, Returns: -16.860, Epsilon: 0.5015
Step: 201500, Returns: -16.920, Epsilon: 0.5013
Updating target network...
Step: 201600, Returns: -16.960, Epsilon: 0.5010
Step: 201700, Returns: -16.990, Epsilon: 0.5008
Step: 201800, Returns: -16.980, Epsilon: 0.5005
Step: 201900, Returns: -16.980, Epsilon: 0.5003
Step: 202000, Returns: -16.960, Epsilon: 0.5001
Step: 202100, Returns: -16.960, Epsilon: 0.4998
Step: 202200, Returns: -16.910, Epsilon: 0.4996
Step: 202300, Returns: -16.880, Epsilon: 0.4993
Step: 202400, Returns: -16.880, Epsilon: 0.4991
Step: 202500, Returns: -16.880, Epsilon: 0.4988
Step: 202600, Returns: -16.830, Epsilon: 0.4986
Step: 202700, Returns: -16.870, Epsilon: 0.4983
Step: 202800, Returns: -16.860, Epsilon: 0.4981
Updating target network...
Step: 202900, Returns: -16.860, Epsilon: 0.4978
Step: 203000, Returns: -16.840, Epsilon: 0.4976
Step: 203100, Returns: -16.730, Epsilon: 0.4973
Step: 203200, Returns: -16.750, Epsilon: 0.4971
Step: 203300, Returns: -16.740, Epsilon: 0.4968
Step: 203400, Returns: -16.800, Epsilon: 0.4966
Step: 203500, Returns: -16.800, Epsilon: 0.4963
Step: 203600, Returns: -16.820, Epsilon: 0.4961
Step: 203700, Returns: -16.830, Epsilon: 0.4958
Step: 203800, Returns: -16.830, Epsilon: 0.4956
Step: 203900, Returns: -16.830, Epsilon: 0.4953
Step: 204000, Returns: -16.830, Epsilon: 0.4951
Updating target network...
Step: 204100, Returns: -16.820, Epsilon: 0.4949
Step: 204200, Returns: -16.800, Epsilon: 0.4946
Step: 204300, Returns: -16.800, Epsilon: 0.4944
Step: 204400, Returns: -16.750, Epsilon: 0.4941
Step: 204500, Returns: -16.750, Epsilon: 0.4939
Step: 204600, Returns: -16.770, Epsilon: 0.4936
Step: 204700, Returns: -16.730, Epsilon: 0.4934
Step: 204800, Returns: -16.730, Epsilon: 0.4931
Step: 204900, Returns: -16.760, Epsilon: 0.4929
Step: 205000, Returns: -16.760, Epsilon: 0.4926
Step: 205100, Returns: -16.760, Epsilon: 0.4924
Step: 205200, Returns: -16.780, Epsilon: 0.4921
Step: 205300, Returns: -16.650, Epsilon: 0.4919
Updating target network...
Step: 205400, Returns: -16.650, Epsilon: 0.4916
Step: 205500, Returns: -16.650, Epsilon: 0.4914
Step: 205600, Returns: -16.640, Epsilon: 0.4911
Step: 205700, Returns: -16.650, Epsilon: 0.4909
Step: 205800, Returns: -16.690, Epsilon: 0.4906
Step: 205900, Returns: -16.690, Epsilon: 0.4904
Step: 206000, Returns: -16.680, Epsilon: 0.4902
Step: 206100, Returns: -16.650, Epsilon: 0.4899
Step: 206200, Returns: -16.670, Epsilon: 0.4897
Step: 206300, Returns: -16.770, Epsilon: 0.4894
Step: 206400, Returns: -16.770, Epsilon: 0.4892
Step: 206500, Returns: -16.770, Epsilon: 0.4889
Updating target network...
Step: 206600, Returns: -16.770, Epsilon: 0.4887
Step: 206700, Returns: -16.750, Epsilon: 0.4884
Step: 206800, Returns: -16.730, Epsilon: 0.4882
Step: 206900, Returns: -16.680, Epsilon: 0.4879
Step: 207000, Returns: -16.680, Epsilon: 0.4877
Step: 207100, Returns: -16.670, Epsilon: 0.4874
Step: 207200, Returns: -16.680, Epsilon: 0.4872
Step: 207300, Returns: -16.650, Epsilon: 0.4869
Step: 207400, Returns: -16.640, Epsilon: 0.4867
Step: 207500, Returns: -16.640, Epsilon: 0.4864
Step: 207600, Returns: -16.610, Epsilon: 0.4862
Step: 207700, Returns: -16.590, Epsilon: 0.4859
Step: 207800, Returns: -16.570, Epsilon: 0.4857
Updating target network...
Step: 207900, Returns: -16.540, Epsilon: 0.4854
Step: 208000, Returns: -16.560, Epsilon: 0.4852
Step: 208100, Returns: -16.550, Epsilon: 0.4850
Step: 208200, Returns: -16.540, Epsilon: 0.4847
Step: 208300, Returns: -16.550, Epsilon: 0.4845
Step: 208400, Returns: -16.570, Epsilon: 0.4842
Step: 208500, Returns: -16.570, Epsilon: 0.4840
Step: 208600, Returns: -16.570, Epsilon: 0.4837
Step: 208700, Returns: -16.640, Epsilon: 0.4835
Step: 208800, Returns: -16.640, Epsilon: 0.4832
Step: 208900, Returns: -16.600, Epsilon: 0.4830
Step: 209000, Returns: -16.640, Epsilon: 0.4827
Updating target network...
Step: 209100, Returns: -16.600, Epsilon: 0.4825
Step: 209200, Returns: -16.650, Epsilon: 0.4822
Step: 209300, Returns: -16.660, Epsilon: 0.4820
Step: 209400, Returns: -16.680, Epsilon: 0.4817
Step: 209500, Returns: -16.660, Epsilon: 0.4815
Step: 209600, Returns: -16.660, Epsilon: 0.4812
Step: 209700, Returns: -16.660, Epsilon: 0.4810
Step: 209800, Returns: -16.680, Epsilon: 0.4807
Step: 209900, Returns: -16.640, Epsilon: 0.4805
Step: 210000, Returns: -16.640, Epsilon: 0.4803
Step: 210100, Returns: -16.660, Epsilon: 0.4800
Step: 210200, Returns: -16.640, Epsilon: 0.4798
Step: 210300, Returns: -16.640, Epsilon: 0.4795
Updating target network...
Step: 210400, Returns: -16.640, Epsilon: 0.4793
Step: 210500, Returns: -16.610, Epsilon: 0.4790
Step: 210600, Returns: -16.610, Epsilon: 0.4788
Step: 210700, Returns: -16.580, Epsilon: 0.4785
Step: 210800, Returns: -16.470, Epsilon: 0.4783
Step: 210900, Returns: -16.470, Epsilon: 0.4780
Step: 211000, Returns: -16.470, Epsilon: 0.4778
Step: 211100, Returns: -16.470, Epsilon: 0.4775
Step: 211200, Returns: -16.440, Epsilon: 0.4773
Step: 211300, Returns: -16.400, Epsilon: 0.4770
Step: 211400, Returns: -16.400, Epsilon: 0.4768
Step: 211500, Returns: -16.380, Epsilon: 0.4765
Updating target network...
Step: 211600, Returns: -16.380, Epsilon: 0.4763
Step: 211700, Returns: -16.380, Epsilon: 0.4760
Step: 211800, Returns: -16.350, Epsilon: 0.4758
Step: 211900, Returns: -16.350, Epsilon: 0.4755
Step: 212000, Returns: -16.270, Epsilon: 0.4753
Step: 212100, Returns: -16.270, Epsilon: 0.4751
Step: 212200, Returns: -16.270, Epsilon: 0.4748
Step: 212300, Returns: -16.260, Epsilon: 0.4746
Step: 212400, Returns: -16.250, Epsilon: 0.4743
Step: 212500, Returns: -16.270, Epsilon: 0.4741
Step: 212600, Returns: -16.320, Epsilon: 0.4738
Step: 212700, Returns: -16.300, Epsilon: 0.4736
Step: 212800, Returns: -16.300, Epsilon: 0.4733
Updating target network...
Step: 212900, Returns: -16.290, Epsilon: 0.4731
Step: 213000, Returns: -16.340, Epsilon: 0.4728
Step: 213100, Returns: -16.340, Epsilon: 0.4726
Step: 213200, Returns: -16.360, Epsilon: 0.4723
Step: 213300, Returns: -16.380, Epsilon: 0.4721
Step: 213400, Returns: -16.380, Epsilon: 0.4718
Step: 213500, Returns: -16.380, Epsilon: 0.4716
Step: 213600, Returns: -16.330, Epsilon: 0.4713
Step: 213700, Returns: -16.330, Epsilon: 0.4711
Step: 213800, Returns: -16.320, Epsilon: 0.4708
Step: 213900, Returns: -16.320, Epsilon: 0.4706
Step: 214000, Returns: -16.330, Epsilon: 0.4704
Updating target network...
Step: 214100, Returns: -16.410, Epsilon: 0.4701
Step: 214200, Returns: -16.410, Epsilon: 0.4699
Step: 214300, Returns: -16.410, Epsilon: 0.4696
Step: 214400, Returns: -16.410, Epsilon: 0.4694
Step: 214500, Returns: -16.440, Epsilon: 0.4691
Step: 214600, Returns: -16.430, Epsilon: 0.4689
Step: 214700, Returns: -16.430, Epsilon: 0.4686
Step: 214800, Returns: -16.440, Epsilon: 0.4684
Step: 214900, Returns: -16.440, Epsilon: 0.4681
Step: 215000, Returns: -16.440, Epsilon: 0.4679
Step: 215100, Returns: -16.470, Epsilon: 0.4676
Step: 215200, Returns: -16.540, Epsilon: 0.4674
Step: 215300, Returns: -16.540, Epsilon: 0.4671
Updating target network...
Step: 215400, Returns: -16.540, Epsilon: 0.4669
Step: 215500, Returns: -16.540, Epsilon: 0.4666
Step: 215600, Returns: -16.540, Epsilon: 0.4664
Step: 215700, Returns: -16.570, Epsilon: 0.4661
Step: 215800, Returns: -16.520, Epsilon: 0.4659
Step: 215900, Returns: -16.560, Epsilon: 0.4656
Step: 216000, Returns: -16.530, Epsilon: 0.4654
Step: 216100, Returns: -16.500, Epsilon: 0.4652
Step: 216200, Returns: -16.500, Epsilon: 0.4649
Step: 216300, Returns: -16.490, Epsilon: 0.4647
Step: 216400, Returns: -16.490, Epsilon: 0.4644
Step: 216500, Returns: -16.510, Epsilon: 0.4642
Updating target network...
Step: 216600, Returns: -16.540, Epsilon: 0.4639
Step: 216700, Returns: -16.540, Epsilon: 0.4637
Step: 216800, Returns: -16.540, Epsilon: 0.4634
Step: 216900, Returns: -16.610, Epsilon: 0.4632
Step: 217000, Returns: -16.610, Epsilon: 0.4629
Step: 217100, Returns: -16.600, Epsilon: 0.4627
Step: 217200, Returns: -16.610, Epsilon: 0.4624
Step: 217300, Returns: -16.610, Epsilon: 0.4622
Step: 217400, Returns: -16.610, Epsilon: 0.4619
Step: 217500, Returns: -16.600, Epsilon: 0.4617
Step: 217600, Returns: -16.610, Epsilon: 0.4614
Step: 217700, Returns: -16.610, Epsilon: 0.4612
Step: 217800, Returns: -16.620, Epsilon: 0.4609
Updating target network...
Step: 217900, Returns: -16.620, Epsilon: 0.4607
Step: 218000, Returns: -16.600, Epsilon: 0.4605
Step: 218100, Returns: -16.550, Epsilon: 0.4602
Step: 218200, Returns: -16.550, Epsilon: 0.4600
Step: 218300, Returns: -16.430, Epsilon: 0.4597
Step: 218400, Returns: -16.430, Epsilon: 0.4595
Step: 218500, Returns: -16.390, Epsilon: 0.4592
Step: 218600, Returns: -16.390, Epsilon: 0.4590
Step: 218700, Returns: -16.390, Epsilon: 0.4587
Step: 218800, Returns: -16.400, Epsilon: 0.4585
Step: 218900, Returns: -16.400, Epsilon: 0.4582
Step: 219000, Returns: -16.400, Epsilon: 0.4580
Updating target network...
Step: 219100, Returns: -16.400, Epsilon: 0.4577
Step: 219200, Returns: -16.410, Epsilon: 0.4575
Step: 219300, Returns: -16.440, Epsilon: 0.4572
Step: 219400, Returns: -16.490, Epsilon: 0.4570
Step: 219500, Returns: -16.490, Epsilon: 0.4567
Step: 219600, Returns: -16.540, Epsilon: 0.4565
Step: 219700, Returns: -16.520, Epsilon: 0.4562
Step: 219800, Returns: -16.520, Epsilon: 0.4560
Step: 219900, Returns: -16.530, Epsilon: 0.4557
Step: 220000, Returns: -16.470, Epsilon: 0.4555
Step: 220100, Returns: -16.470, Epsilon: 0.4553
Step: 220200, Returns: -16.470, Epsilon: 0.4550
Step: 220300, Returns: -16.470, Epsilon: 0.4548
Updating target network...
Step: 220400, Returns: -16.460, Epsilon: 0.4545
Step: 220500, Returns: -16.440, Epsilon: 0.4543
Step: 220600, Returns: -16.440, Epsilon: 0.4540
Step: 220700, Returns: -16.420, Epsilon: 0.4538
Step: 220800, Returns: -16.430, Epsilon: 0.4535
Step: 220900, Returns: -16.440, Epsilon: 0.4533
Step: 221000, Returns: -16.440, Epsilon: 0.4530
Step: 221100, Returns: -16.500, Epsilon: 0.4528
Step: 221200, Returns: -16.500, Epsilon: 0.4525
Step: 221300, Returns: -16.490, Epsilon: 0.4523
Step: 221400, Returns: -16.480, Epsilon: 0.4520
Step: 221500, Returns: -16.480, Epsilon: 0.4518
Updating target network...
Step: 221600, Returns: -16.480, Epsilon: 0.4515
Step: 221700, Returns: -16.440, Epsilon: 0.4513
Step: 221800, Returns: -16.440, Epsilon: 0.4510
Step: 221900, Returns: -16.450, Epsilon: 0.4508
Step: 222000, Returns: -16.450, Epsilon: 0.4506
Step: 222100, Returns: -16.450, Epsilon: 0.4503
Step: 222200, Returns: -16.480, Epsilon: 0.4501
Step: 222300, Returns: -16.480, Epsilon: 0.4498
Step: 222400, Returns: -16.480, Epsilon: 0.4496
Step: 222500, Returns: -16.470, Epsilon: 0.4493
Step: 222600, Returns: -16.550, Epsilon: 0.4491
Step: 222700, Returns: -16.570, Epsilon: 0.4488
Step: 222800, Returns: -16.510, Epsilon: 0.4486
Updating target network...
Step: 222900, Returns: -16.540, Epsilon: 0.4483
Step: 223000, Returns: -16.540, Epsilon: 0.4481
Step: 223100, Returns: -16.520, Epsilon: 0.4478
Step: 223200, Returns: -16.520, Epsilon: 0.4476
Step: 223300, Returns: -16.520, Epsilon: 0.4473
Step: 223400, Returns: -16.530, Epsilon: 0.4471
Step: 223500, Returns: -16.530, Epsilon: 0.4468
Step: 223600, Returns: -16.510, Epsilon: 0.4466
Step: 223700, Returns: -16.510, Epsilon: 0.4463
Step: 223800, Returns: -16.430, Epsilon: 0.4461
Step: 223900, Returns: -16.410, Epsilon: 0.4458
Step: 224000, Returns: -16.390, Epsilon: 0.4456
Updating target network...
Step: 224100, Returns: -16.400, Epsilon: 0.4454
Step: 224200, Returns: -16.400, Epsilon: 0.4451
Step: 224300, Returns: -16.400, Epsilon: 0.4449
Step: 224400, Returns: -16.310, Epsilon: 0.4446
Step: 224500, Returns: -16.290, Epsilon: 0.4444
Step: 224600, Returns: -16.290, Epsilon: 0.4441
Step: 224700, Returns: -16.280, Epsilon: 0.4439
Step: 224800, Returns: -16.220, Epsilon: 0.4436
Step: 224900, Returns: -16.220, Epsilon: 0.4434
Step: 225000, Returns: -16.200, Epsilon: 0.4431
Step: 225100, Returns: -16.200, Epsilon: 0.4429
Step: 225200, Returns: -16.220, Epsilon: 0.4426
Step: 225300, Returns: -16.270, Epsilon: 0.4424
Updating target network...
Step: 225400, Returns: -16.270, Epsilon: 0.4421
Step: 225500, Returns: -16.270, Epsilon: 0.4419
Step: 225600, Returns: -16.270, Epsilon: 0.4416
Step: 225700, Returns: -16.260, Epsilon: 0.4414
Step: 225800, Returns: -16.260, Epsilon: 0.4411
Step: 225900, Returns: -16.260, Epsilon: 0.4409
Step: 226000, Returns: -16.290, Epsilon: 0.4407
Step: 226100, Returns: -16.310, Epsilon: 0.4404
Step: 226200, Returns: -16.330, Epsilon: 0.4402
Step: 226300, Returns: -16.300, Epsilon: 0.4399
Step: 226400, Returns: -16.280, Epsilon: 0.4397
Step: 226500, Returns: -16.280, Epsilon: 0.4394
Updating target network...
Step: 226600, Returns: -16.280, Epsilon: 0.4392
Step: 226700, Returns: -16.280, Epsilon: 0.4389
Step: 226800, Returns: -16.300, Epsilon: 0.4387
Step: 226900, Returns: -16.290, Epsilon: 0.4384
Step: 227000, Returns: -16.290, Epsilon: 0.4382
Step: 227100, Returns: -16.240, Epsilon: 0.4379
Step: 227200, Returns: -16.240, Epsilon: 0.4377
Step: 227300, Returns: -16.250, Epsilon: 0.4374
Step: 227400, Returns: -16.250, Epsilon: 0.4372
Step: 227500, Returns: -16.160, Epsilon: 0.4369
Step: 227600, Returns: -16.160, Epsilon: 0.4367
Step: 227700, Returns: -16.160, Epsilon: 0.4364
Step: 227800, Returns: -16.170, Epsilon: 0.4362
Updating target network...
Step: 227900, Returns: -16.170, Epsilon: 0.4359
Step: 228000, Returns: -16.170, Epsilon: 0.4357
Step: 228100, Returns: -16.170, Epsilon: 0.4355
Step: 228200, Returns: -16.170, Epsilon: 0.4352
Step: 228300, Returns: -16.170, Epsilon: 0.4350
Step: 228400, Returns: -16.120, Epsilon: 0.4347
Step: 228500, Returns: -16.090, Epsilon: 0.4345
Step: 228600, Returns: -16.070, Epsilon: 0.4342
Step: 228700, Returns: -16.070, Epsilon: 0.4340
Step: 228800, Returns: -16.070, Epsilon: 0.4337
Step: 228900, Returns: -16.090, Epsilon: 0.4335
Step: 229000, Returns: -16.160, Epsilon: 0.4332
Updating target network...
Step: 229100, Returns: -16.180, Epsilon: 0.4330
Step: 229200, Returns: -16.180, Epsilon: 0.4327
Step: 229300, Returns: -16.180, Epsilon: 0.4325
Step: 229400, Returns: -16.160, Epsilon: 0.4322
Step: 229500, Returns: -16.170, Epsilon: 0.4320
Step: 229600, Returns: -16.170, Epsilon: 0.4317
Step: 229700, Returns: -16.170, Epsilon: 0.4315
Step: 229800, Returns: -16.170, Epsilon: 0.4312
Step: 229900, Returns: -16.180, Epsilon: 0.4310
Step: 230000, Returns: -16.180, Epsilon: 0.4308
Step: 230100, Returns: -16.160, Epsilon: 0.4305
Step: 230200, Returns: -16.160, Epsilon: 0.4303
Step: 230300, Returns: -16.160, Epsilon: 0.4300
Updating target network...
Step: 230400, Returns: -16.110, Epsilon: 0.4298
Step: 230500, Returns: -16.040, Epsilon: 0.4295
Step: 230600, Returns: -16.040, Epsilon: 0.4293
Step: 230700, Returns: -16.040, Epsilon: 0.4290
Step: 230800, Returns: -16.040, Epsilon: 0.4288
Step: 230900, Returns: -15.960, Epsilon: 0.4285
Step: 231000, Returns: -15.910, Epsilon: 0.4283
Step: 231100, Returns: -15.910, Epsilon: 0.4280
Step: 231200, Returns: -15.910, Epsilon: 0.4278
Step: 231300, Returns: -15.880, Epsilon: 0.4275
Step: 231400, Returns: -15.880, Epsilon: 0.4273
Step: 231500, Returns: -15.880, Epsilon: 0.4270
Updating target network...
Step: 231600, Returns: -15.880, Epsilon: 0.4268
Step: 231700, Returns: -15.880, Epsilon: 0.4265
Step: 231800, Returns: -15.840, Epsilon: 0.4263
Step: 231900, Returns: -15.840, Epsilon: 0.4260
Step: 232000, Returns: -15.840, Epsilon: 0.4258
Step: 232100, Returns: -15.780, Epsilon: 0.4256
Step: 232200, Returns: -15.780, Epsilon: 0.4253
Step: 232300, Returns: -15.820, Epsilon: 0.4251
Step: 232400, Returns: -15.700, Epsilon: 0.4248
Step: 232500, Returns: -15.700, Epsilon: 0.4246
Step: 232600, Returns: -15.740, Epsilon: 0.4243
Step: 232700, Returns: -15.740, Epsilon: 0.4241
Step: 232800, Returns: -15.740, Epsilon: 0.4238
Updating target network...
Step: 232900, Returns: -15.720, Epsilon: 0.4236
Step: 233000, Returns: -15.690, Epsilon: 0.4233
Step: 233100, Returns: -15.700, Epsilon: 0.4231
Step: 233200, Returns: -15.650, Epsilon: 0.4228
Step: 233300, Returns: -15.650, Epsilon: 0.4226
Step: 233400, Returns: -15.650, Epsilon: 0.4223
Step: 233500, Returns: -15.650, Epsilon: 0.4221
Step: 233600, Returns: -15.680, Epsilon: 0.4218
Step: 233700, Returns: -15.680, Epsilon: 0.4216
Step: 233800, Returns: -15.670, Epsilon: 0.4213
Step: 233900, Returns: -15.690, Epsilon: 0.4211
Step: 234000, Returns: -15.690, Epsilon: 0.4209
Updating target network...
Step: 234100, Returns: -15.690, Epsilon: 0.4206
Step: 234200, Returns: -15.690, Epsilon: 0.4204
Step: 234300, Returns: -15.700, Epsilon: 0.4201
Step: 234400, Returns: -15.630, Epsilon: 0.4199
Step: 234500, Returns: -15.630, Epsilon: 0.4196
Step: 234600, Returns: -15.600, Epsilon: 0.4194
Step: 234700, Returns: -15.600, Epsilon: 0.4191
Step: 234800, Returns: -15.600, Epsilon: 0.4189
Step: 234900, Returns: -15.550, Epsilon: 0.4186
Step: 235000, Returns: -15.580, Epsilon: 0.4184
Step: 235100, Returns: -15.610, Epsilon: 0.4181
Step: 235200, Returns: -15.610, Epsilon: 0.4179
Step: 235300, Returns: -15.580, Epsilon: 0.4176
Updating target network...
Step: 235400, Returns: -15.590, Epsilon: 0.4174
Step: 235500, Returns: -15.590, Epsilon: 0.4171
Step: 235600, Returns: -15.590, Epsilon: 0.4169
Step: 235700, Returns: -15.590, Epsilon: 0.4166
Step: 235800, Returns: -15.630, Epsilon: 0.4164
Step: 235900, Returns: -15.670, Epsilon: 0.4161
Step: 236000, Returns: -15.700, Epsilon: 0.4159
Step: 236100, Returns: -15.690, Epsilon: 0.4157
Step: 236200, Returns: -15.800, Epsilon: 0.4154
Step: 236300, Returns: -15.800, Epsilon: 0.4152
Step: 236400, Returns: -15.800, Epsilon: 0.4149
Step: 236500, Returns: -15.800, Epsilon: 0.4147
Updating target network...
Step: 236600, Returns: -15.720, Epsilon: 0.4144
Step: 236700, Returns: -15.720, Epsilon: 0.4142
Step: 236800, Returns: -15.760, Epsilon: 0.4139
Step: 236900, Returns: -15.760, Epsilon: 0.4137
Step: 237000, Returns: -15.650, Epsilon: 0.4134
Step: 237100, Returns: -15.640, Epsilon: 0.4132
Step: 237200, Returns: -15.640, Epsilon: 0.4129
Step: 237300, Returns: -15.640, Epsilon: 0.4127
Step: 237400, Returns: -15.640, Epsilon: 0.4124
Step: 237500, Returns: -15.610, Epsilon: 0.4122
Step: 237600, Returns: -15.610, Epsilon: 0.4119
Step: 237700, Returns: -15.610, Epsilon: 0.4117
Step: 237800, Returns: -15.660, Epsilon: 0.4114
Updating target network...
Step: 237900, Returns: -15.660, Epsilon: 0.4112
Step: 238000, Returns: -15.630, Epsilon: 0.4110
Step: 238100, Returns: -15.630, Epsilon: 0.4107
Step: 238200, Returns: -15.540, Epsilon: 0.4105
Step: 238300, Returns: -15.570, Epsilon: 0.4102
Step: 238400, Returns: -15.570, Epsilon: 0.4100
Step: 238500, Returns: -15.570, Epsilon: 0.4097
Step: 238600, Returns: -15.510, Epsilon: 0.4095
Step: 238700, Returns: -15.510, Epsilon: 0.4092
Step: 238800, Returns: -15.500, Epsilon: 0.4090
Step: 238900, Returns: -15.490, Epsilon: 0.4087
Step: 239000, Returns: -15.440, Epsilon: 0.4085
Updating target network...
Step: 239100, Returns: -15.440, Epsilon: 0.4082
Step: 239200, Returns: -15.420, Epsilon: 0.4080
Step: 239300, Returns: -15.420, Epsilon: 0.4077
Step: 239400, Returns: -15.380, Epsilon: 0.4075
Step: 239500, Returns: -15.310, Epsilon: 0.4072
Step: 239600, Returns: -15.200, Epsilon: 0.4070
Step: 239700, Returns: -15.200, Epsilon: 0.4067
Step: 239800, Returns: -15.200, Epsilon: 0.4065
Step: 239900, Returns: -15.200, Epsilon: 0.4062
Step: 240000, Returns: -15.150, Epsilon: 0.4060
Step: 240100, Returns: -15.160, Epsilon: 0.4058
Step: 240200, Returns: -15.170, Epsilon: 0.4055
Step: 240300, Returns: -15.170, Epsilon: 0.4053
Updating target network...
Step: 240400, Returns: -15.170, Epsilon: 0.4050
Step: 240500, Returns: -15.170, Epsilon: 0.4048
Step: 240600, Returns: -15.180, Epsilon: 0.4045
Step: 240700, Returns: -15.160, Epsilon: 0.4043
Step: 240800, Returns: -15.110, Epsilon: 0.4040
Step: 240900, Returns: -15.080, Epsilon: 0.4038
Step: 241000, Returns: -15.010, Epsilon: 0.4035
Step: 241100, Returns: -14.990, Epsilon: 0.4033
Step: 241200, Returns: -14.990, Epsilon: 0.4030
Step: 241300, Returns: -14.990, Epsilon: 0.4028
Step: 241400, Returns: -14.990, Epsilon: 0.4025
Step: 241500, Returns: -14.990, Epsilon: 0.4023
Updating target network...
Step: 241600, Returns: -14.990, Epsilon: 0.4020
Step: 241700, Returns: -14.990, Epsilon: 0.4018
Step: 241800, Returns: -14.990, Epsilon: 0.4015
Step: 241900, Returns: -14.930, Epsilon: 0.4013
Step: 242000, Returns: -14.870, Epsilon: 0.4011
Step: 242100, Returns: -14.870, Epsilon: 0.4008
Step: 242200, Returns: -14.850, Epsilon: 0.4006
Step: 242300, Returns: -14.820, Epsilon: 0.4003
Step: 242400, Returns: -14.900, Epsilon: 0.4001
Step: 242500, Returns: -14.950, Epsilon: 0.3998
Step: 242600, Returns: -14.950, Epsilon: 0.3996
Step: 242700, Returns: -15.000, Epsilon: 0.3993
Step: 242800, Returns: -14.970, Epsilon: 0.3991
Updating target network...
Step: 242900, Returns: -14.920, Epsilon: 0.3988
Step: 243000, Returns: -14.920, Epsilon: 0.3986
Step: 243100, Returns: -14.920, Epsilon: 0.3983
Step: 243200, Returns: -14.910, Epsilon: 0.3981
Step: 243300, Returns: -14.870, Epsilon: 0.3978
Step: 243400, Returns: -14.870, Epsilon: 0.3976
Step: 243500, Returns: -14.870, Epsilon: 0.3973
Step: 243600, Returns: -14.870, Epsilon: 0.3971
Step: 243700, Returns: -14.930, Epsilon: 0.3968
Step: 243800, Returns: -14.930, Epsilon: 0.3966
Step: 243900, Returns: -14.930, Epsilon: 0.3963
Step: 244000, Returns: -14.950, Epsilon: 0.3961
Updating target network...
Step: 244100, Returns: -15.010, Epsilon: 0.3959
Step: 244200, Returns: -14.930, Epsilon: 0.3956
Step: 244300, Returns: -14.900, Epsilon: 0.3954
Step: 244400, Returns: -14.890, Epsilon: 0.3951
Step: 244500, Returns: -14.910, Epsilon: 0.3949
Step: 244600, Returns: -14.910, Epsilon: 0.3946
Step: 244700, Returns: -14.840, Epsilon: 0.3944
Step: 244800, Returns: -14.840, Epsilon: 0.3941
Step: 244900, Returns: -14.860, Epsilon: 0.3939
Step: 245000, Returns: -14.860, Epsilon: 0.3936
Step: 245100, Returns: -14.860, Epsilon: 0.3934
Step: 245200, Returns: -14.840, Epsilon: 0.3931
Step: 245300, Returns: -14.840, Epsilon: 0.3929
Updating target network...
Step: 245400, Returns: -14.840, Epsilon: 0.3926
Step: 245500, Returns: -14.860, Epsilon: 0.3924
Step: 245600, Returns: -14.850, Epsilon: 0.3921
Step: 245700, Returns: -14.850, Epsilon: 0.3919
Step: 245800, Returns: -14.820, Epsilon: 0.3916
Step: 245900, Returns: -14.810, Epsilon: 0.3914
Step: 246000, Returns: -14.790, Epsilon: 0.3912
Step: 246100, Returns: -14.770, Epsilon: 0.3909
Step: 246200, Returns: -14.800, Epsilon: 0.3907
Step: 246300, Returns: -14.820, Epsilon: 0.3904
Step: 246400, Returns: -14.810, Epsilon: 0.3902
Step: 246500, Returns: -14.810, Epsilon: 0.3899
Updating target network...
Step: 246600, Returns: -14.810, Epsilon: 0.3897
Step: 246700, Returns: -14.760, Epsilon: 0.3894
Step: 246800, Returns: -14.760, Epsilon: 0.3892
Step: 246900, Returns: -14.760, Epsilon: 0.3889
Step: 247000, Returns: -14.790, Epsilon: 0.3887
Step: 247100, Returns: -14.760, Epsilon: 0.3884
Step: 247200, Returns: -14.760, Epsilon: 0.3882
Step: 247300, Returns: -14.760, Epsilon: 0.3879
Step: 247400, Returns: -14.730, Epsilon: 0.3877
Step: 247500, Returns: -14.730, Epsilon: 0.3874
Step: 247600, Returns: -14.730, Epsilon: 0.3872
Step: 247700, Returns: -14.730, Epsilon: 0.3869
Step: 247800, Returns: -14.650, Epsilon: 0.3867
Updating target network...
Step: 247900, Returns: -14.620, Epsilon: 0.3864
Step: 248000, Returns: -14.590, Epsilon: 0.3862
Step: 248100, Returns: -14.550, Epsilon: 0.3860
Step: 248200, Returns: -14.460, Epsilon: 0.3857
Step: 248300, Returns: -14.460, Epsilon: 0.3855
Step: 248400, Returns: -14.490, Epsilon: 0.3852
Step: 248500, Returns: -14.490, Epsilon: 0.3850
Step: 248600, Returns: -14.490, Epsilon: 0.3847
Step: 248700, Returns: -14.490, Epsilon: 0.3845
Step: 248800, Returns: -14.460, Epsilon: 0.3842
Step: 248900, Returns: -14.520, Epsilon: 0.3840
Step: 249000, Returns: -14.520, Epsilon: 0.3837
Updating target network...
Step: 249100, Returns: -14.560, Epsilon: 0.3835
Step: 249200, Returns: -14.560, Epsilon: 0.3832
Step: 249300, Returns: -14.500, Epsilon: 0.3830
Step: 249400, Returns: -14.440, Epsilon: 0.3827
Step: 249500, Returns: -14.440, Epsilon: 0.3825
Step: 249600, Returns: -14.440, Epsilon: 0.3822
Step: 249700, Returns: -14.440, Epsilon: 0.3820
Step: 249800, Returns: -14.360, Epsilon: 0.3817
Step: 249900, Returns: -14.370, Epsilon: 0.3815
Step: 250000, Returns: -14.360, Epsilon: 0.3813
Step: 250100, Returns: -14.370, Epsilon: 0.3810
Step: 250200, Returns: -14.290, Epsilon: 0.3808
Step: 250300, Returns: -14.290, Epsilon: 0.3805
Updating target network...
Step: 250400, Returns: -14.260, Epsilon: 0.3803
Step: 250500, Returns: -14.330, Epsilon: 0.3800
Step: 250600, Returns: -14.330, Epsilon: 0.3798
Step: 250700, Returns: -14.330, Epsilon: 0.3795
Step: 250800, Returns: -14.370, Epsilon: 0.3793
Step: 250900, Returns: -14.460, Epsilon: 0.3790
Step: 251000, Returns: -14.440, Epsilon: 0.3788
Step: 251100, Returns: -14.440, Epsilon: 0.3785
Step: 251200, Returns: -14.490, Epsilon: 0.3783
Step: 251300, Returns: -14.490, Epsilon: 0.3780
Step: 251400, Returns: -14.490, Epsilon: 0.3778
Step: 251500, Returns: -14.550, Epsilon: 0.3775
Updating target network...
Step: 251600, Returns: -14.550, Epsilon: 0.3773
Step: 251700, Returns: -14.550, Epsilon: 0.3770
Step: 251800, Returns: -14.550, Epsilon: 0.3768
Step: 251900, Returns: -14.550, Epsilon: 0.3765
Step: 252000, Returns: -14.590, Epsilon: 0.3763
Step: 252100, Returns: -14.610, Epsilon: 0.3761
Step: 252200, Returns: -14.600, Epsilon: 0.3758
Step: 252300, Returns: -14.580, Epsilon: 0.3756
Step: 252400, Returns: -14.580, Epsilon: 0.3753
Step: 252500, Returns: -14.620, Epsilon: 0.3751
Step: 252600, Returns: -14.660, Epsilon: 0.3748
Step: 252700, Returns: -14.660, Epsilon: 0.3746
Step: 252800, Returns: -14.660, Epsilon: 0.3743
Updating target network...
Step: 252900, Returns: -14.690, Epsilon: 0.3741
Step: 253000, Returns: -14.690, Epsilon: 0.3738
Step: 253100, Returns: -14.640, Epsilon: 0.3736
Step: 253200, Returns: -14.660, Epsilon: 0.3733
Step: 253300, Returns: -14.710, Epsilon: 0.3731
Step: 253400, Returns: -14.710, Epsilon: 0.3728
Step: 253500, Returns: -14.710, Epsilon: 0.3726
Step: 253600, Returns: -14.710, Epsilon: 0.3723
Step: 253700, Returns: -14.700, Epsilon: 0.3721
Step: 253800, Returns: -14.700, Epsilon: 0.3718
Step: 253900, Returns: -14.720, Epsilon: 0.3716
Step: 254000, Returns: -14.720, Epsilon: 0.3714
Updating target network...
Step: 254100, Returns: -14.700, Epsilon: 0.3711
Step: 254200, Returns: -14.680, Epsilon: 0.3709
Step: 254300, Returns: -14.680, Epsilon: 0.3706
Step: 254400, Returns: -14.630, Epsilon: 0.3704
Step: 254500, Returns: -14.580, Epsilon: 0.3701
Step: 254600, Returns: -14.550, Epsilon: 0.3699
Step: 254700, Returns: -14.550, Epsilon: 0.3696
Step: 254800, Returns: -14.600, Epsilon: 0.3694
Step: 254900, Returns: -14.600, Epsilon: 0.3691
Step: 255000, Returns: -14.600, Epsilon: 0.3689
Step: 255100, Returns: -14.600, Epsilon: 0.3686
Step: 255200, Returns: -14.600, Epsilon: 0.3684
Step: 255300, Returns: -14.600, Epsilon: 0.3681
Updating target network...
Step: 255400, Returns: -14.600, Epsilon: 0.3679
Step: 255500, Returns: -14.610, Epsilon: 0.3676
Step: 255600, Returns: -14.470, Epsilon: 0.3674
Step: 255700, Returns: -14.470, Epsilon: 0.3671
Step: 255800, Returns: -14.470, Epsilon: 0.3669
Step: 255900, Returns: -14.470, Epsilon: 0.3666
Step: 256000, Returns: -14.400, Epsilon: 0.3664
Step: 256100, Returns: -14.400, Epsilon: 0.3662
Step: 256200, Returns: -14.400, Epsilon: 0.3659
Step: 256300, Returns: -14.400, Epsilon: 0.3657
Step: 256400, Returns: -14.440, Epsilon: 0.3654
Step: 256500, Returns: -14.470, Epsilon: 0.3652
Updating target network...
Step: 256600, Returns: -14.470, Epsilon: 0.3649
Step: 256700, Returns: -14.440, Epsilon: 0.3647
Step: 256800, Returns: -14.430, Epsilon: 0.3644
Step: 256900, Returns: -14.430, Epsilon: 0.3642
Step: 257000, Returns: -14.430, Epsilon: 0.3639
Step: 257100, Returns: -14.460, Epsilon: 0.3637
Step: 257200, Returns: -14.460, Epsilon: 0.3634
Step: 257300, Returns: -14.420, Epsilon: 0.3632
Step: 257400, Returns: -14.430, Epsilon: 0.3629
Step: 257500, Returns: -14.430, Epsilon: 0.3627
Step: 257600, Returns: -14.400, Epsilon: 0.3624
Step: 257700, Returns: -14.400, Epsilon: 0.3622
Step: 257800, Returns: -14.400, Epsilon: 0.3619
Updating target network...
Step: 257900, Returns: -14.400, Epsilon: 0.3617
Step: 258000, Returns: -14.370, Epsilon: 0.3615
Step: 258100, Returns: -14.310, Epsilon: 0.3612
Step: 258200, Returns: -14.310, Epsilon: 0.3610
Step: 258300, Returns: -14.330, Epsilon: 0.3607
Step: 258400, Returns: -14.330, Epsilon: 0.3605
Step: 258500, Returns: -14.290, Epsilon: 0.3602
Step: 258600, Returns: -14.270, Epsilon: 0.3600
Step: 258700, Returns: -14.240, Epsilon: 0.3597
Step: 258800, Returns: -14.190, Epsilon: 0.3595
Step: 258900, Returns: -14.190, Epsilon: 0.3592
Step: 259000, Returns: -14.190, Epsilon: 0.3590
Updating target network...
Step: 259100, Returns: -14.190, Epsilon: 0.3587
Step: 259200, Returns: -14.190, Epsilon: 0.3585
Step: 259300, Returns: -14.190, Epsilon: 0.3582
Step: 259400, Returns: -14.200, Epsilon: 0.3580
Step: 259500, Returns: -14.200, Epsilon: 0.3577
Step: 259600, Returns: -14.150, Epsilon: 0.3575
Step: 259700, Returns: -14.120, Epsilon: 0.3572
Step: 259800, Returns: -14.110, Epsilon: 0.3570
Step: 259900, Returns: -14.130, Epsilon: 0.3567
Step: 260000, Returns: -14.130, Epsilon: 0.3565
Step: 260100, Returns: -14.110, Epsilon: 0.3563
Step: 260200, Returns: -14.090, Epsilon: 0.3560
Step: 260300, Returns: -14.090, Epsilon: 0.3558
Updating target network...
Step: 260400, Returns: -14.100, Epsilon: 0.3555
Step: 260500, Returns: -14.160, Epsilon: 0.3553
Step: 260600, Returns: -14.110, Epsilon: 0.3550
Step: 260700, Returns: -14.070, Epsilon: 0.3548
Step: 260800, Returns: -14.070, Epsilon: 0.3545
Step: 260900, Returns: -14.070, Epsilon: 0.3543
Step: 261000, Returns: -14.070, Epsilon: 0.3540
Step: 261100, Returns: -14.070, Epsilon: 0.3538
Step: 261200, Returns: -14.050, Epsilon: 0.3535
Step: 261300, Returns: -14.030, Epsilon: 0.3533
Step: 261400, Returns: -14.020, Epsilon: 0.3530
Step: 261500, Returns: -14.020, Epsilon: 0.3528
Updating target network...
Step: 261600, Returns: -14.020, Epsilon: 0.3525
Step: 261700, Returns: -13.960, Epsilon: 0.3523
Step: 261800, Returns: -13.910, Epsilon: 0.3520
Step: 261900, Returns: -13.920, Epsilon: 0.3518
Step: 262000, Returns: -13.920, Epsilon: 0.3516
Step: 262100, Returns: -13.940, Epsilon: 0.3513
Step: 262200, Returns: -13.940, Epsilon: 0.3511
Step: 262300, Returns: -13.920, Epsilon: 0.3508
Step: 262400, Returns: -13.920, Epsilon: 0.3506
Step: 262500, Returns: -13.920, Epsilon: 0.3503
Step: 262600, Returns: -13.850, Epsilon: 0.3501
Step: 262700, Returns: -13.900, Epsilon: 0.3498
Step: 262800, Returns: -13.940, Epsilon: 0.3496
Updating target network...
Step: 262900, Returns: -13.940, Epsilon: 0.3493
Step: 263000, Returns: -13.920, Epsilon: 0.3491
Step: 263100, Returns: -13.920, Epsilon: 0.3488
Step: 263200, Returns: -13.950, Epsilon: 0.3486
Step: 263300, Returns: -13.950, Epsilon: 0.3483
Step: 263400, Returns: -13.870, Epsilon: 0.3481
Step: 263500, Returns: -13.870, Epsilon: 0.3478
Step: 263600, Returns: -13.870, Epsilon: 0.3476
Step: 263700, Returns: -13.870, Epsilon: 0.3473
Step: 263800, Returns: -13.860, Epsilon: 0.3471
Step: 263900, Returns: -13.860, Epsilon: 0.3468
Step: 264000, Returns: -13.860, Epsilon: 0.3466
Updating target network...
Step: 264100, Returns: -13.800, Epsilon: 0.3464
Step: 264200, Returns: -13.800, Epsilon: 0.3461
Step: 264300, Returns: -13.800, Epsilon: 0.3459
Step: 264400, Returns: -13.800, Epsilon: 0.3456
Step: 264500, Returns: -13.700, Epsilon: 0.3454
Step: 264600, Returns: -13.700, Epsilon: 0.3451
Step: 264700, Returns: -13.700, Epsilon: 0.3449
Step: 264800, Returns: -13.710, Epsilon: 0.3446
Step: 264900, Returns: -13.710, Epsilon: 0.3444
Step: 265000, Returns: -13.730, Epsilon: 0.3441
Step: 265100, Returns: -13.710, Epsilon: 0.3439
Step: 265200, Returns: -13.710, Epsilon: 0.3436
Step: 265300, Returns: -13.710, Epsilon: 0.3434
Updating target network...
Step: 265400, Returns: -13.710, Epsilon: 0.3431
Step: 265500, Returns: -13.710, Epsilon: 0.3429
Step: 265600, Returns: -13.710, Epsilon: 0.3426
Step: 265700, Returns: -13.710, Epsilon: 0.3424
Step: 265800, Returns: -13.650, Epsilon: 0.3421
Step: 265900, Returns: -13.650, Epsilon: 0.3419
Step: 266000, Returns: -13.650, Epsilon: 0.3417
Step: 266100, Returns: -13.660, Epsilon: 0.3414
Step: 266200, Returns: -13.660, Epsilon: 0.3412
Step: 266300, Returns: -13.640, Epsilon: 0.3409
Step: 266400, Returns: -13.650, Epsilon: 0.3407
Step: 266500, Returns: -13.560, Epsilon: 0.3404
Updating target network...
Step: 266600, Returns: -13.570, Epsilon: 0.3402
Step: 266700, Returns: -13.570, Epsilon: 0.3399
Step: 266800, Returns: -13.570, Epsilon: 0.3397
Step: 266900, Returns: -13.570, Epsilon: 0.3394
Step: 267000, Returns: -13.530, Epsilon: 0.3392
Step: 267100, Returns: -13.530, Epsilon: 0.3389
Step: 267200, Returns: -13.550, Epsilon: 0.3387
Step: 267300, Returns: -13.510, Epsilon: 0.3384
Step: 267400, Returns: -13.510, Epsilon: 0.3382
Step: 267500, Returns: -13.510, Epsilon: 0.3379
Step: 267600, Returns: -13.510, Epsilon: 0.3377
Step: 267700, Returns: -13.510, Epsilon: 0.3374
Step: 267800, Returns: -13.520, Epsilon: 0.3372
Updating target network...
Step: 267900, Returns: -13.490, Epsilon: 0.3369
Step: 268000, Returns: -13.480, Epsilon: 0.3367
Step: 268100, Returns: -13.480, Epsilon: 0.3365
Step: 268200, Returns: -13.400, Epsilon: 0.3362
Step: 268300, Returns: -13.390, Epsilon: 0.3360
Step: 268400, Returns: -13.390, Epsilon: 0.3357
Step: 268500, Returns: -13.400, Epsilon: 0.3355
Step: 268600, Returns: -13.400, Epsilon: 0.3352
Step: 268700, Returns: -13.400, Epsilon: 0.3350
Step: 268800, Returns: -13.450, Epsilon: 0.3347
Step: 268900, Returns: -13.440, Epsilon: 0.3345
Step: 269000, Returns: -13.410, Epsilon: 0.3342
Updating target network...
Step: 269100, Returns: -13.390, Epsilon: 0.3340
Step: 269200, Returns: -13.390, Epsilon: 0.3337
Step: 269300, Returns: -13.350, Epsilon: 0.3335
Step: 269400, Returns: -13.350, Epsilon: 0.3332
Step: 269500, Returns: -13.290, Epsilon: 0.3330
Step: 269600, Returns: -13.290, Epsilon: 0.3327
Step: 269700, Returns: -13.340, Epsilon: 0.3325
Step: 269800, Returns: -13.370, Epsilon: 0.3322
Step: 269900, Returns: -13.350, Epsilon: 0.3320
Step: 270000, Returns: -13.360, Epsilon: 0.3318
Step: 270100, Returns: -13.360, Epsilon: 0.3315
Step: 270200, Returns: -13.360, Epsilon: 0.3313
Step: 270300, Returns: -13.360, Epsilon: 0.3310
Updating target network...
Step: 270400, Returns: -13.330, Epsilon: 0.3308
Step: 270500, Returns: -13.330, Epsilon: 0.3305
Step: 270600, Returns: -13.330, Epsilon: 0.3303
Step: 270700, Returns: -13.350, Epsilon: 0.3300
Step: 270800, Returns: -13.350, Epsilon: 0.3298
Step: 270900, Returns: -13.350, Epsilon: 0.3295
Step: 271000, Returns: -13.350, Epsilon: 0.3293
Step: 271100, Returns: -13.350, Epsilon: 0.3290
Step: 271200, Returns: -13.360, Epsilon: 0.3288
Step: 271300, Returns: -13.360, Epsilon: 0.3285
Step: 271400, Returns: -13.320, Epsilon: 0.3283
Step: 271500, Returns: -13.320, Epsilon: 0.3280
Updating target network...
Step: 271600, Returns: -13.300, Epsilon: 0.3278
Step: 271700, Returns: -13.270, Epsilon: 0.3275
Step: 271800, Returns: -13.320, Epsilon: 0.3273
Step: 271900, Returns: -13.220, Epsilon: 0.3270
Step: 272000, Returns: -13.240, Epsilon: 0.3268
Step: 272100, Returns: -13.230, Epsilon: 0.3266
Step: 272200, Returns: -13.230, Epsilon: 0.3263
Step: 272300, Returns: -13.240, Epsilon: 0.3261
Step: 272400, Returns: -13.160, Epsilon: 0.3258
Step: 272500, Returns: -13.150, Epsilon: 0.3256
Step: 272600, Returns: -13.150, Epsilon: 0.3253
Step: 272700, Returns: -13.170, Epsilon: 0.3251
Step: 272800, Returns: -13.170, Epsilon: 0.3248
Updating target network...
Step: 272900, Returns: -13.110, Epsilon: 0.3246
Step: 273000, Returns: -13.110, Epsilon: 0.3243
Step: 273100, Returns: -13.110, Epsilon: 0.3241
Step: 273200, Returns: -13.130, Epsilon: 0.3238
Step: 273300, Returns: -13.130, Epsilon: 0.3236
Step: 273400, Returns: -13.160, Epsilon: 0.3233
Step: 273500, Returns: -13.160, Epsilon: 0.3231
Step: 273600, Returns: -13.160, Epsilon: 0.3228
Step: 273700, Returns: -13.160, Epsilon: 0.3226
Step: 273800, Returns: -13.160, Epsilon: 0.3223
Step: 273900, Returns: -13.160, Epsilon: 0.3221
Step: 274000, Returns: -13.160, Epsilon: 0.3219
Updating target network...
Step: 274100, Returns: -13.130, Epsilon: 0.3216
Step: 274200, Returns: -13.130, Epsilon: 0.3214
Step: 274300, Returns: -13.140, Epsilon: 0.3211
Step: 274400, Returns: -13.070, Epsilon: 0.3209
Step: 274500, Returns: -13.070, Epsilon: 0.3206
Step: 274600, Returns: -13.070, Epsilon: 0.3204
Step: 274700, Returns: -13.040, Epsilon: 0.3201
Step: 274800, Returns: -13.040, Epsilon: 0.3199
Step: 274900, Returns: -13.040, Epsilon: 0.3196
Step: 275000, Returns: -13.030, Epsilon: 0.3194
Step: 275100, Returns: -13.050, Epsilon: 0.3191
Step: 275200, Returns: -13.050, Epsilon: 0.3189
Step: 275300, Returns: -13.050, Epsilon: 0.3186
Updating target network...
Step: 275400, Returns: -13.090, Epsilon: 0.3184
Step: 275500, Returns: -13.040, Epsilon: 0.3181
Step: 275600, Returns: -13.040, Epsilon: 0.3179
Step: 275700, Returns: -13.030, Epsilon: 0.3176
Step: 275800, Returns: -13.030, Epsilon: 0.3174
Step: 275900, Returns: -13.090, Epsilon: 0.3171
Step: 276000, Returns: -13.090, Epsilon: 0.3169
Step: 276100, Returns: -13.090, Epsilon: 0.3167
Step: 276200, Returns: -13.070, Epsilon: 0.3164
Step: 276300, Returns: -13.070, Epsilon: 0.3162
Step: 276400, Returns: -13.070, Epsilon: 0.3159
Step: 276500, Returns: -13.040, Epsilon: 0.3157
Updating target network...
Step: 276600, Returns: -13.060, Epsilon: 0.3154
Step: 276700, Returns: -13.060, Epsilon: 0.3152
Step: 276800, Returns: -13.030, Epsilon: 0.3149
Step: 276900, Returns: -13.030, Epsilon: 0.3147
Step: 277000, Returns: -13.020, Epsilon: 0.3144
Step: 277100, Returns: -13.020, Epsilon: 0.3142
Step: 277200, Returns: -13.020, Epsilon: 0.3139
Step: 277300, Returns: -13.020, Epsilon: 0.3137
Step: 277400, Returns: -13.070, Epsilon: 0.3134
Step: 277500, Returns: -13.070, Epsilon: 0.3132
Step: 277600, Returns: -13.020, Epsilon: 0.3129
Step: 277700, Returns: -13.020, Epsilon: 0.3127
Step: 277800, Returns: -13.020, Epsilon: 0.3124
Updating target network...
Step: 277900, Returns: -13.060, Epsilon: 0.3122
Step: 278000, Returns: -13.120, Epsilon: 0.3120
Step: 278100, Returns: -13.080, Epsilon: 0.3117
Step: 278200, Returns: -13.080, Epsilon: 0.3115
Step: 278300, Returns: -13.040, Epsilon: 0.3112
Step: 278400, Returns: -12.960, Epsilon: 0.3110
Step: 278500, Returns: -12.940, Epsilon: 0.3107
Step: 278600, Returns: -12.890, Epsilon: 0.3105
Step: 278700, Returns: -12.890, Epsilon: 0.3102
Step: 278800, Returns: -12.890, Epsilon: 0.3100
Step: 278900, Returns: -12.890, Epsilon: 0.3097
Step: 279000, Returns: -12.900, Epsilon: 0.3095
Updating target network...
Step: 279100, Returns: -12.900, Epsilon: 0.3092
Step: 279200, Returns: -12.850, Epsilon: 0.3090
Step: 279300, Returns: -12.850, Epsilon: 0.3087
Step: 279400, Returns: -12.850, Epsilon: 0.3085
Step: 279500, Returns: -12.870, Epsilon: 0.3082
Step: 279600, Returns: -12.870, Epsilon: 0.3080
Step: 279700, Returns: -12.870, Epsilon: 0.3077
Step: 279800, Returns: -12.870, Epsilon: 0.3075
Step: 279900, Returns: -12.790, Epsilon: 0.3072
Step: 280000, Returns: -12.850, Epsilon: 0.3070
Step: 280100, Returns: -12.840, Epsilon: 0.3068
Step: 280200, Returns: -12.840, Epsilon: 0.3065
Step: 280300, Returns: -12.840, Epsilon: 0.3063
Updating target network...
Step: 280400, Returns: -12.830, Epsilon: 0.3060
Step: 280500, Returns: -12.830, Epsilon: 0.3058
Step: 280600, Returns: -12.730, Epsilon: 0.3055
Step: 280700, Returns: -12.730, Epsilon: 0.3053
Step: 280800, Returns: -12.720, Epsilon: 0.3050
Step: 280900, Returns: -12.720, Epsilon: 0.3048
Step: 281000, Returns: -12.770, Epsilon: 0.3045
Step: 281100, Returns: -12.770, Epsilon: 0.3043
Step: 281200, Returns: -12.800, Epsilon: 0.3040
Step: 281300, Returns: -12.880, Epsilon: 0.3038
Step: 281400, Returns: -12.850, Epsilon: 0.3035
Step: 281500, Returns: -12.850, Epsilon: 0.3033
Updating target network...
Step: 281600, Returns: -12.850, Epsilon: 0.3030
Step: 281700, Returns: -12.850, Epsilon: 0.3028
Step: 281800, Returns: -12.850, Epsilon: 0.3025
Step: 281900, Returns: -12.910, Epsilon: 0.3023
Step: 282000, Returns: -12.980, Epsilon: 0.3021
Step: 282100, Returns: -12.980, Epsilon: 0.3018
Step: 282200, Returns: -12.970, Epsilon: 0.3016
Step: 282300, Returns: -12.970, Epsilon: 0.3013
Step: 282400, Returns: -12.970, Epsilon: 0.3011
Step: 282500, Returns: -12.980, Epsilon: 0.3008
Step: 282600, Returns: -12.980, Epsilon: 0.3006
Step: 282700, Returns: -12.920, Epsilon: 0.3003
Step: 282800, Returns: -12.920, Epsilon: 0.3001
Updating target network...
Step: 282900, Returns: -12.920, Epsilon: 0.2998
Step: 283000, Returns: -12.840, Epsilon: 0.2996
Step: 283100, Returns: -12.840, Epsilon: 0.2993
Step: 283200, Returns: -12.900, Epsilon: 0.2991
Step: 283300, Returns: -12.900, Epsilon: 0.2988
Step: 283400, Returns: -12.880, Epsilon: 0.2986
Step: 283500, Returns: -12.760, Epsilon: 0.2983
Step: 283600, Returns: -12.760, Epsilon: 0.2981
Step: 283700, Returns: -12.760, Epsilon: 0.2978
Step: 283800, Returns: -12.760, Epsilon: 0.2976
Step: 283900, Returns: -12.760, Epsilon: 0.2973
Step: 284000, Returns: -12.760, Epsilon: 0.2971
Updating target network...
Step: 284100, Returns: -12.760, Epsilon: 0.2969
Step: 284200, Returns: -12.760, Epsilon: 0.2966
Step: 284300, Returns: -12.700, Epsilon: 0.2964
Step: 284400, Returns: -12.700, Epsilon: 0.2961
Step: 284500, Returns: -12.700, Epsilon: 0.2959
Step: 284600, Returns: -12.670, Epsilon: 0.2956
Step: 284700, Returns: -12.670, Epsilon: 0.2954
Step: 284800, Returns: -12.610, Epsilon: 0.2951
Step: 284900, Returns: -12.590, Epsilon: 0.2949
Step: 285000, Returns: -12.690, Epsilon: 0.2946
Step: 285100, Returns: -12.710, Epsilon: 0.2944
Step: 285200, Returns: -12.710, Epsilon: 0.2941
Step: 285300, Returns: -12.740, Epsilon: 0.2939
Updating target network...
Step: 285400, Returns: -12.740, Epsilon: 0.2936
Step: 285500, Returns: -12.720, Epsilon: 0.2934
Step: 285600, Returns: -12.720, Epsilon: 0.2931
Step: 285700, Returns: -12.750, Epsilon: 0.2929
Step: 285800, Returns: -12.750, Epsilon: 0.2926
Step: 285900, Returns: -12.750, Epsilon: 0.2924
Step: 286000, Returns: -12.740, Epsilon: 0.2922
Step: 286100, Returns: -12.720, Epsilon: 0.2919
Step: 286200, Returns: -12.720, Epsilon: 0.2917
Step: 286300, Returns: -12.740, Epsilon: 0.2914
Step: 286400, Returns: -12.740, Epsilon: 0.2912
Step: 286500, Returns: -12.740, Epsilon: 0.2909
Updating target network...
Step: 286600, Returns: -12.730, Epsilon: 0.2907
Step: 286700, Returns: -12.730, Epsilon: 0.2904
Step: 286800, Returns: -12.730, Epsilon: 0.2902
Step: 286900, Returns: -12.730, Epsilon: 0.2899
Step: 287000, Returns: -12.690, Epsilon: 0.2897
Step: 287100, Returns: -12.680, Epsilon: 0.2894
Step: 287200, Returns: -12.600, Epsilon: 0.2892
Step: 287300, Returns: -12.510, Epsilon: 0.2889
Step: 287400, Returns: -12.520, Epsilon: 0.2887
Step: 287500, Returns: -12.520, Epsilon: 0.2884
Step: 287600, Returns: -12.520, Epsilon: 0.2882
Step: 287700, Returns: -12.520, Epsilon: 0.2879
Step: 287800, Returns: -12.540, Epsilon: 0.2877
Updating target network...
Step: 287900, Returns: -12.480, Epsilon: 0.2874
Step: 288000, Returns: -12.500, Epsilon: 0.2872
Step: 288100, Returns: -12.500, Epsilon: 0.2870
Step: 288200, Returns: -12.500, Epsilon: 0.2867
Step: 288300, Returns: -12.500, Epsilon: 0.2865
Step: 288400, Returns: -12.500, Epsilon: 0.2862
Step: 288500, Returns: -12.500, Epsilon: 0.2860
Step: 288600, Returns: -12.400, Epsilon: 0.2857
Step: 288700, Returns: -12.360, Epsilon: 0.2855
Step: 288800, Returns: -12.360, Epsilon: 0.2852
Step: 288900, Returns: -12.350, Epsilon: 0.2850
Step: 289000, Returns: -12.350, Epsilon: 0.2847
Updating target network...
Step: 289100, Returns: -12.340, Epsilon: 0.2845
Step: 289200, Returns: -12.360, Epsilon: 0.2842
Step: 289300, Returns: -12.370, Epsilon: 0.2840
Step: 289400, Returns: -12.370, Epsilon: 0.2837
Step: 289500, Returns: -12.320, Epsilon: 0.2835
Step: 289600, Returns: -12.320, Epsilon: 0.2832
Step: 289700, Returns: -12.320, Epsilon: 0.2830
Step: 289800, Returns: -12.310, Epsilon: 0.2827
Step: 289900, Returns: -12.310, Epsilon: 0.2825
Step: 290000, Returns: -12.310, Epsilon: 0.2823
Step: 290100, Returns: -12.310, Epsilon: 0.2820
Step: 290200, Returns: -12.220, Epsilon: 0.2818
Step: 290300, Returns: -12.220, Epsilon: 0.2815
Updating target network...
Step: 290400, Returns: -12.270, Epsilon: 0.2813
Step: 290500, Returns: -12.270, Epsilon: 0.2810
Step: 290600, Returns: -12.270, Epsilon: 0.2808
Step: 290700, Returns: -12.290, Epsilon: 0.2805
Step: 290800, Returns: -12.320, Epsilon: 0.2803
Step: 290900, Returns: -12.310, Epsilon: 0.2800
Step: 291000, Returns: -12.330, Epsilon: 0.2798
Step: 291100, Returns: -12.270, Epsilon: 0.2795
Step: 291200, Returns: -12.250, Epsilon: 0.2793
Step: 291300, Returns: -12.310, Epsilon: 0.2790
Step: 291400, Returns: -12.310, Epsilon: 0.2788
Step: 291500, Returns: -12.250, Epsilon: 0.2785
Updating target network...
Step: 291600, Returns: -12.250, Epsilon: 0.2783
Step: 291700, Returns: -12.250, Epsilon: 0.2780
Step: 291800, Returns: -12.250, Epsilon: 0.2778
Step: 291900, Returns: -12.210, Epsilon: 0.2775
Step: 292000, Returns: -12.220, Epsilon: 0.2773
Step: 292100, Returns: -12.220, Epsilon: 0.2771
Step: 292200, Returns: -12.220, Epsilon: 0.2768
Step: 292300, Returns: -12.220, Epsilon: 0.2766
Step: 292400, Returns: -12.220, Epsilon: 0.2763
Step: 292500, Returns: -12.260, Epsilon: 0.2761
Step: 292600, Returns: -12.330, Epsilon: 0.2758
Step: 292700, Returns: -12.300, Epsilon: 0.2756
Step: 292800, Returns: -12.300, Epsilon: 0.2753
Updating target network...
Step: 292900, Returns: -12.300, Epsilon: 0.2751
Step: 293000, Returns: -12.390, Epsilon: 0.2748
Step: 293100, Returns: -12.390, Epsilon: 0.2746
Step: 293200, Returns: -12.390, Epsilon: 0.2743
Step: 293300, Returns: -12.410, Epsilon: 0.2741
Step: 293400, Returns: -12.380, Epsilon: 0.2738
Step: 293500, Returns: -12.360, Epsilon: 0.2736
Step: 293600, Returns: -12.360, Epsilon: 0.2733
Step: 293700, Returns: -12.380, Epsilon: 0.2731
Step: 293800, Returns: -12.380, Epsilon: 0.2728
Step: 293900, Returns: -12.360, Epsilon: 0.2726
Step: 294000, Returns: -12.360, Epsilon: 0.2724
Updating target network...
Step: 294100, Returns: -12.360, Epsilon: 0.2721
Step: 294200, Returns: -12.250, Epsilon: 0.2719
Step: 294300, Returns: -12.220, Epsilon: 0.2716
Step: 294400, Returns: -12.220, Epsilon: 0.2714
Step: 294500, Returns: -12.220, Epsilon: 0.2711
Step: 294600, Returns: -12.280, Epsilon: 0.2709
Step: 294700, Returns: -12.280, Epsilon: 0.2706
Step: 294800, Returns: -12.280, Epsilon: 0.2704
Step: 294900, Returns: -12.350, Epsilon: 0.2701
Step: 295000, Returns: -12.290, Epsilon: 0.2699
Step: 295100, Returns: -12.290, Epsilon: 0.2696
Step: 295200, Returns: -12.280, Epsilon: 0.2694
Step: 295300, Returns: -12.280, Epsilon: 0.2691
Updating target network...
Step: 295400, Returns: -12.280, Epsilon: 0.2689
Step: 295500, Returns: -12.360, Epsilon: 0.2686
Step: 295600, Returns: -12.320, Epsilon: 0.2684
Step: 295700, Returns: -12.320, Epsilon: 0.2681
Step: 295800, Returns: -12.320, Epsilon: 0.2679
Step: 295900, Returns: -12.280, Epsilon: 0.2676
Step: 296000, Returns: -12.210, Epsilon: 0.2674
Step: 296100, Returns: -12.210, Epsilon: 0.2672
Step: 296200, Returns: -12.210, Epsilon: 0.2669
Step: 296300, Returns: -12.130, Epsilon: 0.2667
Step: 296400, Returns: -12.130, Epsilon: 0.2664
Step: 296500, Returns: -12.130, Epsilon: 0.2662
Updating target network...
Step: 296600, Returns: -12.130, Epsilon: 0.2659
Step: 296700, Returns: -12.130, Epsilon: 0.2657
Step: 296800, Returns: -12.200, Epsilon: 0.2654
Step: 296900, Returns: -12.140, Epsilon: 0.2652
Step: 297000, Returns: -12.120, Epsilon: 0.2649
Step: 297100, Returns: -12.070, Epsilon: 0.2647
Step: 297200, Returns: -12.030, Epsilon: 0.2644
Step: 297300, Returns: -12.030, Epsilon: 0.2642
Step: 297400, Returns: -12.030, Epsilon: 0.2639
Step: 297500, Returns: -12.070, Epsilon: 0.2637
Step: 297600, Returns: -12.070, Epsilon: 0.2634
Step: 297700, Returns: -12.070, Epsilon: 0.2632
Step: 297800, Returns: -12.000, Epsilon: 0.2629
Updating target network...
Step: 297900, Returns: -12.000, Epsilon: 0.2627
Step: 298000, Returns: -12.000, Epsilon: 0.2625
Step: 298100, Returns: -11.970, Epsilon: 0.2622
Step: 298200, Returns: -12.140, Epsilon: 0.2620
Step: 298300, Returns: -12.140, Epsilon: 0.2617
Step: 298400, Returns: -12.140, Epsilon: 0.2615
Step: 298500, Returns: -12.160, Epsilon: 0.2612
Step: 298600, Returns: -12.150, Epsilon: 0.2610
Step: 298700, Returns: -12.140, Epsilon: 0.2607
Step: 298800, Returns: -12.140, Epsilon: 0.2605
Step: 298900, Returns: -12.190, Epsilon: 0.2602
Step: 299000, Returns: -12.190, Epsilon: 0.2600
Updating target network...
Step: 299100, Returns: -12.170, Epsilon: 0.2597
Step: 299200, Returns: -12.150, Epsilon: 0.2595
Step: 299300, Returns: -12.110, Epsilon: 0.2592
Step: 299400, Returns: -12.110, Epsilon: 0.2590
Step: 299500, Returns: -12.110, Epsilon: 0.2587
Step: 299600, Returns: -12.130, Epsilon: 0.2585
Step: 299700, Returns: -12.130, Epsilon: 0.2582
Step: 299800, Returns: -12.170, Epsilon: 0.2580
Step: 299900, Returns: -12.220, Epsilon: 0.2577
Step: 300000, Returns: -12.220, Epsilon: 0.2575
Step: 300100, Returns: -12.220, Epsilon: 0.2573
Step: 300200, Returns: -12.230, Epsilon: 0.2570
Step: 300300, Returns: -12.230, Epsilon: 0.2568
Updating target network...
Step: 300400, Returns: -12.230, Epsilon: 0.2565
Step: 300500, Returns: -12.230, Epsilon: 0.2563
Step: 300600, Returns: -12.230, Epsilon: 0.2560
Step: 300700, Returns: -12.220, Epsilon: 0.2558
Step: 300800, Returns: -12.220, Epsilon: 0.2555
Step: 300900, Returns: -12.220, Epsilon: 0.2553
Step: 301000, Returns: -12.220, Epsilon: 0.2550
Step: 301100, Returns: -12.250, Epsilon: 0.2548
Step: 301200, Returns: -12.320, Epsilon: 0.2545
Step: 301300, Returns: -12.320, Epsilon: 0.2543
Step: 301400, Returns: -12.300, Epsilon: 0.2540
Step: 301500, Returns: -12.300, Epsilon: 0.2538
Updating target network...
Step: 301600, Returns: -12.300, Epsilon: 0.2535
Step: 301700, Returns: -12.300, Epsilon: 0.2533
Step: 301800, Returns: -12.290, Epsilon: 0.2530
Step: 301900, Returns: -12.290, Epsilon: 0.2528
Step: 302000, Returns: -12.270, Epsilon: 0.2526
Step: 302100, Returns: -12.220, Epsilon: 0.2523
Step: 302200, Returns: -12.220, Epsilon: 0.2521
Step: 302300, Returns: -12.220, Epsilon: 0.2518
Step: 302400, Returns: -12.300, Epsilon: 0.2516
Step: 302500, Returns: -12.300, Epsilon: 0.2513
Step: 302600, Returns: -12.280, Epsilon: 0.2511
Step: 302700, Returns: -12.280, Epsilon: 0.2508
Step: 302800, Returns: -12.330, Epsilon: 0.2506
Updating target network...
Step: 302900, Returns: -12.330, Epsilon: 0.2503
Step: 303000, Returns: -12.260, Epsilon: 0.2501
Step: 303100, Returns: -12.260, Epsilon: 0.2498
Step: 303200, Returns: -12.250, Epsilon: 0.2496
Step: 303300, Returns: -12.200, Epsilon: 0.2493
Step: 303400, Returns: -12.160, Epsilon: 0.2491
Step: 303500, Returns: -12.180, Epsilon: 0.2488
Step: 303600, Returns: -12.180, Epsilon: 0.2486
Step: 303700, Returns: -12.190, Epsilon: 0.2483
Step: 303800, Returns: -12.190, Epsilon: 0.2481
Step: 303900, Returns: -12.230, Epsilon: 0.2478
Step: 304000, Returns: -12.230, Epsilon: 0.2476
Updating target network...
Step: 304100, Returns: -12.230, Epsilon: 0.2474
Step: 304200, Returns: -12.190, Epsilon: 0.2471
Step: 304300, Returns: -12.190, Epsilon: 0.2469
Step: 304400, Returns: -12.110, Epsilon: 0.2466
Step: 304500, Returns: -12.110, Epsilon: 0.2464
Step: 304600, Returns: -12.030, Epsilon: 0.2461
Step: 304700, Returns: -12.030, Epsilon: 0.2459
Step: 304800, Returns: -12.030, Epsilon: 0.2456
Step: 304900, Returns: -12.040, Epsilon: 0.2454
Step: 305000, Returns: -12.030, Epsilon: 0.2451
Step: 305100, Returns: -12.030, Epsilon: 0.2449
Step: 305200, Returns: -12.030, Epsilon: 0.2446
Step: 305300, Returns: -12.040, Epsilon: 0.2444
Updating target network...
Step: 305400, Returns: -12.040, Epsilon: 0.2441
Step: 305500, Returns: -12.030, Epsilon: 0.2439
Step: 305600, Returns: -12.000, Epsilon: 0.2436
Step: 305700, Returns: -11.930, Epsilon: 0.2434
Step: 305800, Returns: -11.930, Epsilon: 0.2431
Step: 305900, Returns: -11.980, Epsilon: 0.2429
Step: 306000, Returns: -11.980, Epsilon: 0.2427
Step: 306100, Returns: -11.980, Epsilon: 0.2424
Step: 306200, Returns: -11.930, Epsilon: 0.2422
Step: 306300, Returns: -11.850, Epsilon: 0.2419
Step: 306400, Returns: -11.850, Epsilon: 0.2417
Step: 306500, Returns: -11.850, Epsilon: 0.2414
Updating target network...
Step: 306600, Returns: -11.750, Epsilon: 0.2412
Step: 306700, Returns: -11.750, Epsilon: 0.2409
Step: 306800, Returns: -11.750, Epsilon: 0.2407
Step: 306900, Returns: -11.750, Epsilon: 0.2404
Step: 307000, Returns: -11.750, Epsilon: 0.2402
Step: 307100, Returns: -11.740, Epsilon: 0.2399
Step: 307200, Returns: -11.740, Epsilon: 0.2397
Step: 307300, Returns: -11.660, Epsilon: 0.2394
Step: 307400, Returns: -11.610, Epsilon: 0.2392
Step: 307500, Returns: -11.610, Epsilon: 0.2389
Step: 307600, Returns: -11.610, Epsilon: 0.2387
Step: 307700, Returns: -11.610, Epsilon: 0.2384
Step: 307800, Returns: -11.610, Epsilon: 0.2382
Updating target network...
Step: 307900, Returns: -11.640, Epsilon: 0.2379
Step: 308000, Returns: -11.660, Epsilon: 0.2377
Step: 308100, Returns: -11.660, Epsilon: 0.2375
Step: 308200, Returns: -11.660, Epsilon: 0.2372
Step: 308300, Returns: -11.610, Epsilon: 0.2370
Step: 308400, Returns: -11.660, Epsilon: 0.2367
Step: 308500, Returns: -11.660, Epsilon: 0.2365
Step: 308600, Returns: -11.620, Epsilon: 0.2362
Step: 308700, Returns: -11.620, Epsilon: 0.2360
Step: 308800, Returns: -11.590, Epsilon: 0.2357
Step: 308900, Returns: -11.590, Epsilon: 0.2355
Step: 309000, Returns: -11.500, Epsilon: 0.2352
Updating target network...
Step: 309100, Returns: -11.500, Epsilon: 0.2350
Step: 309200, Returns: -11.460, Epsilon: 0.2347
Step: 309300, Returns: -11.470, Epsilon: 0.2345
Step: 309400, Returns: -11.470, Epsilon: 0.2342
Step: 309500, Returns: -11.470, Epsilon: 0.2340
Step: 309600, Returns: -11.470, Epsilon: 0.2337
Step: 309700, Returns: -11.470, Epsilon: 0.2335
Step: 309800, Returns: -11.470, Epsilon: 0.2332
Step: 309900, Returns: -11.350, Epsilon: 0.2330
Step: 310000, Returns: -11.350, Epsilon: 0.2328
Step: 310100, Returns: -11.350, Epsilon: 0.2325
Step: 310200, Returns: -11.350, Epsilon: 0.2323
Step: 310300, Returns: -11.360, Epsilon: 0.2320
Updating target network...
Step: 310400, Returns: -11.270, Epsilon: 0.2318
Step: 310500, Returns: -11.270, Epsilon: 0.2315
Step: 310600, Returns: -11.340, Epsilon: 0.2313
Step: 310700, Returns: -11.340, Epsilon: 0.2310
Step: 310800, Returns: -11.370, Epsilon: 0.2308
Step: 310900, Returns: -11.350, Epsilon: 0.2305
Step: 311000, Returns: -11.350, Epsilon: 0.2303
Step: 311100, Returns: -11.350, Epsilon: 0.2300
Step: 311200, Returns: -11.350, Epsilon: 0.2298
Step: 311300, Returns: -11.350, Epsilon: 0.2295
Step: 311400, Returns: -11.200, Epsilon: 0.2293
Step: 311500, Returns: -11.200, Epsilon: 0.2290
Updating target network...
Step: 311600, Returns: -11.260, Epsilon: 0.2288
Step: 311700, Returns: -11.170, Epsilon: 0.2285
Step: 311800, Returns: -11.170, Epsilon: 0.2283
Step: 311900, Returns: -11.170, Epsilon: 0.2280
Step: 312000, Returns: -11.170, Epsilon: 0.2278
Step: 312100, Returns: -11.200, Epsilon: 0.2276
Step: 312200, Returns: -11.190, Epsilon: 0.2273
Step: 312300, Returns: -11.130, Epsilon: 0.2271
Step: 312400, Returns: -11.130, Epsilon: 0.2268
Step: 312500, Returns: -11.130, Epsilon: 0.2266
Step: 312600, Returns: -11.100, Epsilon: 0.2263
Step: 312700, Returns: -11.070, Epsilon: 0.2261
Step: 312800, Returns: -11.070, Epsilon: 0.2258
Updating target network...
Step: 312900, Returns: -11.050, Epsilon: 0.2256
Step: 313000, Returns: -10.990, Epsilon: 0.2253
Step: 313100, Returns: -10.990, Epsilon: 0.2251
Step: 313200, Returns: -10.990, Epsilon: 0.2248
Step: 313300, Returns: -10.990, Epsilon: 0.2246
Step: 313400, Returns: -11.020, Epsilon: 0.2243
Step: 313500, Returns: -11.020, Epsilon: 0.2241
Step: 313600, Returns: -11.060, Epsilon: 0.2238
Step: 313700, Returns: -11.050, Epsilon: 0.2236
Step: 313800, Returns: -10.980, Epsilon: 0.2233
Step: 313900, Returns: -10.980, Epsilon: 0.2231
Step: 314000, Returns: -10.980, Epsilon: 0.2229
Updating target network...
Step: 314100, Returns: -10.980, Epsilon: 0.2226
Step: 314200, Returns: -10.980, Epsilon: 0.2224
Step: 314300, Returns: -10.980, Epsilon: 0.2221
Step: 314400, Returns: -10.950, Epsilon: 0.2219
Step: 314500, Returns: -10.990, Epsilon: 0.2216
Step: 314600, Returns: -11.030, Epsilon: 0.2214
Step: 314700, Returns: -11.030, Epsilon: 0.2211
Step: 314800, Returns: -11.010, Epsilon: 0.2209
Step: 314900, Returns: -10.980, Epsilon: 0.2206
Step: 315000, Returns: -10.920, Epsilon: 0.2204
Step: 315100, Returns: -10.810, Epsilon: 0.2201
Step: 315200, Returns: -10.810, Epsilon: 0.2199
Step: 315300, Returns: -10.740, Epsilon: 0.2196
Updating target network...
Step: 315400, Returns: -10.740, Epsilon: 0.2194
Step: 315500, Returns: -10.740, Epsilon: 0.2191
Step: 315600, Returns: -10.710, Epsilon: 0.2189
Step: 315700, Returns: -10.710, Epsilon: 0.2186
Step: 315800, Returns: -10.710, Epsilon: 0.2184
Step: 315900, Returns: -10.710, Epsilon: 0.2181
Step: 316000, Returns: -10.630, Epsilon: 0.2179
Step: 316100, Returns: -10.630, Epsilon: 0.2177
Step: 316200, Returns: -10.630, Epsilon: 0.2174
Step: 316300, Returns: -10.600, Epsilon: 0.2172
Step: 316400, Returns: -10.600, Epsilon: 0.2169
Step: 316500, Returns: -10.600, Epsilon: 0.2167
Updating target network...
Step: 316600, Returns: -10.600, Epsilon: 0.2164
Step: 316700, Returns: -10.620, Epsilon: 0.2162
Step: 316800, Returns: -10.620, Epsilon: 0.2159
Step: 316900, Returns: -10.530, Epsilon: 0.2157
Step: 317000, Returns: -10.530, Epsilon: 0.2154
Step: 317100, Returns: -10.530, Epsilon: 0.2152
Step: 317200, Returns: -10.530, Epsilon: 0.2149
Step: 317300, Returns: -10.470, Epsilon: 0.2147
Step: 317400, Returns: -10.410, Epsilon: 0.2144
Step: 317500, Returns: -10.390, Epsilon: 0.2142
Step: 317600, Returns: -10.400, Epsilon: 0.2139
Step: 317700, Returns: -10.320, Epsilon: 0.2137
Step: 317800, Returns: -10.220, Epsilon: 0.2134
Updating target network...
Step: 317900, Returns: -10.250, Epsilon: 0.2132
Step: 318000, Returns: -10.210, Epsilon: 0.2130
Step: 318100, Returns: -10.210, Epsilon: 0.2127
Step: 318200, Returns: -10.210, Epsilon: 0.2125
Step: 318300, Returns: -10.210, Epsilon: 0.2122
Step: 318400, Returns: -10.210, Epsilon: 0.2120
Step: 318500, Returns: -10.190, Epsilon: 0.2117
Step: 318600, Returns: -10.030, Epsilon: 0.2115
Step: 318700, Returns: -10.030, Epsilon: 0.2112
Step: 318800, Returns: -10.030, Epsilon: 0.2110
Step: 318900, Returns: -10.030, Epsilon: 0.2107
Step: 319000, Returns: -10.030, Epsilon: 0.2105
Updating target network...
Step: 319100, Returns: -10.030, Epsilon: 0.2102
Step: 319200, Returns: -10.030, Epsilon: 0.2100
Step: 319300, Returns: -10.030, Epsilon: 0.2097
Step: 319400, Returns: -10.030, Epsilon: 0.2095
Step: 319500, Returns: -10.080, Epsilon: 0.2092
Step: 319600, Returns: -9.990, Epsilon: 0.2090
Step: 319700, Returns: -9.990, Epsilon: 0.2087
Step: 319800, Returns: -9.990, Epsilon: 0.2085
Step: 319900, Returns: -9.990, Epsilon: 0.2082
Step: 320000, Returns: -9.930, Epsilon: 0.2080
Step: 320100, Returns: -9.900, Epsilon: 0.2078
Step: 320200, Returns: -9.940, Epsilon: 0.2075
Step: 320300, Returns: -9.940, Epsilon: 0.2073
Updating target network...
Step: 320400, Returns: -9.920, Epsilon: 0.2070
Step: 320500, Returns: -9.840, Epsilon: 0.2068
Step: 320600, Returns: -9.790, Epsilon: 0.2065
Step: 320700, Returns: -9.790, Epsilon: 0.2063
Step: 320800, Returns: -9.790, Epsilon: 0.2060
Step: 320900, Returns: -9.790, Epsilon: 0.2058
Step: 321000, Returns: -9.810, Epsilon: 0.2055
Step: 321100, Returns: -9.810, Epsilon: 0.2053
Step: 321200, Returns: -9.810, Epsilon: 0.2050
Step: 321300, Returns: -9.640, Epsilon: 0.2048
Step: 321400, Returns: -9.600, Epsilon: 0.2045
Step: 321500, Returns: -9.600, Epsilon: 0.2043
Updating target network...
Step: 321600, Returns: -9.600, Epsilon: 0.2040
Step: 321700, Returns: -9.590, Epsilon: 0.2038
Step: 321800, Returns: -9.590, Epsilon: 0.2035
Step: 321900, Returns: -9.590, Epsilon: 0.2033
Step: 322000, Returns: -9.590, Epsilon: 0.2031
Step: 322100, Returns: -9.590, Epsilon: 0.2028
Step: 322200, Returns: -9.550, Epsilon: 0.2026
Step: 322300, Returns: -9.610, Epsilon: 0.2023
Step: 322400, Returns: -9.650, Epsilon: 0.2021
Step: 322500, Returns: -9.670, Epsilon: 0.2018
Step: 322600, Returns: -9.660, Epsilon: 0.2016
Step: 322700, Returns: -9.660, Epsilon: 0.2013
Step: 322800, Returns: -9.660, Epsilon: 0.2011
Updating target network...
Step: 322900, Returns: -9.660, Epsilon: 0.2008
Step: 323000, Returns: -9.660, Epsilon: 0.2006
Step: 323100, Returns: -9.730, Epsilon: 0.2003
Step: 323200, Returns: -9.730, Epsilon: 0.2001
Step: 323300, Returns: -9.620, Epsilon: 0.1998
Step: 323400, Returns: -9.620, Epsilon: 0.1996
Step: 323500, Returns: -9.530, Epsilon: 0.1993
Step: 323600, Returns: -9.490, Epsilon: 0.1991
Step: 323700, Returns: -9.490, Epsilon: 0.1988
Step: 323800, Returns: -9.490, Epsilon: 0.1986
Step: 323900, Returns: -9.410, Epsilon: 0.1983
Step: 324000, Returns: -9.410, Epsilon: 0.1981
Updating target network...
Step: 324100, Returns: -9.410, Epsilon: 0.1979
Step: 324200, Returns: -9.350, Epsilon: 0.1976
Step: 324300, Returns: -9.350, Epsilon: 0.1974
Step: 324400, Returns: -9.350, Epsilon: 0.1971
Step: 324500, Returns: -9.320, Epsilon: 0.1969
Step: 324600, Returns: -9.320, Epsilon: 0.1966
Step: 324700, Returns: -9.320, Epsilon: 0.1964
Step: 324800, Returns: -9.320, Epsilon: 0.1961
Step: 324900, Returns: -9.310, Epsilon: 0.1959
Step: 325000, Returns: -9.260, Epsilon: 0.1956
Step: 325100, Returns: -9.260, Epsilon: 0.1954
Step: 325200, Returns: -9.230, Epsilon: 0.1951
Step: 325300, Returns: -9.190, Epsilon: 0.1949
Updating target network...
Step: 325400, Returns: -9.190, Epsilon: 0.1946
Step: 325500, Returns: -9.190, Epsilon: 0.1944
Step: 325600, Returns: -9.230, Epsilon: 0.1941
Step: 325700, Returns: -9.020, Epsilon: 0.1939
Step: 325800, Returns: -9.020, Epsilon: 0.1936
Step: 325900, Returns: -9.020, Epsilon: 0.1934
Step: 326000, Returns: -9.020, Epsilon: 0.1932
Step: 326100, Returns: -9.020, Epsilon: 0.1929
Step: 326200, Returns: -8.960, Epsilon: 0.1927
Step: 326300, Returns: -8.920, Epsilon: 0.1924
Step: 326400, Returns: -8.870, Epsilon: 0.1922
Step: 326500, Returns: -8.850, Epsilon: 0.1919
Updating target network...
Step: 326600, Returns: -8.860, Epsilon: 0.1917
Step: 326700, Returns: -8.860, Epsilon: 0.1914
Step: 326800, Returns: -8.860, Epsilon: 0.1912
Step: 326900, Returns: -8.860, Epsilon: 0.1909
Step: 327000, Returns: -8.860, Epsilon: 0.1907
Step: 327100, Returns: -8.900, Epsilon: 0.1904
Step: 327200, Returns: -8.850, Epsilon: 0.1902
Step: 327300, Returns: -8.850, Epsilon: 0.1899
Step: 327400, Returns: -8.850, Epsilon: 0.1897
Step: 327500, Returns: -8.850, Epsilon: 0.1894
Step: 327600, Returns: -8.830, Epsilon: 0.1892
Step: 327700, Returns: -8.830, Epsilon: 0.1889
Step: 327800, Returns: -8.830, Epsilon: 0.1887
Updating target network...
Step: 327900, Returns: -8.830, Epsilon: 0.1884
Step: 328000, Returns: -8.770, Epsilon: 0.1882
Step: 328100, Returns: -8.770, Epsilon: 0.1880
Step: 328200, Returns: -8.770, Epsilon: 0.1877
Step: 328300, Returns: -8.850, Epsilon: 0.1875
Step: 328400, Returns: -8.860, Epsilon: 0.1872
Step: 328500, Returns: -8.960, Epsilon: 0.1870
Step: 328600, Returns: -8.900, Epsilon: 0.1867
Step: 328700, Returns: -8.840, Epsilon: 0.1865
Step: 328800, Returns: -8.840, Epsilon: 0.1862
Step: 328900, Returns: -8.800, Epsilon: 0.1860
Step: 329000, Returns: -8.750, Epsilon: 0.1857
Updating target network...
Step: 329100, Returns: -8.750, Epsilon: 0.1855
Step: 329200, Returns: -8.750, Epsilon: 0.1852
Step: 329300, Returns: -8.750, Epsilon: 0.1850
Step: 329400, Returns: -8.750, Epsilon: 0.1847
Step: 329500, Returns: -8.750, Epsilon: 0.1845
Step: 329600, Returns: -8.700, Epsilon: 0.1842
Step: 329700, Returns: -8.630, Epsilon: 0.1840
Step: 329800, Returns: -8.630, Epsilon: 0.1837
Step: 329900, Returns: -8.550, Epsilon: 0.1835
Step: 330000, Returns: -8.550, Epsilon: 0.1833
Step: 330100, Returns: -8.550, Epsilon: 0.1830
Step: 330200, Returns: -8.550, Epsilon: 0.1828
Step: 330300, Returns: -8.500, Epsilon: 0.1825
Updating target network...
Step: 330400, Returns: -8.500, Epsilon: 0.1823
Step: 330500, Returns: -8.500, Epsilon: 0.1820
Step: 330600, Returns: -8.500, Epsilon: 0.1818
Step: 330700, Returns: -8.520, Epsilon: 0.1815
Step: 330800, Returns: -8.490, Epsilon: 0.1813
Step: 330900, Returns: -8.490, Epsilon: 0.1810
Step: 331000, Returns: -8.300, Epsilon: 0.1808
Step: 331100, Returns: -8.300, Epsilon: 0.1805
Step: 331200, Returns: -8.280, Epsilon: 0.1803
Step: 331300, Returns: -8.240, Epsilon: 0.1800
Step: 331400, Returns: -8.160, Epsilon: 0.1798
Step: 331500, Returns: -8.160, Epsilon: 0.1795
Updating target network...
Step: 331600, Returns: -8.160, Epsilon: 0.1793
Step: 331700, Returns: -8.100, Epsilon: 0.1790
Step: 331800, Returns: -8.100, Epsilon: 0.1788
Step: 331900, Returns: -8.060, Epsilon: 0.1785
Step: 332000, Returns: -8.060, Epsilon: 0.1783
Step: 332100, Returns: -8.060, Epsilon: 0.1781
Step: 332200, Returns: -8.060, Epsilon: 0.1778
Step: 332300, Returns: -8.000, Epsilon: 0.1776
Step: 332400, Returns: -8.000, Epsilon: 0.1773
Step: 332500, Returns: -8.000, Epsilon: 0.1771
Step: 332600, Returns: -8.000, Epsilon: 0.1768
Step: 332700, Returns: -8.000, Epsilon: 0.1766
Step: 332800, Returns: -8.000, Epsilon: 0.1763
Updating target network...
Step: 332900, Returns: -8.030, Epsilon: 0.1761
Step: 333000, Returns: -8.030, Epsilon: 0.1758
Step: 333100, Returns: -7.980, Epsilon: 0.1756
Step: 333200, Returns: -7.980, Epsilon: 0.1753
Step: 333300, Returns: -7.980, Epsilon: 0.1751
Step: 333400, Returns: -7.980, Epsilon: 0.1748
Step: 333500, Returns: -8.040, Epsilon: 0.1746
Step: 333600, Returns: -7.960, Epsilon: 0.1743
Step: 333700, Returns: -7.860, Epsilon: 0.1741
Step: 333800, Returns: -7.860, Epsilon: 0.1738
Step: 333900, Returns: -7.860, Epsilon: 0.1736
Step: 334000, Returns: -7.860, Epsilon: 0.1734
Updating target network...
Step: 334100, Returns: -7.940, Epsilon: 0.1731
Step: 334200, Returns: -7.950, Epsilon: 0.1729
Step: 334300, Returns: -8.020, Epsilon: 0.1726
Step: 334400, Returns: -7.960, Epsilon: 0.1724
Step: 334500, Returns: -7.920, Epsilon: 0.1721
Step: 334600, Returns: -7.920, Epsilon: 0.1719
Step: 334700, Returns: -7.970, Epsilon: 0.1716
Step: 334800, Returns: -7.970, Epsilon: 0.1714
Step: 334900, Returns: -7.970, Epsilon: 0.1711
Step: 335000, Returns: -7.970, Epsilon: 0.1709
Step: 335100, Returns: -8.120, Epsilon: 0.1706
Step: 335200, Returns: -8.120, Epsilon: 0.1704
Step: 335300, Returns: -8.120, Epsilon: 0.1701
Updating target network...
Step: 335400, Returns: -8.120, Epsilon: 0.1699
Step: 335500, Returns: -8.070, Epsilon: 0.1696
Step: 335600, Returns: -8.070, Epsilon: 0.1694
Step: 335700, Returns: -8.070, Epsilon: 0.1691
Step: 335800, Returns: -8.070, Epsilon: 0.1689
Step: 335900, Returns: -8.070, Epsilon: 0.1686
Step: 336000, Returns: -8.070, Epsilon: 0.1684
Step: 336100, Returns: -8.040, Epsilon: 0.1682
Step: 336200, Returns: -8.170, Epsilon: 0.1679
Step: 336300, Returns: -8.170, Epsilon: 0.1677
Step: 336400, Returns: -8.170, Epsilon: 0.1674
Step: 336500, Returns: -8.190, Epsilon: 0.1672
Updating target network...
Step: 336600, Returns: -8.170, Epsilon: 0.1669
Step: 336700, Returns: -8.170, Epsilon: 0.1667
Step: 336800, Returns: -8.200, Epsilon: 0.1664
Step: 336900, Returns: -8.200, Epsilon: 0.1662
Step: 337000, Returns: -8.120, Epsilon: 0.1659
Step: 337100, Returns: -7.940, Epsilon: 0.1657
Step: 337200, Returns: -7.940, Epsilon: 0.1654
Step: 337300, Returns: -7.940, Epsilon: 0.1652
Step: 337400, Returns: -7.940, Epsilon: 0.1649
Step: 337500, Returns: -7.920, Epsilon: 0.1647
Step: 337600, Returns: -7.790, Epsilon: 0.1644
Step: 337700, Returns: -7.790, Epsilon: 0.1642
Step: 337800, Returns: -7.790, Epsilon: 0.1639
Updating target network...
Step: 337900, Returns: -7.770, Epsilon: 0.1637
Step: 338000, Returns: -7.770, Epsilon: 0.1635
Step: 338100, Returns: -7.770, Epsilon: 0.1632
Step: 338200, Returns: -7.770, Epsilon: 0.1630
Step: 338300, Returns: -7.770, Epsilon: 0.1627
Step: 338400, Returns: -7.770, Epsilon: 0.1625
Step: 338500, Returns: -7.770, Epsilon: 0.1622
Step: 338600, Returns: -7.770, Epsilon: 0.1620
Step: 338700, Returns: -7.770, Epsilon: 0.1617
Step: 338800, Returns: -7.770, Epsilon: 0.1615
Step: 338900, Returns: -7.770, Epsilon: 0.1612
Step: 339000, Returns: -7.770, Epsilon: 0.1610
Updating target network...
Step: 339100, Returns: -7.790, Epsilon: 0.1607
Step: 339200, Returns: -7.790, Epsilon: 0.1605
Step: 339300, Returns: -7.660, Epsilon: 0.1602
Step: 339400, Returns: -7.630, Epsilon: 0.1600
Step: 339500, Returns: -7.590, Epsilon: 0.1597
Step: 339600, Returns: -7.480, Epsilon: 0.1595
Step: 339700, Returns: -7.480, Epsilon: 0.1592
Step: 339800, Returns: -7.480, Epsilon: 0.1590
Step: 339900, Returns: -7.420, Epsilon: 0.1587
Step: 340000, Returns: -7.340, Epsilon: 0.1585
Step: 340100, Returns: -7.130, Epsilon: 0.1583
Step: 340200, Returns: -7.130, Epsilon: 0.1580
Step: 340300, Returns: -7.130, Epsilon: 0.1578
Updating target network...
Step: 340400, Returns: -7.130, Epsilon: 0.1575
Step: 340500, Returns: -7.150, Epsilon: 0.1573
Step: 340600, Returns: -7.150, Epsilon: 0.1570
Step: 340700, Returns: -7.100, Epsilon: 0.1568
Step: 340800, Returns: -7.100, Epsilon: 0.1565
Step: 340900, Returns: -7.100, Epsilon: 0.1563
Step: 341000, Returns: -7.100, Epsilon: 0.1560
Step: 341100, Returns: -7.100, Epsilon: 0.1558
Step: 341200, Returns: -6.940, Epsilon: 0.1555
Step: 341300, Returns: -6.940, Epsilon: 0.1553
Step: 341400, Returns: -6.900, Epsilon: 0.1550
Step: 341500, Returns: -6.840, Epsilon: 0.1548
Updating target network...
Step: 341600, Returns: -6.840, Epsilon: 0.1545
Step: 341700, Returns: -6.840, Epsilon: 0.1543
Step: 341800, Returns: -6.840, Epsilon: 0.1540
Step: 341900, Returns: -6.840, Epsilon: 0.1538
Step: 342000, Returns: -6.840, Epsilon: 0.1536
Step: 342100, Returns: -6.910, Epsilon: 0.1533
Step: 342200, Returns: -6.910, Epsilon: 0.1531
Step: 342300, Returns: -6.890, Epsilon: 0.1528
Step: 342400, Returns: -6.890, Epsilon: 0.1526
Step: 342500, Returns: -6.890, Epsilon: 0.1523
Step: 342600, Returns: -6.890, Epsilon: 0.1521
Step: 342700, Returns: -6.930, Epsilon: 0.1518
Step: 342800, Returns: -6.850, Epsilon: 0.1516
Updating target network...
Step: 342900, Returns: -6.830, Epsilon: 0.1513
Step: 343000, Returns: -6.810, Epsilon: 0.1511
Step: 343100, Returns: -6.790, Epsilon: 0.1508
Step: 343200, Returns: -6.790, Epsilon: 0.1506
Step: 343300, Returns: -6.690, Epsilon: 0.1503
Step: 343400, Returns: -6.690, Epsilon: 0.1501
Step: 343500, Returns: -6.690, Epsilon: 0.1498
Step: 343600, Returns: -6.710, Epsilon: 0.1496
Step: 343700, Returns: -6.710, Epsilon: 0.1493
Step: 343800, Returns: -6.640, Epsilon: 0.1491
Step: 343900, Returns: -6.640, Epsilon: 0.1488
Step: 344000, Returns: -6.640, Epsilon: 0.1486
Updating target network...
Step: 344100, Returns: -6.640, Epsilon: 0.1484
Step: 344200, Returns: -6.640, Epsilon: 0.1481
Step: 344300, Returns: -6.640, Epsilon: 0.1479
Step: 344400, Returns: -6.640, Epsilon: 0.1476
Step: 344500, Returns: -6.790, Epsilon: 0.1474
Step: 344600, Returns: -6.790, Epsilon: 0.1471
Step: 344700, Returns: -6.710, Epsilon: 0.1469
Step: 344800, Returns: -6.730, Epsilon: 0.1466
Step: 344900, Returns: -6.730, Epsilon: 0.1464
Step: 345000, Returns: -6.730, Epsilon: 0.1461
Step: 345100, Returns: -6.730, Epsilon: 0.1459
Step: 345200, Returns: -6.690, Epsilon: 0.1456
Step: 345300, Returns: -6.680, Epsilon: 0.1454
Updating target network...
Step: 345400, Returns: -6.680, Epsilon: 0.1451
Step: 345500, Returns: -6.680, Epsilon: 0.1449
Step: 345600, Returns: -6.680, Epsilon: 0.1446
Step: 345700, Returns: -6.670, Epsilon: 0.1444
Step: 345800, Returns: -6.610, Epsilon: 0.1441
Step: 345900, Returns: -6.610, Epsilon: 0.1439
Step: 346000, Returns: -6.610, Epsilon: 0.1437
Step: 346100, Returns: -6.600, Epsilon: 0.1434
Step: 346200, Returns: -6.400, Epsilon: 0.1432
Step: 346300, Returns: -6.400, Epsilon: 0.1429
Step: 346400, Returns: -6.270, Epsilon: 0.1427
Step: 346500, Returns: -6.270, Epsilon: 0.1424
Updating target network...
Step: 346600, Returns: -6.270, Epsilon: 0.1422
Step: 346700, Returns: -6.160, Epsilon: 0.1419
Step: 346800, Returns: -6.260, Epsilon: 0.1417
Step: 346900, Returns: -6.260, Epsilon: 0.1414
Step: 347000, Returns: -6.260, Epsilon: 0.1412
Step: 347100, Returns: -6.260, Epsilon: 0.1409
Step: 347200, Returns: -6.260, Epsilon: 0.1407
Step: 347300, Returns: -6.260, Epsilon: 0.1404
Step: 347400, Returns: -6.260, Epsilon: 0.1402
Step: 347500, Returns: -6.290, Epsilon: 0.1399
Step: 347600, Returns: -6.290, Epsilon: 0.1397
Step: 347700, Returns: -6.290, Epsilon: 0.1394
Step: 347800, Returns: -6.290, Epsilon: 0.1392
Updating target network...
Step: 347900, Returns: -6.290, Epsilon: 0.1389
Step: 348000, Returns: -6.290, Epsilon: 0.1387
Step: 348100, Returns: -6.290, Epsilon: 0.1385
Step: 348200, Returns: -6.260, Epsilon: 0.1382
Step: 348300, Returns: -6.260, Epsilon: 0.1380
Step: 348400, Returns: -6.260, Epsilon: 0.1377
Step: 348500, Returns: -6.260, Epsilon: 0.1375
Step: 348600, Returns: -6.260, Epsilon: 0.1372
Step: 348700, Returns: -6.330, Epsilon: 0.1370
Step: 348800, Returns: -6.330, Epsilon: 0.1367
Step: 348900, Returns: -6.290, Epsilon: 0.1365
Step: 349000, Returns: -6.310, Epsilon: 0.1362
Updating target network...
Step: 349100, Returns: -6.250, Epsilon: 0.1360
Step: 349200, Returns: -6.250, Epsilon: 0.1357
Step: 349300, Returns: -6.220, Epsilon: 0.1355
Step: 349400, Returns: -6.220, Epsilon: 0.1352
Step: 349500, Returns: -6.220, Epsilon: 0.1350
Step: 349600, Returns: -6.230, Epsilon: 0.1347
Step: 349700, Returns: -6.200, Epsilon: 0.1345
Step: 349800, Returns: -6.200, Epsilon: 0.1342
Step: 349900, Returns: -6.120, Epsilon: 0.1340
Step: 350000, Returns: -6.010, Epsilon: 0.1338
Step: 350100, Returns: -6.010, Epsilon: 0.1335
Step: 350200, Returns: -6.010, Epsilon: 0.1333
Step: 350300, Returns: -6.010, Epsilon: 0.1330
Updating target network...
Step: 350400, Returns: -6.010, Epsilon: 0.1328
Step: 350500, Returns: -6.010, Epsilon: 0.1325
Step: 350600, Returns: -6.010, Epsilon: 0.1323
Step: 350700, Returns: -6.010, Epsilon: 0.1320
Step: 350800, Returns: -6.010, Epsilon: 0.1318
Step: 350900, Returns: -6.010, Epsilon: 0.1315
Step: 351000, Returns: -6.010, Epsilon: 0.1313
Step: 351100, Returns: -6.010, Epsilon: 0.1310
Step: 351200, Returns: -6.030, Epsilon: 0.1308
Step: 351300, Returns: -6.030, Epsilon: 0.1305
Step: 351400, Returns: -6.030, Epsilon: 0.1303
Step: 351500, Returns: -6.030, Epsilon: 0.1300
Updating target network...
Step: 351600, Returns: -5.930, Epsilon: 0.1298
Step: 351700, Returns: -5.930, Epsilon: 0.1295
Step: 351800, Returns: -5.930, Epsilon: 0.1293
Step: 351900, Returns: -5.840, Epsilon: 0.1290
Step: 352000, Returns: -5.780, Epsilon: 0.1288
Step: 352100, Returns: -5.550, Epsilon: 0.1286
Step: 352200, Returns: -5.460, Epsilon: 0.1283
Step: 352300, Returns: -5.380, Epsilon: 0.1281
Step: 352400, Returns: -5.410, Epsilon: 0.1278
Step: 352500, Returns: -5.450, Epsilon: 0.1276
Step: 352600, Returns: -5.450, Epsilon: 0.1273
Step: 352700, Returns: -5.450, Epsilon: 0.1271
Step: 352800, Returns: -5.450, Epsilon: 0.1268
Updating target network...
Step: 352900, Returns: -5.400, Epsilon: 0.1266
Step: 353000, Returns: -5.400, Epsilon: 0.1263
Step: 353100, Returns: -5.400, Epsilon: 0.1261
Step: 353200, Returns: -5.400, Epsilon: 0.1258
Step: 353300, Returns: -5.400, Epsilon: 0.1256
Step: 353400, Returns: -5.400, Epsilon: 0.1253
Step: 353500, Returns: -5.400, Epsilon: 0.1251
Step: 353600, Returns: -5.400, Epsilon: 0.1248
Step: 353700, Returns: -5.400, Epsilon: 0.1246
Step: 353800, Returns: -5.400, Epsilon: 0.1243
Step: 353900, Returns: -5.400, Epsilon: 0.1241
Step: 354000, Returns: -5.330, Epsilon: 0.1239
Updating target network...
Step: 354100, Returns: -5.330, Epsilon: 0.1236
Step: 354200, Returns: -5.330, Epsilon: 0.1234
Step: 354300, Returns: -5.330, Epsilon: 0.1231
Step: 354400, Returns: -5.330, Epsilon: 0.1229
Step: 354500, Returns: -5.330, Epsilon: 0.1226
Step: 354600, Returns: -5.350, Epsilon: 0.1224
Step: 354700, Returns: -5.230, Epsilon: 0.1221
Step: 354800, Returns: -5.230, Epsilon: 0.1219
Step: 354900, Returns: -5.280, Epsilon: 0.1216
Step: 355000, Returns: -5.280, Epsilon: 0.1214
Step: 355100, Returns: -5.280, Epsilon: 0.1211
Step: 355200, Returns: -5.280, Epsilon: 0.1209
Step: 355300, Returns: -5.170, Epsilon: 0.1206
Updating target network...
Step: 355400, Returns: -5.120, Epsilon: 0.1204
Step: 355500, Returns: -5.040, Epsilon: 0.1201
Step: 355600, Returns: -5.040, Epsilon: 0.1199
Step: 355700, Returns: -4.960, Epsilon: 0.1196
Step: 355800, Returns: -4.960, Epsilon: 0.1194
Step: 355900, Returns: -4.800, Epsilon: 0.1191
Step: 356000, Returns: -4.800, Epsilon: 0.1189
Step: 356100, Returns: -4.610, Epsilon: 0.1187
Step: 356200, Returns: -4.610, Epsilon: 0.1184
Step: 356300, Returns: -4.610, Epsilon: 0.1182
Step: 356400, Returns: -4.610, Epsilon: 0.1179
Step: 356500, Returns: -4.610, Epsilon: 0.1177
Updating target network...
Step: 356600, Returns: -4.650, Epsilon: 0.1174
Step: 356700, Returns: -4.650, Epsilon: 0.1172
Step: 356800, Returns: -4.650, Epsilon: 0.1169
Step: 356900, Returns: -4.650, Epsilon: 0.1167
Step: 357000, Returns: -4.650, Epsilon: 0.1164
Step: 357100, Returns: -4.650, Epsilon: 0.1162
Step: 357200, Returns: -4.650, Epsilon: 0.1159
Step: 357300, Returns: -4.650, Epsilon: 0.1157
Step: 357400, Returns: -4.650, Epsilon: 0.1154
Step: 357500, Returns: -4.680, Epsilon: 0.1152
Step: 357600, Returns: -4.680, Epsilon: 0.1149
Step: 357700, Returns: -4.680, Epsilon: 0.1147
Step: 357800, Returns: -4.660, Epsilon: 0.1144
Updating target network...
Step: 357900, Returns: -4.490, Epsilon: 0.1142
Step: 358000, Returns: -4.490, Epsilon: 0.1140
Step: 358100, Returns: -4.490, Epsilon: 0.1137
Step: 358200, Returns: -4.600, Epsilon: 0.1135
Step: 358300, Returns: -4.630, Epsilon: 0.1132
Step: 358400, Returns: -4.630, Epsilon: 0.1130
Step: 358500, Returns: -4.650, Epsilon: 0.1127
Step: 358600, Returns: -4.650, Epsilon: 0.1125
Step: 358700, Returns: -4.650, Epsilon: 0.1122
Step: 358800, Returns: -4.650, Epsilon: 0.1120
Step: 358900, Returns: -4.720, Epsilon: 0.1117
Step: 359000, Returns: -4.720, Epsilon: 0.1115
Updating target network...
Step: 359100, Returns: -4.720, Epsilon: 0.1112
Step: 359200, Returns: -4.720, Epsilon: 0.1110
Step: 359300, Returns: -4.690, Epsilon: 0.1107
Step: 359400, Returns: -4.690, Epsilon: 0.1105
Step: 359500, Returns: -4.810, Epsilon: 0.1102
Step: 359600, Returns: -4.810, Epsilon: 0.1100
Step: 359700, Returns: -4.770, Epsilon: 0.1097
Step: 359800, Returns: -4.740, Epsilon: 0.1095
Step: 359900, Returns: -4.750, Epsilon: 0.1092
Step: 360000, Returns: -4.750, Epsilon: 0.1090
Step: 360100, Returns: -4.750, Epsilon: 0.1088
Step: 360200, Returns: -4.750, Epsilon: 0.1085
Step: 360300, Returns: -4.750, Epsilon: 0.1083
Updating target network...
Step: 360400, Returns: -4.750, Epsilon: 0.1080
Step: 360500, Returns: -4.750, Epsilon: 0.1078
Step: 360600, Returns: -4.750, Epsilon: 0.1075
Step: 360700, Returns: -4.750, Epsilon: 0.1073
Step: 360800, Returns: -4.750, Epsilon: 0.1070
Step: 360900, Returns: -4.750, Epsilon: 0.1068
Step: 361000, Returns: -4.750, Epsilon: 0.1065
Step: 361100, Returns: -4.780, Epsilon: 0.1063
Step: 361200, Returns: -4.780, Epsilon: 0.1060
Step: 361300, Returns: -4.780, Epsilon: 0.1058
Step: 361400, Returns: -4.740, Epsilon: 0.1055
Step: 361500, Returns: -4.740, Epsilon: 0.1053
Updating target network...
Step: 361600, Returns: -4.740, Epsilon: 0.1050
Step: 361700, Returns: -4.740, Epsilon: 0.1048
Step: 361800, Returns: -4.740, Epsilon: 0.1045
Step: 361900, Returns: -4.730, Epsilon: 0.1043
Step: 362000, Returns: -4.760, Epsilon: 0.1041
Step: 362100, Returns: -4.760, Epsilon: 0.1038
Step: 362200, Returns: -4.760, Epsilon: 0.1036
Step: 362300, Returns: -4.760, Epsilon: 0.1033
Step: 362400, Returns: -4.820, Epsilon: 0.1031
Step: 362500, Returns: -4.780, Epsilon: 0.1028
Step: 362600, Returns: -4.690, Epsilon: 0.1026
Step: 362700, Returns: -4.690, Epsilon: 0.1023
Step: 362800, Returns: -4.530, Epsilon: 0.1021
Updating target network...
Step: 362900, Returns: -4.380, Epsilon: 0.1018
Step: 363000, Returns: -4.380, Epsilon: 0.1016
Step: 363100, Returns: -4.380, Epsilon: 0.1013
Step: 363200, Returns: -4.350, Epsilon: 0.1011
Step: 363300, Returns: -4.270, Epsilon: 0.1008
Step: 363400, Returns: -4.270, Epsilon: 0.1006
Step: 363500, Returns: -4.200, Epsilon: 0.1003
Step: 363600, Returns: -4.200, Epsilon: 0.1001
Step: 363700, Returns: -4.200, Epsilon: 0.0998
Step: 363800, Returns: -4.200, Epsilon: 0.0996
Step: 363900, Returns: -4.200, Epsilon: 0.0993
Step: 364000, Returns: -4.200, Epsilon: 0.0991
Updating target network...
Step: 364100, Returns: -4.200, Epsilon: 0.0989
Step: 364200, Returns: -4.200, Epsilon: 0.0986
Step: 364300, Returns: -4.200, Epsilon: 0.0984
Step: 364400, Returns: -4.170, Epsilon: 0.0981
Step: 364500, Returns: -4.170, Epsilon: 0.0979
Step: 364600, Returns: -4.170, Epsilon: 0.0976
Step: 364700, Returns: -4.180, Epsilon: 0.0974
Step: 364800, Returns: -4.180, Epsilon: 0.0971
Step: 364900, Returns: -4.180, Epsilon: 0.0969
Step: 365000, Returns: -4.180, Epsilon: 0.0966
Step: 365100, Returns: -4.230, Epsilon: 0.0964
Step: 365200, Returns: -4.200, Epsilon: 0.0961
Step: 365300, Returns: -4.200, Epsilon: 0.0959
Updating target network...
Step: 365400, Returns: -4.220, Epsilon: 0.0956
Step: 365500, Returns: -4.220, Epsilon: 0.0954
Step: 365600, Returns: -4.210, Epsilon: 0.0951
Step: 365700, Returns: -4.210, Epsilon: 0.0949
Step: 365800, Returns: -4.210, Epsilon: 0.0946
Step: 365900, Returns: -4.210, Epsilon: 0.0944
Step: 366000, Returns: -4.210, Epsilon: 0.0942
Step: 366100, Returns: -4.100, Epsilon: 0.0939
Step: 366200, Returns: -4.100, Epsilon: 0.0937
Step: 366300, Returns: -4.100, Epsilon: 0.0934
Step: 366400, Returns: -4.100, Epsilon: 0.0932
Step: 366500, Returns: -3.980, Epsilon: 0.0929
Updating target network...
Step: 366600, Returns: -3.980, Epsilon: 0.0927
Step: 366700, Returns: -3.890, Epsilon: 0.0924
Step: 366800, Returns: -3.830, Epsilon: 0.0922
Step: 366900, Returns: -3.810, Epsilon: 0.0919
Step: 367000, Returns: -3.920, Epsilon: 0.0917
Step: 367100, Returns: -3.920, Epsilon: 0.0914
Step: 367200, Returns: -3.920, Epsilon: 0.0912
Step: 367300, Returns: -3.920, Epsilon: 0.0909
Step: 367400, Returns: -3.920, Epsilon: 0.0907
Step: 367500, Returns: -3.920, Epsilon: 0.0904
Step: 367600, Returns: -3.920, Epsilon: 0.0902
Step: 367700, Returns: -3.920, Epsilon: 0.0899
Step: 367800, Returns: -3.920, Epsilon: 0.0897
Updating target network...
Step: 367900, Returns: -3.940, Epsilon: 0.0894
Step: 368000, Returns: -3.940, Epsilon: 0.0892
Step: 368100, Returns: -3.940, Epsilon: 0.0890
Step: 368200, Returns: -3.940, Epsilon: 0.0887
Step: 368300, Returns: -3.940, Epsilon: 0.0885
Step: 368400, Returns: -3.940, Epsilon: 0.0882
Step: 368500, Returns: -3.720, Epsilon: 0.0880
Step: 368600, Returns: -3.720, Epsilon: 0.0877
Step: 368700, Returns: -3.500, Epsilon: 0.0875
Step: 368800, Returns: -3.540, Epsilon: 0.0872
Step: 368900, Returns: -3.540, Epsilon: 0.0870
Step: 369000, Returns: -3.540, Epsilon: 0.0867
Updating target network...
Step: 369100, Returns: -3.540, Epsilon: 0.0865
Step: 369200, Returns: -3.540, Epsilon: 0.0862
Step: 369300, Returns: -3.540, Epsilon: 0.0860
Step: 369400, Returns: -3.560, Epsilon: 0.0857
Step: 369500, Returns: -3.430, Epsilon: 0.0855
Step: 369600, Returns: -3.420, Epsilon: 0.0852
Step: 369700, Returns: -3.420, Epsilon: 0.0850
Step: 369800, Returns: -3.420, Epsilon: 0.0847
Step: 369900, Returns: -3.260, Epsilon: 0.0845
Step: 370000, Returns: -3.310, Epsilon: 0.0843
Step: 370100, Returns: -3.170, Epsilon: 0.0840
Step: 370200, Returns: -3.050, Epsilon: 0.0838
Step: 370300, Returns: -3.050, Epsilon: 0.0835
Updating target network...
Step: 370400, Returns: -3.010, Epsilon: 0.0833
Step: 370500, Returns: -3.010, Epsilon: 0.0830
Step: 370600, Returns: -3.010, Epsilon: 0.0828
Step: 370700, Returns: -2.890, Epsilon: 0.0825
Step: 370800, Returns: -2.890, Epsilon: 0.0823
Step: 370900, Returns: -2.830, Epsilon: 0.0820
Step: 371000, Returns: -2.830, Epsilon: 0.0818
Step: 371100, Returns: -2.830, Epsilon: 0.0815
Step: 371200, Returns: -2.830, Epsilon: 0.0813
Step: 371300, Returns: -2.830, Epsilon: 0.0810
Step: 371400, Returns: -2.890, Epsilon: 0.0808
Step: 371500, Returns: -2.890, Epsilon: 0.0805
Updating target network...
Step: 371600, Returns: -2.830, Epsilon: 0.0803
Step: 371700, Returns: -2.830, Epsilon: 0.0800
Step: 371800, Returns: -2.650, Epsilon: 0.0798
Step: 371900, Returns: -2.650, Epsilon: 0.0795
Step: 372000, Returns: -2.650, Epsilon: 0.0793
Step: 372100, Returns: -2.540, Epsilon: 0.0791
Step: 372200, Returns: -2.540, Epsilon: 0.0788
Step: 372300, Returns: -2.540, Epsilon: 0.0786
Step: 372400, Returns: -2.540, Epsilon: 0.0783
Step: 372500, Returns: -2.540, Epsilon: 0.0781
Step: 372600, Returns: -2.540, Epsilon: 0.0778
Step: 372700, Returns: -2.540, Epsilon: 0.0776
Step: 372800, Returns: -2.540, Epsilon: 0.0773
Updating target network...
Step: 372900, Returns: -2.400, Epsilon: 0.0771
Step: 373000, Returns: -2.400, Epsilon: 0.0768
Step: 373100, Returns: -2.430, Epsilon: 0.0766
Step: 373200, Returns: -2.240, Epsilon: 0.0763
Step: 373300, Returns: -2.310, Epsilon: 0.0761
Step: 373400, Returns: -2.310, Epsilon: 0.0758
Step: 373500, Returns: -2.310, Epsilon: 0.0756
Step: 373600, Returns: -2.310, Epsilon: 0.0753
Step: 373700, Returns: -2.310, Epsilon: 0.0751
Step: 373800, Returns: -2.310, Epsilon: 0.0748
Step: 373900, Returns: -2.390, Epsilon: 0.0746
Step: 374000, Returns: -2.390, Epsilon: 0.0744
Updating target network...
Step: 374100, Returns: -2.390, Epsilon: 0.0741
Step: 374200, Returns: -2.370, Epsilon: 0.0739
Step: 374300, Returns: -2.370, Epsilon: 0.0736
Step: 374400, Returns: -2.370, Epsilon: 0.0734
Step: 374500, Returns: -2.370, Epsilon: 0.0731
Step: 374600, Returns: -2.080, Epsilon: 0.0729
Step: 374700, Returns: -1.920, Epsilon: 0.0726
Step: 374800, Returns: -1.920, Epsilon: 0.0724
Step: 374900, Returns: -1.920, Epsilon: 0.0721
Step: 375000, Returns: -1.920, Epsilon: 0.0719
Step: 375100, Returns: -1.920, Epsilon: 0.0716
Step: 375200, Returns: -1.920, Epsilon: 0.0714
Step: 375300, Returns: -1.920, Epsilon: 0.0711
Updating target network...
Step: 375400, Returns: -1.920, Epsilon: 0.0709
Step: 375500, Returns: -1.920, Epsilon: 0.0706
Step: 375600, Returns: -1.920, Epsilon: 0.0704
Step: 375700, Returns: -1.840, Epsilon: 0.0701
Step: 375800, Returns: -1.810, Epsilon: 0.0699
Step: 375900, Returns: -1.810, Epsilon: 0.0696
Step: 376000, Returns: -1.810, Epsilon: 0.0694
Step: 376100, Returns: -1.810, Epsilon: 0.0692
Step: 376200, Returns: -1.840, Epsilon: 0.0689
Step: 376300, Returns: -1.840, Epsilon: 0.0687
Step: 376400, Returns: -1.640, Epsilon: 0.0684
Step: 376500, Returns: -1.620, Epsilon: 0.0682
Updating target network...
Step: 376600, Returns: -1.620, Epsilon: 0.0679
Step: 376700, Returns: -1.570, Epsilon: 0.0677
Step: 376800, Returns: -1.500, Epsilon: 0.0674
Step: 376900, Returns: -1.500, Epsilon: 0.0672
Step: 377000, Returns: -1.500, Epsilon: 0.0669
Step: 377100, Returns: -1.480, Epsilon: 0.0667
Step: 377200, Returns: -1.480, Epsilon: 0.0664
Step: 377300, Returns: -1.480, Epsilon: 0.0662
Step: 377400, Returns: -1.480, Epsilon: 0.0659
Step: 377500, Returns: -1.320, Epsilon: 0.0657
Step: 377600, Returns: -1.320, Epsilon: 0.0654
Step: 377700, Returns: -1.240, Epsilon: 0.0652
Step: 377800, Returns: -1.240, Epsilon: 0.0649
Updating target network...
Step: 377900, Returns: -1.240, Epsilon: 0.0647
Step: 378000, Returns: -1.240, Epsilon: 0.0645
Step: 378100, Returns: -1.240, Epsilon: 0.0642
Step: 378200, Returns: -1.240, Epsilon: 0.0640
Step: 378300, Returns: -1.190, Epsilon: 0.0637
Step: 378400, Returns: -1.230, Epsilon: 0.0635
Step: 378500, Returns: -1.230, Epsilon: 0.0632
Step: 378600, Returns: -1.230, Epsilon: 0.0630
Step: 378700, Returns: -1.290, Epsilon: 0.0627
Step: 378800, Returns: -1.290, Epsilon: 0.0625
Step: 378900, Returns: -1.290, Epsilon: 0.0622
Step: 379000, Returns: -1.160, Epsilon: 0.0620
Updating target network...
Step: 379100, Returns: -1.160, Epsilon: 0.0617
Step: 379200, Returns: -1.160, Epsilon: 0.0615
Step: 379300, Returns: -1.160, Epsilon: 0.0612
Step: 379400, Returns: -1.180, Epsilon: 0.0610
Step: 379500, Returns: -1.180, Epsilon: 0.0607
Step: 379600, Returns: -1.180, Epsilon: 0.0605
Step: 379700, Returns: -1.300, Epsilon: 0.0602
Step: 379800, Returns: -1.300, Epsilon: 0.0600
Step: 379900, Returns: -1.050, Epsilon: 0.0597
Step: 380000, Returns: -1.050, Epsilon: 0.0595
Step: 380100, Returns: -1.010, Epsilon: 0.0593
Step: 380200, Returns: -1.010, Epsilon: 0.0590
Step: 380300, Returns: -0.740, Epsilon: 0.0588
Updating target network...
Step: 380400, Returns: -0.740, Epsilon: 0.0585
Step: 380500, Returns: -0.740, Epsilon: 0.0583
Step: 380600, Returns: -0.740, Epsilon: 0.0580
Step: 380700, Returns: -0.740, Epsilon: 0.0578
Step: 380800, Returns: -0.740, Epsilon: 0.0575
Step: 380900, Returns: -0.640, Epsilon: 0.0573
Step: 381000, Returns: -0.640, Epsilon: 0.0570
Step: 381100, Returns: -0.590, Epsilon: 0.0568
Step: 381200, Returns: -0.540, Epsilon: 0.0565
Step: 381300, Returns: -0.540, Epsilon: 0.0563
Step: 381400, Returns: -0.540, Epsilon: 0.0560
Step: 381500, Returns: -0.540, Epsilon: 0.0558
Updating target network...
Step: 381600, Returns: -0.400, Epsilon: 0.0555
Step: 381700, Returns: -0.400, Epsilon: 0.0553
Step: 381800, Returns: -0.300, Epsilon: 0.0550
Step: 381900, Returns: -0.300, Epsilon: 0.0548
Step: 382000, Returns: -0.300, Epsilon: 0.0546
Step: 382100, Returns: -0.300, Epsilon: 0.0543
Step: 382200, Returns: -0.300, Epsilon: 0.0541
Step: 382300, Returns: -0.300, Epsilon: 0.0538
Step: 382400, Returns: -0.300, Epsilon: 0.0536
Step: 382500, Returns: -0.300, Epsilon: 0.0533
Step: 382600, Returns: -0.300, Epsilon: 0.0531
Step: 382700, Returns: -0.130, Epsilon: 0.0528
Step: 382800, Returns: -0.130, Epsilon: 0.0526
Updating target network...
Step: 382900, Returns: -0.020, Epsilon: 0.0523
Step: 383000, Returns: 0.140, Epsilon: 0.0521
Step: 383100, Returns: 0.140, Epsilon: 0.0518
Step: 383200, Returns: 0.150, Epsilon: 0.0516
Step: 383300, Returns: 0.270, Epsilon: 0.0513
Step: 383400, Returns: 0.290, Epsilon: 0.0511
Step: 383500, Returns: 0.290, Epsilon: 0.0508
Step: 383600, Returns: 0.290, Epsilon: 0.0506
Step: 383700, Returns: 0.290, Epsilon: 0.0503
Step: 383800, Returns: 0.290, Epsilon: 0.0501
Step: 383900, Returns: 0.390, Epsilon: 0.0498
Step: 384000, Returns: 0.370, Epsilon: 0.0496
Updating target network...
Step: 384100, Returns: 0.370, Epsilon: 0.0494
Step: 384200, Returns: 0.370, Epsilon: 0.0491
Step: 384300, Returns: 0.370, Epsilon: 0.0489
Step: 384400, Returns: 0.420, Epsilon: 0.0486
Step: 384500, Returns: 0.390, Epsilon: 0.0484
Step: 384600, Returns: 0.390, Epsilon: 0.0481
Step: 384700, Returns: 0.390, Epsilon: 0.0479
Step: 384800, Returns: 0.360, Epsilon: 0.0476
Step: 384900, Returns: 0.360, Epsilon: 0.0474
Step: 385000, Returns: 0.390, Epsilon: 0.0471
Step: 385100, Returns: 0.390, Epsilon: 0.0469
Step: 385200, Returns: 0.390, Epsilon: 0.0466
Step: 385300, Returns: 0.390, Epsilon: 0.0464
Updating target network...
Step: 385400, Returns: 0.460, Epsilon: 0.0461
Step: 385500, Returns: 0.460, Epsilon: 0.0459
Step: 385600, Returns: 0.460, Epsilon: 0.0456
Step: 385700, Returns: 0.460, Epsilon: 0.0454
Step: 385800, Returns: 0.460, Epsilon: 0.0451
Step: 385900, Returns: 0.460, Epsilon: 0.0449
Step: 386000, Returns: 0.460, Epsilon: 0.0447
Step: 386100, Returns: 0.460, Epsilon: 0.0444
Step: 386200, Returns: 0.460, Epsilon: 0.0442
Step: 386300, Returns: 0.460, Epsilon: 0.0439
Step: 386400, Returns: 0.460, Epsilon: 0.0437
Step: 386500, Returns: 0.510, Epsilon: 0.0434
Updating target network...
Step: 386600, Returns: 0.780, Epsilon: 0.0432
Step: 386700, Returns: 0.860, Epsilon: 0.0429
Step: 386800, Returns: 0.860, Epsilon: 0.0427
Step: 386900, Returns: 0.860, Epsilon: 0.0424
Step: 387000, Returns: 0.840, Epsilon: 0.0422
Step: 387100, Returns: 0.940, Epsilon: 0.0419
Step: 387200, Returns: 0.850, Epsilon: 0.0417
Step: 387300, Returns: 0.910, Epsilon: 0.0414
Step: 387400, Returns: 0.910, Epsilon: 0.0412
Step: 387500, Returns: 1.020, Epsilon: 0.0409
Step: 387600, Returns: 1.020, Epsilon: 0.0407
Step: 387700, Returns: 1.020, Epsilon: 0.0404
Step: 387800, Returns: 1.020, Epsilon: 0.0402
Updating target network...
Step: 387900, Returns: 1.070, Epsilon: 0.0399
Step: 388000, Returns: 1.250, Epsilon: 0.0397
Step: 388100, Returns: 1.300, Epsilon: 0.0395
Step: 388200, Returns: 1.480, Epsilon: 0.0392
Step: 388300, Returns: 1.480, Epsilon: 0.0390
Step: 388400, Returns: 1.480, Epsilon: 0.0387
Step: 388500, Returns: 1.480, Epsilon: 0.0385
Step: 388600, Returns: 1.480, Epsilon: 0.0382
Step: 388700, Returns: 1.480, Epsilon: 0.0380
Step: 388800, Returns: 1.550, Epsilon: 0.0377
Step: 388900, Returns: 1.550, Epsilon: 0.0375
Step: 389000, Returns: 1.550, Epsilon: 0.0372
Updating target network...
Step: 389100, Returns: 1.550, Epsilon: 0.0370
Step: 389200, Returns: 1.550, Epsilon: 0.0367
Step: 389300, Returns: 1.550, Epsilon: 0.0365
Step: 389400, Returns: 1.540, Epsilon: 0.0362
Step: 389500, Returns: 1.540, Epsilon: 0.0360
Step: 389600, Returns: 1.540, Epsilon: 0.0357
Step: 389700, Returns: 1.560, Epsilon: 0.0355
Step: 389800, Returns: 1.560, Epsilon: 0.0352
Step: 389900, Returns: 1.660, Epsilon: 0.0350
Step: 390000, Returns: 1.830, Epsilon: 0.0348
Step: 390100, Returns: 1.910, Epsilon: 0.0345
Step: 390200, Returns: 1.880, Epsilon: 0.0343
Step: 390300, Returns: 1.910, Epsilon: 0.0340
Updating target network...
Step: 390400, Returns: 1.910, Epsilon: 0.0338
Step: 390500, Returns: 1.910, Epsilon: 0.0335
Step: 390600, Returns: 1.910, Epsilon: 0.0333
Step: 390700, Returns: 1.810, Epsilon: 0.0330
Step: 390800, Returns: 1.810, Epsilon: 0.0328
Step: 390900, Returns: 1.810, Epsilon: 0.0325
Step: 391000, Returns: 1.810, Epsilon: 0.0323
Step: 391100, Returns: 2.000, Epsilon: 0.0320
Step: 391200, Returns: 2.000, Epsilon: 0.0318
Step: 391300, Returns: 2.000, Epsilon: 0.0315
Step: 391400, Returns: 2.030, Epsilon: 0.0313
Step: 391500, Returns: 2.110, Epsilon: 0.0310
Updating target network...
Step: 391600, Returns: 2.110, Epsilon: 0.0308
Step: 391700, Returns: 2.110, Epsilon: 0.0305
Step: 391800, Returns: 2.110, Epsilon: 0.0303
Step: 391900, Returns: 2.110, Epsilon: 0.0300
Step: 392000, Returns: 2.110, Epsilon: 0.0298
Step: 392100, Returns: 2.250, Epsilon: 0.0296
Step: 392200, Returns: 2.250, Epsilon: 0.0293
Step: 392300, Returns: 2.250, Epsilon: 0.0291
Step: 392400, Returns: 2.250, Epsilon: 0.0288
Step: 392500, Returns: 2.180, Epsilon: 0.0286
Step: 392600, Returns: 2.180, Epsilon: 0.0283
Step: 392700, Returns: 2.390, Epsilon: 0.0281
Step: 392800, Returns: 2.450, Epsilon: 0.0278
Updating target network...
Step: 392900, Returns: 2.450, Epsilon: 0.0276
Step: 393000, Returns: 2.450, Epsilon: 0.0273
Step: 393100, Returns: 2.430, Epsilon: 0.0271
Step: 393200, Returns: 2.430, Epsilon: 0.0268
Step: 393300, Returns: 2.430, Epsilon: 0.0266
Step: 393400, Returns: 2.430, Epsilon: 0.0263
Step: 393500, Returns: 2.500, Epsilon: 0.0261
Step: 393600, Returns: 2.500, Epsilon: 0.0258
Step: 393700, Returns: 2.500, Epsilon: 0.0256
Step: 393800, Returns: 2.460, Epsilon: 0.0253
Step: 393900, Returns: 2.480, Epsilon: 0.0251
Step: 394000, Returns: 2.480, Epsilon: 0.0249
Updating target network...
Step: 394100, Returns: 2.480, Epsilon: 0.0246
Step: 394200, Returns: 2.480, Epsilon: 0.0244
Step: 394300, Returns: 2.470, Epsilon: 0.0241
Step: 394400, Returns: 2.470, Epsilon: 0.0239
Step: 394500, Returns: 2.530, Epsilon: 0.0236
Step: 394600, Returns: 2.530, Epsilon: 0.0234
Step: 394700, Returns: 2.450, Epsilon: 0.0231
Step: 394800, Returns: 2.600, Epsilon: 0.0229
Step: 394900, Returns: 2.600, Epsilon: 0.0226
Step: 395000, Returns: 2.600, Epsilon: 0.0224
Step: 395100, Returns: 2.600, Epsilon: 0.0221
Step: 395200, Returns: 2.600, Epsilon: 0.0219
Step: 395300, Returns: 2.600, Epsilon: 0.0216
Updating target network...
Step: 395400, Returns: 2.600, Epsilon: 0.0214
Step: 395500, Returns: 2.600, Epsilon: 0.0211
Step: 395600, Returns: 2.600, Epsilon: 0.0209
Step: 395700, Returns: 2.670, Epsilon: 0.0206
Step: 395800, Returns: 2.670, Epsilon: 0.0204
Step: 395900, Returns: 2.670, Epsilon: 0.0201
Step: 396000, Returns: 2.670, Epsilon: 0.0199
Step: 396100, Returns: 2.660, Epsilon: 0.0197
Step: 396200, Returns: 2.660, Epsilon: 0.0194
Step: 396300, Returns: 2.470, Epsilon: 0.0192
Step: 396400, Returns: 2.560, Epsilon: 0.0189
Step: 396500, Returns: 2.630, Epsilon: 0.0187
Updating target network...
Step: 396600, Returns: 2.630, Epsilon: 0.0184
Step: 396700, Returns: 2.630, Epsilon: 0.0182
Step: 396800, Returns: 2.750, Epsilon: 0.0179
Step: 396900, Returns: 2.750, Epsilon: 0.0177
Step: 397000, Returns: 2.750, Epsilon: 0.0174
Step: 397100, Returns: 2.750, Epsilon: 0.0172
Step: 397200, Returns: 2.750, Epsilon: 0.0169
Step: 397300, Returns: 2.750, Epsilon: 0.0167
Step: 397400, Returns: 2.710, Epsilon: 0.0164
Step: 397500, Returns: 2.750, Epsilon: 0.0162
Step: 397600, Returns: 2.750, Epsilon: 0.0159
Step: 397700, Returns: 2.750, Epsilon: 0.0157
Step: 397800, Returns: 2.750, Epsilon: 0.0154
Updating target network...
Step: 397900, Returns: 2.750, Epsilon: 0.0152
Step: 398000, Returns: 2.700, Epsilon: 0.0150
Step: 398100, Returns: 2.810, Epsilon: 0.0147
Step: 398200, Returns: 2.810, Epsilon: 0.0145
Step: 398300, Returns: 2.940, Epsilon: 0.0142
Step: 398400, Returns: 2.990, Epsilon: 0.0140
Step: 398500, Returns: 2.990, Epsilon: 0.0137
Step: 398600, Returns: 2.990, Epsilon: 0.0135
Step: 398700, Returns: 3.150, Epsilon: 0.0132
Step: 398800, Returns: 3.060, Epsilon: 0.0130
Step: 398900, Returns: 3.060, Epsilon: 0.0127
Step: 399000, Returns: 3.060, Epsilon: 0.0125
Updating target network...
Step: 399100, Returns: 3.060, Epsilon: 0.0122
Step: 399200, Returns: 3.140, Epsilon: 0.0120
Step: 399300, Returns: 3.140, Epsilon: 0.0117
Step: 399400, Returns: 3.200, Epsilon: 0.0115
Step: 399500, Returns: 3.260, Epsilon: 0.0112
Step: 399600, Returns: 3.260, Epsilon: 0.0110
Step: 399700, Returns: 3.420, Epsilon: 0.0107
Step: 399800, Returns: 3.420, Epsilon: 0.0105
Step: 399900, Returns: 3.420, Epsilon: 0.0102
Step: 400000, Returns: 3.620, Epsilon: 0.0100
Step: 400100, Returns: 3.620, Epsilon: 0.0100
Step: 400200, Returns: 3.620, Epsilon: 0.0100
Step: 400300, Returns: 3.620, Epsilon: 0.0100
Updating target network...
Step: 400400, Returns: 3.620, Epsilon: 0.0100
Step: 400500, Returns: 3.770, Epsilon: 0.0100
Step: 400600, Returns: 3.770, Epsilon: 0.0100
Step: 400700, Returns: 3.770, Epsilon: 0.0100
Step: 400800, Returns: 3.770, Epsilon: 0.0100
Step: 400900, Returns: 3.780, Epsilon: 0.0100
Step: 401000, Returns: 3.780, Epsilon: 0.0100
Step: 401100, Returns: 3.780, Epsilon: 0.0100
Step: 401200, Returns: 3.810, Epsilon: 0.0100
Step: 401300, Returns: 3.810, Epsilon: 0.0100
Step: 401400, Returns: 3.950, Epsilon: 0.0100
Step: 401500, Returns: 4.060, Epsilon: 0.0100
Updating target network...
Step: 401600, Returns: 4.060, Epsilon: 0.0100
Step: 401700, Returns: 4.070, Epsilon: 0.0100
Step: 401800, Returns: 4.070, Epsilon: 0.0100
Step: 401900, Returns: 4.070, Epsilon: 0.0100
Step: 402000, Returns: 3.980, Epsilon: 0.0100
Step: 402100, Returns: 3.980, Epsilon: 0.0100
Step: 402200, Returns: 3.980, Epsilon: 0.0100
Step: 402300, Returns: 3.980, Epsilon: 0.0100
Step: 402400, Returns: 3.980, Epsilon: 0.0100
Step: 402500, Returns: 4.010, Epsilon: 0.0100
Step: 402600, Returns: 4.010, Epsilon: 0.0100
Step: 402700, Returns: 4.010, Epsilon: 0.0100
Step: 402800, Returns: 4.160, Epsilon: 0.0100
Updating target network...
Step: 402900, Returns: 4.160, Epsilon: 0.0100
Step: 403000, Returns: 4.160, Epsilon: 0.0100
Step: 403100, Returns: 4.210, Epsilon: 0.0100
Step: 403200, Returns: 4.100, Epsilon: 0.0100
Step: 403300, Returns: 4.090, Epsilon: 0.0100
Step: 403400, Returns: 4.090, Epsilon: 0.0100
Step: 403500, Returns: 4.090, Epsilon: 0.0100
Step: 403600, Returns: 4.090, Epsilon: 0.0100
Step: 403700, Returns: 4.090, Epsilon: 0.0100
Step: 403800, Returns: 4.120, Epsilon: 0.0100
Step: 403900, Returns: 4.120, Epsilon: 0.0100
Step: 404000, Returns: 4.120, Epsilon: 0.0100
Updating target network...
Step: 404100, Returns: 4.120, Epsilon: 0.0100
Step: 404200, Returns: 4.120, Epsilon: 0.0100
Step: 404300, Returns: 4.230, Epsilon: 0.0100
Step: 404400, Returns: 4.230, Epsilon: 0.0100
Step: 404500, Returns: 4.230, Epsilon: 0.0100
Step: 404600, Returns: 4.230, Epsilon: 0.0100
Step: 404700, Returns: 4.340, Epsilon: 0.0100
Step: 404800, Returns: 4.340, Epsilon: 0.0100
Step: 404900, Returns: 4.340, Epsilon: 0.0100
Step: 405000, Returns: 4.320, Epsilon: 0.0100
Step: 405100, Returns: 4.320, Epsilon: 0.0100
Step: 405200, Returns: 4.320, Epsilon: 0.0100
Step: 405300, Returns: 4.320, Epsilon: 0.0100
Updating target network...
Step: 405400, Returns: 4.320, Epsilon: 0.0100
Step: 405500, Returns: 4.360, Epsilon: 0.0100
Step: 405600, Returns: 4.390, Epsilon: 0.0100
Step: 405700, Returns: 4.390, Epsilon: 0.0100
Step: 405800, Returns: 4.390, Epsilon: 0.0100
Step: 405900, Returns: 4.550, Epsilon: 0.0100
Step: 406000, Returns: 4.620, Epsilon: 0.0100
Step: 406100, Returns: 4.620, Epsilon: 0.0100
Step: 406200, Returns: 4.610, Epsilon: 0.0100
Step: 406300, Returns: 4.610, Epsilon: 0.0100
Step: 406400, Returns: 4.630, Epsilon: 0.0100
Step: 406500, Returns: 4.710, Epsilon: 0.0100
Updating target network...
Step: 406600, Returns: 4.710, Epsilon: 0.0100
Step: 406700, Returns: 4.710, Epsilon: 0.0100
Step: 406800, Returns: 4.850, Epsilon: 0.0100
Step: 406900, Returns: 4.890, Epsilon: 0.0100
Step: 407000, Returns: 4.890, Epsilon: 0.0100
Step: 407100, Returns: 4.890, Epsilon: 0.0100
Step: 407200, Returns: 4.890, Epsilon: 0.0100
Step: 407300, Returns: 4.890, Epsilon: 0.0100
Step: 407400, Returns: 4.890, Epsilon: 0.0100
Step: 407500, Returns: 5.110, Epsilon: 0.0100
Step: 407600, Returns: 5.110, Epsilon: 0.0100
Step: 407700, Returns: 5.110, Epsilon: 0.0100
Step: 407800, Returns: 5.110, Epsilon: 0.0100
Updating target network...
Step: 407900, Returns: 5.110, Epsilon: 0.0100
Step: 408000, Returns: 5.110, Epsilon: 0.0100
Step: 408100, Returns: 5.130, Epsilon: 0.0100
Step: 408200, Returns: 5.130, Epsilon: 0.0100
Step: 408300, Returns: 5.130, Epsilon: 0.0100
Step: 408400, Returns: 5.320, Epsilon: 0.0100
Step: 408500, Returns: 5.320, Epsilon: 0.0100
Step: 408600, Returns: 5.320, Epsilon: 0.0100
Step: 408700, Returns: 5.320, Epsilon: 0.0100
Step: 408800, Returns: 5.320, Epsilon: 0.0100
Step: 408900, Returns: 5.320, Epsilon: 0.0100
Step: 409000, Returns: 5.320, Epsilon: 0.0100
Updating target network...
Step: 409100, Returns: 5.290, Epsilon: 0.0100
Step: 409200, Returns: 5.290, Epsilon: 0.0100
Step: 409300, Returns: 5.350, Epsilon: 0.0100
Step: 409400, Returns: 5.320, Epsilon: 0.0100
Step: 409500, Returns: 5.300, Epsilon: 0.0100
Step: 409600, Returns: 5.420, Epsilon: 0.0100
Step: 409700, Returns: 5.420, Epsilon: 0.0100
Step: 409800, Returns: 5.510, Epsilon: 0.0100
Step: 409900, Returns: 5.510, Epsilon: 0.0100
Step: 410000, Returns: 5.510, Epsilon: 0.0100
Step: 410100, Returns: 5.490, Epsilon: 0.0100
Step: 410200, Returns: 5.460, Epsilon: 0.0100
Step: 410300, Returns: 5.460, Epsilon: 0.0100
Updating target network...
Step: 410400, Returns: 5.460, Epsilon: 0.0100
Step: 410500, Returns: 5.510, Epsilon: 0.0100
Step: 410600, Returns: 5.510, Epsilon: 0.0100
Step: 410700, Returns: 5.510, Epsilon: 0.0100
Step: 410800, Returns: 5.510, Epsilon: 0.0100
Step: 410900, Returns: 5.490, Epsilon: 0.0100
Step: 411000, Returns: 5.490, Epsilon: 0.0100
Step: 411100, Returns: 5.490, Epsilon: 0.0100
Step: 411200, Returns: 5.580, Epsilon: 0.0100
Step: 411300, Returns: 5.580, Epsilon: 0.0100
Step: 411400, Returns: 5.580, Epsilon: 0.0100
Step: 411500, Returns: 5.580, Epsilon: 0.0100
Updating target network...
Step: 411600, Returns: 5.580, Epsilon: 0.0100
Step: 411700, Returns: 5.580, Epsilon: 0.0100
Step: 411800, Returns: 5.580, Epsilon: 0.0100
Step: 411900, Returns: 5.580, Epsilon: 0.0100
Step: 412000, Returns: 5.660, Epsilon: 0.0100
Step: 412100, Returns: 5.660, Epsilon: 0.0100
Step: 412200, Returns: 5.660, Epsilon: 0.0100
Step: 412300, Returns: 5.830, Epsilon: 0.0100
Step: 412400, Returns: 5.830, Epsilon: 0.0100
Step: 412500, Returns: 5.830, Epsilon: 0.0100
Step: 412600, Returns: 5.690, Epsilon: 0.0100
Step: 412700, Returns: 5.690, Epsilon: 0.0100
Step: 412800, Returns: 5.720, Epsilon: 0.0100
Updating target network...
Step: 412900, Returns: 5.720, Epsilon: 0.0100
Step: 413000, Returns: 5.720, Epsilon: 0.0100
Step: 413100, Returns: 5.800, Epsilon: 0.0100
Step: 413200, Returns: 5.800, Epsilon: 0.0100
Step: 413300, Returns: 5.800, Epsilon: 0.0100
Step: 413400, Returns: 5.800, Epsilon: 0.0100
Step: 413500, Returns: 5.800, Epsilon: 0.0100
Step: 413600, Returns: 5.800, Epsilon: 0.0100
Step: 413700, Returns: 5.800, Epsilon: 0.0100
Step: 413800, Returns: 5.730, Epsilon: 0.0100
Step: 413900, Returns: 5.710, Epsilon: 0.0100
Step: 414000, Returns: 5.820, Epsilon: 0.0100
Updating target network...
Step: 414100, Returns: 5.820, Epsilon: 0.0100
Step: 414200, Returns: 5.820, Epsilon: 0.0100
Step: 414300, Returns: 5.820, Epsilon: 0.0100
Step: 414400, Returns: 5.820, Epsilon: 0.0100
Step: 414500, Returns: 5.820, Epsilon: 0.0100
Step: 414600, Returns: 5.820, Epsilon: 0.0100
Step: 414700, Returns: 5.820, Epsilon: 0.0100
Step: 414800, Returns: 5.920, Epsilon: 0.0100
Step: 414900, Returns: 5.920, Epsilon: 0.0100
Step: 415000, Returns: 5.920, Epsilon: 0.0100
Step: 415100, Returns: 5.920, Epsilon: 0.0100
Step: 415200, Returns: 6.030, Epsilon: 0.0100
Step: 415300, Returns: 6.030, Epsilon: 0.0100
Updating target network...
Step: 415400, Returns: 6.030, Epsilon: 0.0100
Step: 415500, Returns: 6.030, Epsilon: 0.0100
Step: 415600, Returns: 6.090, Epsilon: 0.0100
Step: 415700, Returns: 6.090, Epsilon: 0.0100
Step: 415800, Returns: 6.160, Epsilon: 0.0100
Step: 415900, Returns: 6.160, Epsilon: 0.0100
Step: 416000, Returns: 6.360, Epsilon: 0.0100
Step: 416100, Returns: 6.520, Epsilon: 0.0100
Step: 416200, Returns: 6.520, Epsilon: 0.0100
Step: 416300, Returns: 6.520, Epsilon: 0.0100
Step: 416400, Returns: 6.520, Epsilon: 0.0100
Step: 416500, Returns: 6.520, Epsilon: 0.0100
Updating target network...
Step: 416600, Returns: 6.520, Epsilon: 0.0100
Step: 416700, Returns: 6.530, Epsilon: 0.0100
Step: 416800, Returns: 6.530, Epsilon: 0.0100
Step: 416900, Returns: 6.620, Epsilon: 0.0100
Step: 417000, Returns: 6.740, Epsilon: 0.0100
Step: 417100, Returns: 6.850, Epsilon: 0.0100
Step: 417200, Returns: 6.800, Epsilon: 0.0100
Step: 417300, Returns: 6.800, Epsilon: 0.0100
Step: 417400, Returns: 6.860, Epsilon: 0.0100
Step: 417500, Returns: 6.860, Epsilon: 0.0100
Step: 417600, Returns: 6.880, Epsilon: 0.0100
Step: 417700, Returns: 6.880, Epsilon: 0.0100
Step: 417800, Returns: 6.880, Epsilon: 0.0100
Updating target network...
Step: 417900, Returns: 6.880, Epsilon: 0.0100
Step: 418000, Returns: 6.880, Epsilon: 0.0100
Step: 418100, Returns: 7.040, Epsilon: 0.0100
Step: 418200, Returns: 7.040, Epsilon: 0.0100
Step: 418300, Returns: 7.040, Epsilon: 0.0100
Step: 418400, Returns: 7.330, Epsilon: 0.0100
Step: 418500, Returns: 7.350, Epsilon: 0.0100
Step: 418600, Returns: 7.350, Epsilon: 0.0100
Step: 418700, Returns: 7.300, Epsilon: 0.0100
Step: 418800, Returns: 7.340, Epsilon: 0.0100
Step: 418900, Returns: 7.340, Epsilon: 0.0100
Step: 419000, Returns: 7.340, Epsilon: 0.0100
Updating target network...
Step: 419100, Returns: 7.340, Epsilon: 0.0100
Step: 419200, Returns: 7.280, Epsilon: 0.0100
Step: 419300, Returns: 7.410, Epsilon: 0.0100
Step: 419400, Returns: 7.410, Epsilon: 0.0100
Step: 419500, Returns: 7.400, Epsilon: 0.0100
Step: 419600, Returns: 7.400, Epsilon: 0.0100
Step: 419700, Returns: 7.400, Epsilon: 0.0100
Step: 419800, Returns: 7.400, Epsilon: 0.0100
Step: 419900, Returns: 7.370, Epsilon: 0.0100
Step: 420000, Returns: 7.370, Epsilon: 0.0100
Step: 420100, Returns: 7.470, Epsilon: 0.0100
Step: 420200, Returns: 7.470, Epsilon: 0.0100
Step: 420300, Returns: 7.470, Epsilon: 0.0100
Updating target network...
Step: 420400, Returns: 7.580, Epsilon: 0.0100
Step: 420500, Returns: 7.580, Epsilon: 0.0100
Step: 420600, Returns: 7.550, Epsilon: 0.0100
Step: 420700, Returns: 7.550, Epsilon: 0.0100
Step: 420800, Returns: 7.550, Epsilon: 0.0100
Step: 420900, Returns: 7.600, Epsilon: 0.0100
Step: 421000, Returns: 7.600, Epsilon: 0.0100
Step: 421100, Returns: 7.650, Epsilon: 0.0100
Step: 421200, Returns: 7.720, Epsilon: 0.0100
Step: 421300, Returns: 7.720, Epsilon: 0.0100
Step: 421400, Returns: 7.720, Epsilon: 0.0100
Step: 421500, Returns: 7.720, Epsilon: 0.0100
Updating target network...
Step: 421600, Returns: 7.740, Epsilon: 0.0100
Step: 421700, Returns: 7.740, Epsilon: 0.0100
Step: 421800, Returns: 7.690, Epsilon: 0.0100
Step: 421900, Returns: 7.690, Epsilon: 0.0100
Step: 422000, Returns: 7.690, Epsilon: 0.0100
Step: 422100, Returns: 7.690, Epsilon: 0.0100
Step: 422200, Returns: 7.690, Epsilon: 0.0100
Step: 422300, Returns: 7.690, Epsilon: 0.0100
Step: 422400, Returns: 7.680, Epsilon: 0.0100
Step: 422500, Returns: 7.680, Epsilon: 0.0100
Step: 422600, Returns: 7.820, Epsilon: 0.0100
Step: 422700, Returns: 7.780, Epsilon: 0.0100
Step: 422800, Returns: 7.780, Epsilon: 0.0100
Updating target network...
Step: 422900, Returns: 7.780, Epsilon: 0.0100
Step: 423000, Returns: 7.810, Epsilon: 0.0100
Step: 423100, Returns: 7.810, Epsilon: 0.0100
Step: 423200, Returns: 7.810, Epsilon: 0.0100
Step: 423300, Returns: 7.810, Epsilon: 0.0100
Step: 423400, Returns: 7.810, Epsilon: 0.0100
Step: 423500, Returns: 7.790, Epsilon: 0.0100
Step: 423600, Returns: 7.790, Epsilon: 0.0100
Step: 423700, Returns: 7.740, Epsilon: 0.0100
Step: 423800, Returns: 7.740, Epsilon: 0.0100
Step: 423900, Returns: 7.810, Epsilon: 0.0100
Step: 424000, Returns: 7.810, Epsilon: 0.0100
Updating target network...
Step: 424100, Returns: 7.860, Epsilon: 0.0100
Step: 424200, Returns: 7.970, Epsilon: 0.0100
Step: 424300, Returns: 7.970, Epsilon: 0.0100
Step: 424400, Returns: 8.010, Epsilon: 0.0100
Step: 424500, Returns: 8.030, Epsilon: 0.0100
Step: 424600, Returns: 8.030, Epsilon: 0.0100
Step: 424700, Returns: 8.100, Epsilon: 0.0100
Step: 424800, Returns: 8.100, Epsilon: 0.0100
Step: 424900, Returns: 8.100, Epsilon: 0.0100
Step: 425000, Returns: 8.190, Epsilon: 0.0100
Step: 425100, Returns: 8.190, Epsilon: 0.0100
Step: 425200, Returns: 8.190, Epsilon: 0.0100
Step: 425300, Returns: 8.240, Epsilon: 0.0100
Updating target network...
Step: 425400, Returns: 8.240, Epsilon: 0.0100
Step: 425500, Returns: 8.240, Epsilon: 0.0100
Step: 425600, Returns: 8.240, Epsilon: 0.0100
Step: 425700, Returns: 8.240, Epsilon: 0.0100
Step: 425800, Returns: 8.220, Epsilon: 0.0100
Step: 425900, Returns: 8.220, Epsilon: 0.0100
Step: 426000, Returns: 8.220, Epsilon: 0.0100
Step: 426100, Returns: 8.220, Epsilon: 0.0100
Step: 426200, Returns: 8.220, Epsilon: 0.0100
Step: 426300, Returns: 8.230, Epsilon: 0.0100
Step: 426400, Returns: 8.230, Epsilon: 0.0100
Step: 426500, Returns: 8.330, Epsilon: 0.0100
Updating target network...
Step: 426600, Returns: 8.330, Epsilon: 0.0100
Step: 426700, Returns: 8.350, Epsilon: 0.0100
Step: 426800, Returns: 8.450, Epsilon: 0.0100
Step: 426900, Returns: 8.450, Epsilon: 0.0100
Step: 427000, Returns: 8.450, Epsilon: 0.0100
Step: 427100, Returns: 8.470, Epsilon: 0.0100
Step: 427200, Returns: 8.460, Epsilon: 0.0100
Step: 427300, Returns: 8.460, Epsilon: 0.0100
Step: 427400, Returns: 8.460, Epsilon: 0.0100
Step: 427500, Returns: 8.530, Epsilon: 0.0100
Step: 427600, Returns: 8.530, Epsilon: 0.0100
Step: 427700, Returns: 8.570, Epsilon: 0.0100
Step: 427800, Returns: 8.570, Epsilon: 0.0100
Updating target network...
Step: 427900, Returns: 8.570, Epsilon: 0.0100
Step: 428000, Returns: 8.530, Epsilon: 0.0100
Step: 428100, Returns: 8.530, Epsilon: 0.0100
Step: 428200, Returns: 8.530, Epsilon: 0.0100
Step: 428300, Returns: 8.530, Epsilon: 0.0100
Step: 428400, Returns: 8.530, Epsilon: 0.0100
Step: 428500, Returns: 8.530, Epsilon: 0.0100
Step: 428600, Returns: 8.530, Epsilon: 0.0100
Step: 428700, Returns: 8.460, Epsilon: 0.0100
Step: 428800, Returns: 8.460, Epsilon: 0.0100
Step: 428900, Returns: 8.540, Epsilon: 0.0100
Step: 429000, Returns: 8.540, Epsilon: 0.0100
Updating target network...
Step: 429100, Returns: 8.540, Epsilon: 0.0100
Step: 429200, Returns: 8.640, Epsilon: 0.0100
Step: 429300, Returns: 8.720, Epsilon: 0.0100
Step: 429400, Returns: 8.690, Epsilon: 0.0100
Step: 429500, Returns: 8.690, Epsilon: 0.0100
Step: 429600, Returns: 8.690, Epsilon: 0.0100
Step: 429700, Returns: 8.700, Epsilon: 0.0100
Step: 429800, Returns: 8.700, Epsilon: 0.0100
Step: 429900, Returns: 8.740, Epsilon: 0.0100
Step: 430000, Returns: 8.740, Epsilon: 0.0100
Step: 430100, Returns: 8.740, Epsilon: 0.0100
Step: 430200, Returns: 8.740, Epsilon: 0.0100
Step: 430300, Returns: 8.740, Epsilon: 0.0100
Updating target network...
Step: 430400, Returns: 8.830, Epsilon: 0.0100
Step: 430500, Returns: 8.840, Epsilon: 0.0100
Step: 430600, Returns: 8.920, Epsilon: 0.0100
Step: 430700, Returns: 8.910, Epsilon: 0.0100
Step: 430800, Returns: 8.910, Epsilon: 0.0100
Step: 430900, Returns: 8.910, Epsilon: 0.0100
Step: 431000, Returns: 8.910, Epsilon: 0.0100
Step: 431100, Returns: 8.920, Epsilon: 0.0100
Step: 431200, Returns: 8.880, Epsilon: 0.0100
Step: 431300, Returns: 8.940, Epsilon: 0.0100
Step: 431400, Returns: 8.940, Epsilon: 0.0100
Step: 431500, Returns: 8.940, Epsilon: 0.0100
Updating target network...
Step: 431600, Returns: 8.940, Epsilon: 0.0100
Step: 431700, Returns: 8.940, Epsilon: 0.0100
Step: 431800, Returns: 8.940, Epsilon: 0.0100
Step: 431900, Returns: 8.950, Epsilon: 0.0100
Step: 432000, Returns: 8.950, Epsilon: 0.0100
Step: 432100, Returns: 9.110, Epsilon: 0.0100
Step: 432200, Returns: 9.110, Epsilon: 0.0100
Step: 432300, Returns: 9.170, Epsilon: 0.0100
Step: 432400, Returns: 9.170, Epsilon: 0.0100
Step: 432500, Returns: 9.170, Epsilon: 0.0100
Step: 432600, Returns: 9.240, Epsilon: 0.0100
Step: 432700, Returns: 9.240, Epsilon: 0.0100
Step: 432800, Returns: 9.320, Epsilon: 0.0100
Updating target network...
Step: 432900, Returns: 9.320, Epsilon: 0.0100
Step: 433000, Returns: 9.320, Epsilon: 0.0100
Step: 433100, Returns: 9.320, Epsilon: 0.0100
Step: 433200, Returns: 9.320, Epsilon: 0.0100
Step: 433300, Returns: 9.290, Epsilon: 0.0100
Step: 433400, Returns: 9.410, Epsilon: 0.0100
Step: 433500, Returns: 9.410, Epsilon: 0.0100
Step: 433600, Returns: 9.410, Epsilon: 0.0100
Step: 433700, Returns: 9.470, Epsilon: 0.0100
Step: 433800, Returns: 9.470, Epsilon: 0.0100
Step: 433900, Returns: 9.560, Epsilon: 0.0100
Step: 434000, Returns: 9.560, Epsilon: 0.0100
Updating target network...
Step: 434100, Returns: 9.630, Epsilon: 0.0100
Step: 434200, Returns: 9.630, Epsilon: 0.0100
Step: 434300, Returns: 9.660, Epsilon: 0.0100
Step: 434400, Returns: 9.610, Epsilon: 0.0100
Step: 434500, Returns: 9.790, Epsilon: 0.0100
Step: 434600, Returns: 9.790, Epsilon: 0.0100
Step: 434700, Returns: 9.790, Epsilon: 0.0100
Step: 434800, Returns: 9.790, Epsilon: 0.0100
Step: 434900, Returns: 9.730, Epsilon: 0.0100
Step: 435000, Returns: 9.650, Epsilon: 0.0100
Step: 435100, Returns: 9.650, Epsilon: 0.0100
Step: 435200, Returns: 9.630, Epsilon: 0.0100
Step: 435300, Returns: 9.710, Epsilon: 0.0100
Updating target network...
Step: 435400, Returns: 9.710, Epsilon: 0.0100
Step: 435500, Returns: 9.710, Epsilon: 0.0100
Step: 435600, Returns: 9.730, Epsilon: 0.0100
Step: 435700, Returns: 9.710, Epsilon: 0.0100
Step: 435800, Returns: 9.760, Epsilon: 0.0100
Step: 435900, Returns: 9.660, Epsilon: 0.0100
Step: 436000, Returns: 9.660, Epsilon: 0.0100
Step: 436100, Returns: 9.660, Epsilon: 0.0100
Step: 436200, Returns: 9.760, Epsilon: 0.0100
Step: 436300, Returns: 9.760, Epsilon: 0.0100
Step: 436400, Returns: 9.760, Epsilon: 0.0100
Step: 436500, Returns: 9.760, Epsilon: 0.0100
Updating target network...
Step: 436600, Returns: 9.810, Epsilon: 0.0100
Step: 436700, Returns: 9.840, Epsilon: 0.0100
Step: 436800, Returns: 9.840, Epsilon: 0.0100
Step: 436900, Returns: 9.910, Epsilon: 0.0100
Step: 437000, Returns: 9.910, Epsilon: 0.0100
Step: 437100, Returns: 9.850, Epsilon: 0.0100
Step: 437200, Returns: 9.850, Epsilon: 0.0100
Step: 437300, Returns: 9.850, Epsilon: 0.0100
Step: 437400, Returns: 9.850, Epsilon: 0.0100
Step: 437500, Returns: 9.850, Epsilon: 0.0100
Step: 437600, Returns: 9.860, Epsilon: 0.0100
Step: 437700, Returns: 9.860, Epsilon: 0.0100
Step: 437800, Returns: 9.860, Epsilon: 0.0100
Updating target network...
Step: 437900, Returns: 9.860, Epsilon: 0.0100
Step: 438000, Returns: 9.830, Epsilon: 0.0100
Step: 438100, Returns: 9.840, Epsilon: 0.0100
Step: 438200, Returns: 10.000, Epsilon: 0.0100
Step: 438300, Returns: 10.000, Epsilon: 0.0100
Step: 438400, Returns: 10.060, Epsilon: 0.0100
Step: 438500, Returns: 10.060, Epsilon: 0.0100
Step: 438600, Returns: 10.130, Epsilon: 0.0100
Step: 438700, Returns: 10.170, Epsilon: 0.0100
Step: 438800, Returns: 10.170, Epsilon: 0.0100
Step: 438900, Returns: 10.170, Epsilon: 0.0100
Step: 439000, Returns: 10.170, Epsilon: 0.0100
Updating target network...
Step: 439100, Returns: 10.030, Epsilon: 0.0100
Step: 439200, Returns: 10.000, Epsilon: 0.0100
Step: 439300, Returns: 10.000, Epsilon: 0.0100
Step: 439400, Returns: 10.000, Epsilon: 0.0100
Step: 439500, Returns: 10.000, Epsilon: 0.0100
Step: 439600, Returns: 10.020, Epsilon: 0.0100
Step: 439700, Returns: 10.020, Epsilon: 0.0100
Step: 439800, Returns: 10.160, Epsilon: 0.0100
Step: 439900, Returns: 10.160, Epsilon: 0.0100
Step: 440000, Returns: 10.240, Epsilon: 0.0100
Step: 440100, Returns: 10.240, Epsilon: 0.0100
Step: 440200, Returns: 10.240, Epsilon: 0.0100
Step: 440300, Returns: 10.170, Epsilon: 0.0100
Updating target network...
Step: 440400, Returns: 10.170, Epsilon: 0.0100
Step: 440500, Returns: 10.100, Epsilon: 0.0100
Step: 440600, Returns: 10.100, Epsilon: 0.0100
Step: 440700, Returns: 10.100, Epsilon: 0.0100
Step: 440800, Returns: 10.170, Epsilon: 0.0100
Step: 440900, Returns: 10.170, Epsilon: 0.0100
Step: 441000, Returns: 10.170, Epsilon: 0.0100
Step: 441100, Returns: 10.230, Epsilon: 0.0100
Step: 441200, Returns: 10.300, Epsilon: 0.0100
Step: 441300, Returns: 10.460, Epsilon: 0.0100
Step: 441400, Returns: 10.440, Epsilon: 0.0100
Step: 441500, Returns: 10.440, Epsilon: 0.0100
Updating target network...
Step: 441600, Returns: 10.440, Epsilon: 0.0100
Step: 441700, Returns: 10.440, Epsilon: 0.0100
Step: 441800, Returns: 10.440, Epsilon: 0.0100
Step: 441900, Returns: 10.370, Epsilon: 0.0100
Step: 442000, Returns: 10.370, Epsilon: 0.0100
Step: 442100, Returns: 10.440, Epsilon: 0.0100
Step: 442200, Returns: 10.440, Epsilon: 0.0100
Step: 442300, Returns: 10.440, Epsilon: 0.0100
Step: 442400, Returns: 10.440, Epsilon: 0.0100
Step: 442500, Returns: 10.510, Epsilon: 0.0100
Step: 442600, Returns: 10.550, Epsilon: 0.0100
Step: 442700, Returns: 10.550, Epsilon: 0.0100
Step: 442800, Returns: 10.550, Epsilon: 0.0100
Updating target network...
Step: 442900, Returns: 10.530, Epsilon: 0.0100
Step: 443000, Returns: 10.480, Epsilon: 0.0100
Step: 443100, Returns: 10.480, Epsilon: 0.0100
Step: 443200, Returns: 10.640, Epsilon: 0.0100
Step: 443300, Returns: 10.640, Epsilon: 0.0100
Step: 443400, Returns: 10.640, Epsilon: 0.0100
Step: 443500, Returns: 10.640, Epsilon: 0.0100
Step: 443600, Returns: 10.640, Epsilon: 0.0100
Step: 443700, Returns: 10.710, Epsilon: 0.0100
Step: 443800, Returns: 10.710, Epsilon: 0.0100
Step: 443900, Returns: 10.750, Epsilon: 0.0100
Step: 444000, Returns: 10.750, Epsilon: 0.0100
Updating target network...
Step: 444100, Returns: 10.800, Epsilon: 0.0100
Step: 444200, Returns: 10.800, Epsilon: 0.0100
Step: 444300, Returns: 10.820, Epsilon: 0.0100
Step: 444400, Returns: 10.840, Epsilon: 0.0100
Step: 444500, Returns: 10.840, Epsilon: 0.0100
Step: 444600, Returns: 10.840, Epsilon: 0.0100
Step: 444700, Returns: 10.840, Epsilon: 0.0100
Step: 444800, Returns: 10.820, Epsilon: 0.0100
Step: 444900, Returns: 10.820, Epsilon: 0.0100
Step: 445000, Returns: 10.820, Epsilon: 0.0100
Step: 445100, Returns: 10.820, Epsilon: 0.0100
Step: 445200, Returns: 10.850, Epsilon: 0.0100
Step: 445300, Returns: 10.850, Epsilon: 0.0100
Updating target network...
Step: 445400, Returns: 10.900, Epsilon: 0.0100
Step: 445500, Returns: 10.900, Epsilon: 0.0100
Step: 445600, Returns: 10.900, Epsilon: 0.0100
Step: 445700, Returns: 10.900, Epsilon: 0.0100
Step: 445800, Returns: 10.900, Epsilon: 0.0100
Step: 445900, Returns: 10.940, Epsilon: 0.0100
Step: 446000, Returns: 11.150, Epsilon: 0.0100
Step: 446100, Returns: 11.100, Epsilon: 0.0100
Step: 446200, Returns: 11.110, Epsilon: 0.0100
Step: 446300, Returns: 11.100, Epsilon: 0.0100
Step: 446400, Returns: 11.100, Epsilon: 0.0100
Step: 446500, Returns: 11.100, Epsilon: 0.0100
Updating target network...
Step: 446600, Returns: 11.100, Epsilon: 0.0100
Step: 446700, Returns: 11.100, Epsilon: 0.0100
Step: 446800, Returns: 11.140, Epsilon: 0.0100
Step: 446900, Returns: 11.140, Epsilon: 0.0100
Step: 447000, Returns: 11.140, Epsilon: 0.0100
Step: 447100, Returns: 11.170, Epsilon: 0.0100
Step: 447200, Returns: 11.200, Epsilon: 0.0100
Step: 447300, Returns: 11.250, Epsilon: 0.0100
Step: 447400, Returns: 11.250, Epsilon: 0.0100
Step: 447500, Returns: 11.240, Epsilon: 0.0100
Step: 447600, Returns: 11.240, Epsilon: 0.0100
Step: 447700, Returns: 11.240, Epsilon: 0.0100
Step: 447800, Returns: 11.240, Epsilon: 0.0100
Updating target network...
Step: 447900, Returns: 11.340, Epsilon: 0.0100
Step: 448000, Returns: 11.400, Epsilon: 0.0100
Step: 448100, Returns: 11.400, Epsilon: 0.0100
Step: 448200, Returns: 11.400, Epsilon: 0.0100
Step: 448300, Returns: 11.400, Epsilon: 0.0100
Step: 448400, Returns: 11.490, Epsilon: 0.0100
Step: 448500, Returns: 11.610, Epsilon: 0.0100
Step: 448600, Returns: 11.610, Epsilon: 0.0100
Step: 448700, Returns: 11.610, Epsilon: 0.0100
Step: 448800, Returns: 11.600, Epsilon: 0.0100
Step: 448900, Returns: 11.600, Epsilon: 0.0100
Step: 449000, Returns: 11.600, Epsilon: 0.0100
Updating target network...
Step: 449100, Returns: 11.600, Epsilon: 0.0100
Step: 449200, Returns: 11.600, Epsilon: 0.0100
Step: 449300, Returns: 11.640, Epsilon: 0.0100
Step: 449400, Returns: 11.640, Epsilon: 0.0100
Step: 449500, Returns: 11.640, Epsilon: 0.0100
Step: 449600, Returns: 11.750, Epsilon: 0.0100
Step: 449700, Returns: 11.810, Epsilon: 0.0100
Step: 449800, Returns: 11.810, Epsilon: 0.0100
Step: 449900, Returns: 11.810, Epsilon: 0.0100
Step: 450000, Returns: 11.810, Epsilon: 0.0100
Step: 450100, Returns: 11.810, Epsilon: 0.0100
Step: 450200, Returns: 11.880, Epsilon: 0.0100
Step: 450300, Returns: 11.880, Epsilon: 0.0100
Updating target network...
Step: 450400, Returns: 11.910, Epsilon: 0.0100
Step: 450500, Returns: 11.910, Epsilon: 0.0100
Step: 450600, Returns: 11.970, Epsilon: 0.0100
Step: 450700, Returns: 11.970, Epsilon: 0.0100
Step: 450800, Returns: 11.970, Epsilon: 0.0100
Step: 450900, Returns: 11.980, Epsilon: 0.0100
Step: 451000, Returns: 12.030, Epsilon: 0.0100
Step: 451100, Returns: 12.050, Epsilon: 0.0100
Step: 451200, Returns: 12.040, Epsilon: 0.0100
Step: 451300, Returns: 12.040, Epsilon: 0.0100
Step: 451400, Returns: 12.040, Epsilon: 0.0100
Step: 451500, Returns: 12.040, Epsilon: 0.0100
Updating target network...
Step: 451600, Returns: 12.040, Epsilon: 0.0100
Step: 451700, Returns: 12.030, Epsilon: 0.0100
Step: 451800, Returns: 12.030, Epsilon: 0.0100
Step: 451900, Returns: 12.060, Epsilon: 0.0100
Step: 452000, Returns: 12.090, Epsilon: 0.0100
Step: 452100, Returns: 12.090, Epsilon: 0.0100
Step: 452200, Returns: 12.090, Epsilon: 0.0100
Step: 452300, Returns: 12.090, Epsilon: 0.0100
Step: 452400, Returns: 12.140, Epsilon: 0.0100
Step: 452500, Returns: 12.140, Epsilon: 0.0100
Step: 452600, Returns: 12.080, Epsilon: 0.0100
Step: 452700, Returns: 12.150, Epsilon: 0.0100
Step: 452800, Returns: 12.160, Epsilon: 0.0100
Updating target network...
Step: 452900, Returns: 12.160, Epsilon: 0.0100
Step: 453000, Returns: 12.160, Epsilon: 0.0100
Step: 453100, Returns: 12.160, Epsilon: 0.0100
Step: 453200, Returns: 12.200, Epsilon: 0.0100
Step: 453300, Returns: 12.140, Epsilon: 0.0100
Step: 453400, Returns: 12.140, Epsilon: 0.0100
Step: 453500, Returns: 12.140, Epsilon: 0.0100
Step: 453600, Returns: 12.140, Epsilon: 0.0100
Step: 453700, Returns: 12.340, Epsilon: 0.0100
Step: 453800, Returns: 12.300, Epsilon: 0.0100
Step: 453900, Returns: 12.300, Epsilon: 0.0100
Step: 454000, Returns: 12.300, Epsilon: 0.0100
Updating target network...
Step: 454100, Returns: 12.300, Epsilon: 0.0100
Step: 454200, Returns: 12.300, Epsilon: 0.0100
Step: 454300, Returns: 12.360, Epsilon: 0.0100
Step: 454400, Returns: 12.360, Epsilon: 0.0100
Step: 454500, Returns: 12.420, Epsilon: 0.0100
Step: 454600, Returns: 12.420, Epsilon: 0.0100
Step: 454700, Returns: 12.420, Epsilon: 0.0100
Step: 454800, Returns: 12.450, Epsilon: 0.0100
Step: 454900, Returns: 12.450, Epsilon: 0.0100
Step: 455000, Returns: 12.500, Epsilon: 0.0100
Step: 455100, Returns: 12.500, Epsilon: 0.0100
Step: 455200, Returns: 12.460, Epsilon: 0.0100
Step: 455300, Returns: 12.510, Epsilon: 0.0100
Updating target network...
Step: 455400, Returns: 12.510, Epsilon: 0.0100
Step: 455500, Returns: 12.510, Epsilon: 0.0100
Step: 455600, Returns: 12.520, Epsilon: 0.0100
Step: 455700, Returns: 12.520, Epsilon: 0.0100
Step: 455800, Returns: 12.520, Epsilon: 0.0100
Step: 455900, Returns: 12.520, Epsilon: 0.0100
Step: 456000, Returns: 12.520, Epsilon: 0.0100
Step: 456100, Returns: 12.570, Epsilon: 0.0100
Step: 456200, Returns: 12.560, Epsilon: 0.0100
Step: 456300, Returns: 12.560, Epsilon: 0.0100
Step: 456400, Returns: 12.560, Epsilon: 0.0100
Step: 456500, Returns: 12.720, Epsilon: 0.0100
Updating target network...
Step: 456600, Returns: 12.720, Epsilon: 0.0100
Step: 456700, Returns: 12.720, Epsilon: 0.0100
Step: 456800, Returns: 12.720, Epsilon: 0.0100
Step: 456900, Returns: 12.720, Epsilon: 0.0100
Step: 457000, Returns: 12.720, Epsilon: 0.0100
Step: 457100, Returns: 12.800, Epsilon: 0.0100
Step: 457200, Returns: 12.880, Epsilon: 0.0100
Step: 457300, Returns: 12.880, Epsilon: 0.0100
Step: 457400, Returns: 12.870, Epsilon: 0.0100
Step: 457500, Returns: 12.870, Epsilon: 0.0100
Step: 457600, Returns: 12.870, Epsilon: 0.0100
Step: 457700, Returns: 12.870, Epsilon: 0.0100
Step: 457800, Returns: 12.870, Epsilon: 0.0100
Updating target network...
Step: 457900, Returns: 12.960, Epsilon: 0.0100
Step: 458000, Returns: 12.960, Epsilon: 0.0100
Step: 458100, Returns: 12.970, Epsilon: 0.0100
Step: 458200, Returns: 12.970, Epsilon: 0.0100
Step: 458300, Returns: 12.980, Epsilon: 0.0100
Step: 458400, Returns: 12.980, Epsilon: 0.0100
Step: 458500, Returns: 12.980, Epsilon: 0.0100
Step: 458600, Returns: 12.980, Epsilon: 0.0100
Step: 458700, Returns: 12.980, Epsilon: 0.0100
Step: 458800, Returns: 13.040, Epsilon: 0.0100
Step: 458900, Returns: 13.040, Epsilon: 0.0100
Step: 459000, Returns: 13.040, Epsilon: 0.0100
Updating target network...
Step: 459100, Returns: 13.110, Epsilon: 0.0100
Step: 459200, Returns: 13.110, Epsilon: 0.0100
Step: 459300, Returns: 13.110, Epsilon: 0.0100
Step: 459400, Returns: 13.120, Epsilon: 0.0100
Step: 459500, Returns: 13.120, Epsilon: 0.0100
Step: 459600, Returns: 13.110, Epsilon: 0.0100
Step: 459700, Returns: 13.110, Epsilon: 0.0100
Step: 459800, Returns: 13.110, Epsilon: 0.0100
Step: 459900, Returns: 13.100, Epsilon: 0.0100
Step: 460000, Returns: 13.140, Epsilon: 0.0100
Step: 460100, Returns: 13.140, Epsilon: 0.0100
Step: 460200, Returns: 13.270, Epsilon: 0.0100
Step: 460300, Returns: 13.260, Epsilon: 0.0100
Updating target network...
Step: 460400, Returns: 13.300, Epsilon: 0.0100
Step: 460500, Returns: 13.340, Epsilon: 0.0100
Step: 460600, Returns: 13.300, Epsilon: 0.0100
Step: 460700, Returns: 13.300, Epsilon: 0.0100
Step: 460800, Returns: 13.300, Epsilon: 0.0100
Step: 460900, Returns: 13.300, Epsilon: 0.0100
Step: 461000, Returns: 13.320, Epsilon: 0.0100
Step: 461100, Returns: 13.330, Epsilon: 0.0100
Step: 461200, Returns: 13.330, Epsilon: 0.0100
Step: 461300, Returns: 13.330, Epsilon: 0.0100
Step: 461400, Returns: 13.330, Epsilon: 0.0100
Step: 461500, Returns: 13.330, Epsilon: 0.0100
Updating target network...
Step: 461600, Returns: 13.330, Epsilon: 0.0100
Step: 461700, Returns: 13.340, Epsilon: 0.0100
Step: 461800, Returns: 13.340, Epsilon: 0.0100
Step: 461900, Returns: 13.380, Epsilon: 0.0100
Step: 462000, Returns: 13.370, Epsilon: 0.0100
Step: 462100, Returns: 13.370, Epsilon: 0.0100
Step: 462200, Returns: 13.430, Epsilon: 0.0100
Step: 462300, Returns: 13.430, Epsilon: 0.0100
Step: 462400, Returns: 13.460, Epsilon: 0.0100
Step: 462500, Returns: 13.460, Epsilon: 0.0100
Step: 462600, Returns: 13.460, Epsilon: 0.0100
Step: 462700, Returns: 13.420, Epsilon: 0.0100
Step: 462800, Returns: 13.420, Epsilon: 0.0100
Updating target network...
Step: 462900, Returns: 13.420, Epsilon: 0.0100
Step: 463000, Returns: 13.440, Epsilon: 0.0100
Step: 463100, Returns: 13.530, Epsilon: 0.0100
Step: 463200, Returns: 13.570, Epsilon: 0.0100
Step: 463300, Returns: 13.570, Epsilon: 0.0100
Step: 463400, Returns: 13.570, Epsilon: 0.0100
Step: 463500, Returns: 13.570, Epsilon: 0.0100
Step: 463600, Returns: 13.560, Epsilon: 0.0100
Step: 463700, Returns: 13.560, Epsilon: 0.0100
Step: 463800, Returns: 13.490, Epsilon: 0.0100
Step: 463900, Returns: 13.570, Epsilon: 0.0100
Step: 464000, Returns: 13.570, Epsilon: 0.0100
Updating target network...
Step: 464100, Returns: 13.570, Epsilon: 0.0100
Step: 464200, Returns: 13.570, Epsilon: 0.0100
Step: 464300, Returns: 13.550, Epsilon: 0.0100
Step: 464400, Returns: 13.460, Epsilon: 0.0100
Step: 464500, Returns: 13.460, Epsilon: 0.0100
Step: 464600, Returns: 13.460, Epsilon: 0.0100
Step: 464700, Returns: 13.500, Epsilon: 0.0100
Step: 464800, Returns: 13.530, Epsilon: 0.0100
Step: 464900, Returns: 13.530, Epsilon: 0.0100
Step: 465000, Returns: 13.530, Epsilon: 0.0100
Step: 465100, Returns: 13.510, Epsilon: 0.0100
Step: 465200, Returns: 13.490, Epsilon: 0.0100
Step: 465300, Returns: 13.490, Epsilon: 0.0100
Updating target network...
Step: 465400, Returns: 13.490, Epsilon: 0.0100
Step: 465500, Returns: 13.420, Epsilon: 0.0100
Step: 465600, Returns: 13.420, Epsilon: 0.0100
Step: 465700, Returns: 13.490, Epsilon: 0.0100
Step: 465800, Returns: 13.540, Epsilon: 0.0100
Step: 465900, Returns: 13.540, Epsilon: 0.0100
Step: 466000, Returns: 13.540, Epsilon: 0.0100
Step: 466100, Returns: 13.620, Epsilon: 0.0100
Step: 466200, Returns: 13.620, Epsilon: 0.0100
Step: 466300, Returns: 13.620, Epsilon: 0.0100
Step: 466400, Returns: 13.610, Epsilon: 0.0100
Step: 466500, Returns: 13.570, Epsilon: 0.0100
Updating target network...
Step: 466600, Returns: 13.570, Epsilon: 0.0100
Step: 466700, Returns: 13.570, Epsilon: 0.0100
Step: 466800, Returns: 13.630, Epsilon: 0.0100
Step: 466900, Returns: 13.630, Epsilon: 0.0100
Step: 467000, Returns: 13.630, Epsilon: 0.0100
Step: 467100, Returns: 13.700, Epsilon: 0.0100
Step: 467200, Returns: 13.710, Epsilon: 0.0100
Step: 467300, Returns: 13.710, Epsilon: 0.0100
Step: 467400, Returns: 13.710, Epsilon: 0.0100
Step: 467500, Returns: 13.710, Epsilon: 0.0100
Step: 467600, Returns: 13.710, Epsilon: 0.0100
Step: 467700, Returns: 13.700, Epsilon: 0.0100
Step: 467800, Returns: 13.700, Epsilon: 0.0100
Updating target network...
Step: 467900, Returns: 13.640, Epsilon: 0.0100
Step: 468000, Returns: 13.620, Epsilon: 0.0100
Step: 468100, Returns: 13.710, Epsilon: 0.0100
Step: 468200, Returns: 13.720, Epsilon: 0.0100
Step: 468300, Returns: 13.760, Epsilon: 0.0100
Step: 468400, Returns: 13.760, Epsilon: 0.0100
Step: 468500, Returns: 13.760, Epsilon: 0.0100
Step: 468600, Returns: 13.760, Epsilon: 0.0100
Step: 468700, Returns: 13.760, Epsilon: 0.0100
Step: 468800, Returns: 13.800, Epsilon: 0.0100
Step: 468900, Returns: 13.780, Epsilon: 0.0100
Step: 469000, Returns: 13.800, Epsilon: 0.0100
Updating target network...
Step: 469100, Returns: 13.800, Epsilon: 0.0100
Step: 469200, Returns: 13.900, Epsilon: 0.0100
Step: 469300, Returns: 13.900, Epsilon: 0.0100
Step: 469400, Returns: 13.900, Epsilon: 0.0100
Step: 469500, Returns: 13.900, Epsilon: 0.0100
Step: 469600, Returns: 13.900, Epsilon: 0.0100
Step: 469700, Returns: 13.900, Epsilon: 0.0100
Step: 469800, Returns: 13.900, Epsilon: 0.0100
Step: 469900, Returns: 13.910, Epsilon: 0.0100
Step: 470000, Returns: 13.910, Epsilon: 0.0100
Step: 470100, Returns: 14.010, Epsilon: 0.0100
Step: 470200, Returns: 14.010, Epsilon: 0.0100
Step: 470300, Returns: 14.010, Epsilon: 0.0100
Updating target network...
Step: 470400, Returns: 14.010, Epsilon: 0.0100
Step: 470500, Returns: 14.040, Epsilon: 0.0100
Step: 470600, Returns: 14.040, Epsilon: 0.0100
Step: 470700, Returns: 14.040, Epsilon: 0.0100
Step: 470800, Returns: 14.040, Epsilon: 0.0100
Step: 470900, Returns: 14.140, Epsilon: 0.0100
Step: 471000, Returns: 14.140, Epsilon: 0.0100
Step: 471100, Returns: 14.180, Epsilon: 0.0100
Step: 471200, Returns: 14.180, Epsilon: 0.0100
Step: 471300, Returns: 14.210, Epsilon: 0.0100
Step: 471400, Returns: 14.210, Epsilon: 0.0100
Step: 471500, Returns: 14.210, Epsilon: 0.0100
Updating target network...
Step: 471600, Returns: 14.210, Epsilon: 0.0100
Step: 471700, Returns: 14.270, Epsilon: 0.0100
Step: 471800, Returns: 14.270, Epsilon: 0.0100
Step: 471900, Returns: 14.270, Epsilon: 0.0100
Step: 472000, Returns: 14.270, Epsilon: 0.0100
Step: 472100, Returns: 14.270, Epsilon: 0.0100
Step: 472200, Returns: 14.240, Epsilon: 0.0100
Step: 472300, Returns: 14.240, Epsilon: 0.0100
Step: 472400, Returns: 14.240, Epsilon: 0.0100
Step: 472500, Returns: 14.240, Epsilon: 0.0100
Step: 472600, Returns: 14.240, Epsilon: 0.0100
Step: 472700, Returns: 14.240, Epsilon: 0.0100
Step: 472800, Returns: 14.260, Epsilon: 0.0100
Updating target network...
Step: 472900, Returns: 14.260, Epsilon: 0.0100
Step: 473000, Returns: 14.190, Epsilon: 0.0100
Step: 473100, Returns: 14.200, Epsilon: 0.0100
Step: 473200, Returns: 14.260, Epsilon: 0.0100
Step: 473300, Returns: 14.260, Epsilon: 0.0100
Step: 473400, Returns: 14.260, Epsilon: 0.0100
Step: 473500, Returns: 14.210, Epsilon: 0.0100
Step: 473600, Returns: 14.210, Epsilon: 0.0100
Step: 473700, Returns: 14.280, Epsilon: 0.0100
Step: 473800, Returns: 14.240, Epsilon: 0.0100
Step: 473900, Returns: 14.240, Epsilon: 0.0100
Step: 474000, Returns: 14.240, Epsilon: 0.0100
Updating target network...
Step: 474100, Returns: 14.240, Epsilon: 0.0100
Step: 474200, Returns: 14.240, Epsilon: 0.0100
Step: 474300, Returns: 14.240, Epsilon: 0.0100
Step: 474400, Returns: 14.280, Epsilon: 0.0100
Step: 474500, Returns: 14.280, Epsilon: 0.0100
Step: 474600, Returns: 14.280, Epsilon: 0.0100
Step: 474700, Returns: 14.280, Epsilon: 0.0100
Step: 474800, Returns: 14.280, Epsilon: 0.0100
Step: 474900, Returns: 14.280, Epsilon: 0.0100
Step: 475000, Returns: 14.250, Epsilon: 0.0100
Step: 475100, Returns: 14.250, Epsilon: 0.0100
Step: 475200, Returns: 14.310, Epsilon: 0.0100
Step: 475300, Returns: 14.350, Epsilon: 0.0100
Updating target network...
Step: 475400, Returns: 14.350, Epsilon: 0.0100
Step: 475500, Returns: 14.440, Epsilon: 0.0100
Step: 475600, Returns: 14.500, Epsilon: 0.0100
Step: 475700, Returns: 14.540, Epsilon: 0.0100
Step: 475800, Returns: 14.520, Epsilon: 0.0100
Step: 475900, Returns: 14.520, Epsilon: 0.0100
Step: 476000, Returns: 14.510, Epsilon: 0.0100
Step: 476100, Returns: 14.510, Epsilon: 0.0100
Step: 476200, Returns: 14.510, Epsilon: 0.0100
Step: 476300, Returns: 14.510, Epsilon: 0.0100
Step: 476400, Returns: 14.510, Epsilon: 0.0100
Step: 476500, Returns: 14.510, Epsilon: 0.0100
Updating target network...
Step: 476600, Returns: 14.480, Epsilon: 0.0100
Step: 476700, Returns: 14.430, Epsilon: 0.0100
Step: 476800, Returns: 14.430, Epsilon: 0.0100
Step: 476900, Returns: 14.360, Epsilon: 0.0100
Step: 477000, Returns: 14.360, Epsilon: 0.0100
Step: 477100, Returns: 14.360, Epsilon: 0.0100
Step: 477200, Returns: 14.360, Epsilon: 0.0100
Step: 477300, Returns: 14.360, Epsilon: 0.0100
Step: 477400, Returns: 14.360, Epsilon: 0.0100
Step: 477500, Returns: 14.360, Epsilon: 0.0100
Step: 477600, Returns: 14.450, Epsilon: 0.0100
Step: 477700, Returns: 14.450, Epsilon: 0.0100
Step: 477800, Returns: 14.480, Epsilon: 0.0100
Updating target network...
Step: 477900, Returns: 14.480, Epsilon: 0.0100
Step: 478000, Returns: 14.510, Epsilon: 0.0100
Step: 478100, Returns: 14.540, Epsilon: 0.0100
Step: 478200, Returns: 14.530, Epsilon: 0.0100
Step: 478300, Returns: 14.620, Epsilon: 0.0100
Step: 478400, Returns: 14.620, Epsilon: 0.0100
Step: 478500, Returns: 14.620, Epsilon: 0.0100
Step: 478600, Returns: 14.620, Epsilon: 0.0100
Step: 478700, Returns: 14.590, Epsilon: 0.0100
Step: 478800, Returns: 14.580, Epsilon: 0.0100
Step: 478900, Returns: 14.580, Epsilon: 0.0100
Step: 479000, Returns: 14.580, Epsilon: 0.0100
Updating target network...
Step: 479100, Returns: 14.580, Epsilon: 0.0100
Step: 479200, Returns: 14.580, Epsilon: 0.0100
Step: 479300, Returns: 14.580, Epsilon: 0.0100
Step: 479400, Returns: 14.580, Epsilon: 0.0100
Step: 479500, Returns: 14.570, Epsilon: 0.0100
Step: 479600, Returns: 14.600, Epsilon: 0.0100
Step: 479700, Returns: 14.600, Epsilon: 0.0100
Step: 479800, Returns: 14.600, Epsilon: 0.0100
Step: 479900, Returns: 14.600, Epsilon: 0.0100
Step: 480000, Returns: 14.600, Epsilon: 0.0100
Step: 480100, Returns: 14.600, Epsilon: 0.0100
Step: 480200, Returns: 14.600, Epsilon: 0.0100
Step: 480300, Returns: 14.750, Epsilon: 0.0100
Updating target network...
Step: 480400, Returns: 14.830, Epsilon: 0.0100
Step: 480500, Returns: 14.830, Epsilon: 0.0100
Step: 480600, Returns: 14.740, Epsilon: 0.0100
Step: 480700, Returns: 14.860, Epsilon: 0.0100
Step: 480800, Returns: 14.860, Epsilon: 0.0100
Step: 480900, Returns: 14.840, Epsilon: 0.0100
Step: 481000, Returns: 14.870, Epsilon: 0.0100
Step: 481100, Returns: 14.870, Epsilon: 0.0100
Step: 481200, Returns: 14.870, Epsilon: 0.0100
Step: 481300, Returns: 14.870, Epsilon: 0.0100
Step: 481400, Returns: 14.870, Epsilon: 0.0100
Step: 481500, Returns: 14.870, Epsilon: 0.0100
Updating target network...
Step: 481600, Returns: 14.820, Epsilon: 0.0100
Step: 481700, Returns: 14.820, Epsilon: 0.0100
Step: 481800, Returns: 14.850, Epsilon: 0.0100
Step: 481900, Returns: 14.860, Epsilon: 0.0100
Step: 482000, Returns: 14.800, Epsilon: 0.0100
Step: 482100, Returns: 14.760, Epsilon: 0.0100
Step: 482200, Returns: 14.830, Epsilon: 0.0100
Step: 482300, Returns: 14.830, Epsilon: 0.0100
Step: 482400, Returns: 14.830, Epsilon: 0.0100
Step: 482500, Returns: 14.830, Epsilon: 0.0100
Step: 482600, Returns: 14.830, Epsilon: 0.0100
Step: 482700, Returns: 14.830, Epsilon: 0.0100
Step: 482800, Returns: 14.890, Epsilon: 0.0100
Updating target network...
Step: 482900, Returns: 14.890, Epsilon: 0.0100
Step: 483000, Returns: 14.890, Epsilon: 0.0100
Step: 483100, Returns: 14.920, Epsilon: 0.0100
Step: 483200, Returns: 14.920, Epsilon: 0.0100
Step: 483300, Returns: 14.860, Epsilon: 0.0100
Step: 483400, Returns: 14.830, Epsilon: 0.0100
Step: 483500, Returns: 14.830, Epsilon: 0.0100
Step: 483600, Returns: 14.770, Epsilon: 0.0100
Step: 483700, Returns: 14.770, Epsilon: 0.0100
Step: 483800, Returns: 14.770, Epsilon: 0.0100
Step: 483900, Returns: 14.870, Epsilon: 0.0100
Step: 484000, Returns: 14.770, Epsilon: 0.0100
Updating target network...
Step: 484100, Returns: 14.770, Epsilon: 0.0100
Step: 484200, Returns: 14.710, Epsilon: 0.0100
Step: 484300, Returns: 14.700, Epsilon: 0.0100
Step: 484400, Returns: 14.650, Epsilon: 0.0100
Step: 484500, Returns: 14.650, Epsilon: 0.0100
Step: 484600, Returns: 14.650, Epsilon: 0.0100
Step: 484700, Returns: 14.630, Epsilon: 0.0100
Step: 484800, Returns: 14.540, Epsilon: 0.0100
Step: 484900, Returns: 14.550, Epsilon: 0.0100
Step: 485000, Returns: 14.550, Epsilon: 0.0100
Step: 485100, Returns: 14.550, Epsilon: 0.0100
Step: 485200, Returns: 14.530, Epsilon: 0.0100
Step: 485300, Returns: 14.530, Epsilon: 0.0100
Updating target network...
Step: 485400, Returns: 14.530, Epsilon: 0.0100
Step: 485500, Returns: 14.530, Epsilon: 0.0100
Step: 485600, Returns: 14.560, Epsilon: 0.0100
Step: 485700, Returns: 14.560, Epsilon: 0.0100
Step: 485800, Returns: 14.610, Epsilon: 0.0100
Step: 485900, Returns: 14.610, Epsilon: 0.0100
Step: 486000, Returns: 14.600, Epsilon: 0.0100
Step: 486100, Returns: 14.600, Epsilon: 0.0100
Step: 486200, Returns: 14.600, Epsilon: 0.0100
Step: 486300, Returns: 14.600, Epsilon: 0.0100
Step: 486400, Returns: 14.600, Epsilon: 0.0100
Step: 486500, Returns: 14.590, Epsilon: 0.0100
Updating target network...
Step: 486600, Returns: 14.590, Epsilon: 0.0100
Step: 486700, Returns: 14.590, Epsilon: 0.0100
Step: 486800, Returns: 14.640, Epsilon: 0.0100
Step: 486900, Returns: 14.640, Epsilon: 0.0100
Step: 487000, Returns: 14.640, Epsilon: 0.0100
Step: 487100, Returns: 14.600, Epsilon: 0.0100
Step: 487200, Returns: 14.600, Epsilon: 0.0100
Step: 487300, Returns: 14.600, Epsilon: 0.0100
Step: 487400, Returns: 14.600, Epsilon: 0.0100
Step: 487500, Returns: 14.520, Epsilon: 0.0100
Step: 487600, Returns: 14.580, Epsilon: 0.0100
Step: 487700, Returns: 14.590, Epsilon: 0.0100
Step: 487800, Returns: 14.590, Epsilon: 0.0100
Updating target network...
Step: 487900, Returns: 14.590, Epsilon: 0.0100
Step: 488000, Returns: 14.640, Epsilon: 0.0100
Step: 488100, Returns: 14.630, Epsilon: 0.0100
Step: 488200, Returns: 14.650, Epsilon: 0.0100
Step: 488300, Returns: 14.620, Epsilon: 0.0100
Step: 488400, Returns: 14.620, Epsilon: 0.0100
Step: 488500, Returns: 14.600, Epsilon: 0.0100
Step: 488600, Returns: 14.600, Epsilon: 0.0100
Step: 488700, Returns: 14.580, Epsilon: 0.0100
Step: 488800, Returns: 14.580, Epsilon: 0.0100
Step: 488900, Returns: 14.580, Epsilon: 0.0100
Step: 489000, Returns: 14.580, Epsilon: 0.0100
Updating target network...
Step: 489100, Returns: 14.610, Epsilon: 0.0100
Step: 489200, Returns: 14.630, Epsilon: 0.0100
Step: 489300, Returns: 14.630, Epsilon: 0.0100
Step: 489400, Returns: 14.620, Epsilon: 0.0100
Step: 489500, Returns: 14.620, Epsilon: 0.0100
Step: 489600, Returns: 14.620, Epsilon: 0.0100
Step: 489700, Returns: 14.620, Epsilon: 0.0100
Step: 489800, Returns: 14.620, Epsilon: 0.0100
Step: 489900, Returns: 14.580, Epsilon: 0.0100
Step: 490000, Returns: 14.580, Epsilon: 0.0100
Step: 490100, Returns: 14.570, Epsilon: 0.0100
Step: 490200, Returns: 14.570, Epsilon: 0.0100
Step: 490300, Returns: 14.550, Epsilon: 0.0100
Updating target network...
Step: 490400, Returns: 14.580, Epsilon: 0.0100
Step: 490500, Returns: 14.580, Epsilon: 0.0100
Step: 490600, Returns: 14.580, Epsilon: 0.0100
Step: 490700, Returns: 14.590, Epsilon: 0.0100
Step: 490800, Returns: 14.570, Epsilon: 0.0100
Step: 490900, Returns: 14.510, Epsilon: 0.0100
Step: 491000, Returns: 14.440, Epsilon: 0.0100
Step: 491100, Returns: 14.440, Epsilon: 0.0100
Step: 491200, Returns: 14.440, Epsilon: 0.0100
Step: 491300, Returns: 14.440, Epsilon: 0.0100
Step: 491400, Returns: 14.440, Epsilon: 0.0100
Step: 491500, Returns: 14.440, Epsilon: 0.0100
Updating target network...
Step: 491600, Returns: 14.390, Epsilon: 0.0100
Step: 491700, Returns: 14.390, Epsilon: 0.0100
Step: 491800, Returns: 14.390, Epsilon: 0.0100
Step: 491900, Returns: 14.390, Epsilon: 0.0100
Step: 492000, Returns: 14.400, Epsilon: 0.0100
Step: 492100, Returns: 14.400, Epsilon: 0.0100
Step: 492200, Returns: 14.440, Epsilon: 0.0100
Step: 492300, Returns: 14.440, Epsilon: 0.0100
Step: 492400, Returns: 14.440, Epsilon: 0.0100
Step: 492500, Returns: 14.420, Epsilon: 0.0100
Step: 492600, Returns: 14.430, Epsilon: 0.0100
Step: 492700, Returns: 14.480, Epsilon: 0.0100
Step: 492800, Returns: 14.480, Epsilon: 0.0100
Updating target network...
Step: 492900, Returns: 14.520, Epsilon: 0.0100
Step: 493000, Returns: 14.520, Epsilon: 0.0100
Step: 493100, Returns: 14.580, Epsilon: 0.0100
Step: 493200, Returns: 14.580, Epsilon: 0.0100
Step: 493300, Returns: 14.580, Epsilon: 0.0100
Step: 493400, Returns: 14.580, Epsilon: 0.0100
Step: 493500, Returns: 14.580, Epsilon: 0.0100
Step: 493600, Returns: 14.580, Epsilon: 0.0100
Step: 493700, Returns: 14.530, Epsilon: 0.0100
Step: 493800, Returns: 14.530, Epsilon: 0.0100
Step: 493900, Returns: 14.390, Epsilon: 0.0100
Step: 494000, Returns: 14.390, Epsilon: 0.0100
Updating target network...
Step: 494100, Returns: 14.360, Epsilon: 0.0100
Step: 494200, Returns: 14.360, Epsilon: 0.0100
Step: 494300, Returns: 14.380, Epsilon: 0.0100
Step: 494400, Returns: 14.380, Epsilon: 0.0100
Step: 494500, Returns: 14.380, Epsilon: 0.0100
Step: 494600, Returns: 14.380, Epsilon: 0.0100
Step: 494700, Returns: 14.400, Epsilon: 0.0100
Step: 494800, Returns: 14.460, Epsilon: 0.0100
Step: 494900, Returns: 14.460, Epsilon: 0.0100
Step: 495000, Returns: 14.460, Epsilon: 0.0100
Step: 495100, Returns: 14.460, Epsilon: 0.0100
Step: 495200, Returns: 14.460, Epsilon: 0.0100
Step: 495300, Returns: 14.420, Epsilon: 0.0100
Updating target network...
Step: 495400, Returns: 14.470, Epsilon: 0.0100
Step: 495500, Returns: 14.430, Epsilon: 0.0100
Step: 495600, Returns: 14.430, Epsilon: 0.0100
Step: 495700, Returns: 14.430, Epsilon: 0.0100
Step: 495800, Returns: 14.430, Epsilon: 0.0100
Step: 495900, Returns: 14.450, Epsilon: 0.0100
Step: 496000, Returns: 14.450, Epsilon: 0.0100
Step: 496100, Returns: 14.450, Epsilon: 0.0100
Step: 496200, Returns: 14.450, Epsilon: 0.0100
Step: 496300, Returns: 14.410, Epsilon: 0.0100
Step: 496400, Returns: 14.380, Epsilon: 0.0100
Step: 496500, Returns: 14.340, Epsilon: 0.0100
Updating target network...
Step: 496600, Returns: 14.260, Epsilon: 0.0100
Step: 496700, Returns: 14.260, Epsilon: 0.0100
Step: 496800, Returns: 14.250, Epsilon: 0.0100
Step: 496900, Returns: 14.250, Epsilon: 0.0100
Step: 497000, Returns: 14.250, Epsilon: 0.0100
Step: 497100, Returns: 14.230, Epsilon: 0.0100
Step: 497200, Returns: 14.270, Epsilon: 0.0100
Step: 497300, Returns: 14.270, Epsilon: 0.0100
Step: 497400, Returns: 14.270, Epsilon: 0.0100
Step: 497500, Returns: 14.270, Epsilon: 0.0100
Step: 497600, Returns: 14.230, Epsilon: 0.0100
Step: 497700, Returns: 14.230, Epsilon: 0.0100
Step: 497800, Returns: 14.250, Epsilon: 0.0100
Updating target network...
Step: 497900, Returns: 14.250, Epsilon: 0.0100
Step: 498000, Returns: 14.250, Epsilon: 0.0100
Step: 498100, Returns: 14.250, Epsilon: 0.0100
Step: 498200, Returns: 14.290, Epsilon: 0.0100
Step: 498300, Returns: 14.200, Epsilon: 0.0100
Step: 498400, Returns: 14.130, Epsilon: 0.0100
Step: 498500, Returns: 14.130, Epsilon: 0.0100
Step: 498600, Returns: 14.170, Epsilon: 0.0100
Step: 498700, Returns: 14.150, Epsilon: 0.0100
Step: 498800, Returns: 14.150, Epsilon: 0.0100
Step: 498900, Returns: 14.150, Epsilon: 0.0100
Step: 499000, Returns: 14.130, Epsilon: 0.0100
Updating target network...
Step: 499100, Returns: 14.080, Epsilon: 0.0100
Step: 499200, Returns: 14.130, Epsilon: 0.0100
Step: 499300, Returns: 14.130, Epsilon: 0.0100
Step: 499400, Returns: 14.130, Epsilon: 0.0100
Step: 499500, Returns: 14.080, Epsilon: 0.0100
Step: 499600, Returns: 14.080, Epsilon: 0.0100
Step: 499700, Returns: 14.080, Epsilon: 0.0100
Step: 499800, Returns: 14.050, Epsilon: 0.0100
Step: 499900, Returns: 14.050, Epsilon: 0.0100
Step: 500000, Returns: 14.050, Epsilon: 0.0100
Step: 500100, Returns: 14.050, Epsilon: 0.0100
Step: 500200, Returns: 14.050, Epsilon: 0.0100
Step: 500300, Returns: 14.210, Epsilon: 0.0100
Updating target network...
Step: 500400, Returns: 14.210, Epsilon: 0.0100
Step: 500500, Returns: 14.210, Epsilon: 0.0100
Step: 500600, Returns: 14.270, Epsilon: 0.0100
Step: 500700, Returns: 14.270, Epsilon: 0.0100
Step: 500800, Returns: 14.310, Epsilon: 0.0100
Step: 500900, Returns: 14.310, Epsilon: 0.0100
Step: 501000, Returns: 14.310, Epsilon: 0.0100
Step: 501100, Returns: 14.300, Epsilon: 0.0100
Step: 501200, Returns: 14.300, Epsilon: 0.0100
Step: 501300, Returns: 14.410, Epsilon: 0.0100
Step: 501400, Returns: 14.380, Epsilon: 0.0100
Step: 501500, Returns: 14.450, Epsilon: 0.0100
Updating target network...
Step: 501600, Returns: 14.380, Epsilon: 0.0100
Step: 501700, Returns: 14.380, Epsilon: 0.0100
Step: 501800, Returns: 14.380, Epsilon: 0.0100
Step: 501900, Returns: 14.380, Epsilon: 0.0100
Step: 502000, Returns: 14.380, Epsilon: 0.0100
Step: 502100, Returns: 14.330, Epsilon: 0.0100
Step: 502200, Returns: 14.310, Epsilon: 0.0100
Step: 502300, Returns: 14.320, Epsilon: 0.0100
Step: 502400, Returns: 14.340, Epsilon: 0.0100
Step: 502500, Returns: 14.340, Epsilon: 0.0100
Step: 502600, Returns: 14.340, Epsilon: 0.0100
Step: 502700, Returns: 14.350, Epsilon: 0.0100
Step: 502800, Returns: 14.350, Epsilon: 0.0100
Updating target network...
Step: 502900, Returns: 14.300, Epsilon: 0.0100
Step: 503000, Returns: 14.300, Epsilon: 0.0100
Step: 503100, Returns: 14.300, Epsilon: 0.0100
Step: 503200, Returns: 14.240, Epsilon: 0.0100
Step: 503300, Returns: 14.250, Epsilon: 0.0100
Step: 503400, Returns: 14.250, Epsilon: 0.0100
Step: 503500, Returns: 14.250, Epsilon: 0.0100
Step: 503600, Returns: 14.250, Epsilon: 0.0100
Step: 503700, Returns: 14.260, Epsilon: 0.0100
Step: 503800, Returns: 14.240, Epsilon: 0.0100
Step: 503900, Returns: 14.240, Epsilon: 0.0100
Step: 504000, Returns: 14.240, Epsilon: 0.0100
Updating target network...
Step: 504100, Returns: 14.210, Epsilon: 0.0100
Step: 504200, Returns: 14.120, Epsilon: 0.0100
Step: 504300, Returns: 14.120, Epsilon: 0.0100
Step: 504400, Returns: 14.120, Epsilon: 0.0100
Step: 504500, Returns: 14.210, Epsilon: 0.0100
Step: 504600, Returns: 14.240, Epsilon: 0.0100
Step: 504700, Returns: 14.240, Epsilon: 0.0100
Step: 504800, Returns: 14.240, Epsilon: 0.0100
Step: 504900, Returns: 14.240, Epsilon: 0.0100
Step: 505000, Returns: 14.190, Epsilon: 0.0100
Step: 505100, Returns: 14.190, Epsilon: 0.0100
Step: 505200, Returns: 14.250, Epsilon: 0.0100
Step: 505300, Returns: 14.250, Epsilon: 0.0100
Updating target network...
Step: 505400, Returns: 14.250, Epsilon: 0.0100
Step: 505500, Returns: 14.250, Epsilon: 0.0100
Step: 505600, Returns: 14.250, Epsilon: 0.0100
Step: 505700, Returns: 14.200, Epsilon: 0.0100
Step: 505800, Returns: 14.200, Epsilon: 0.0100
Step: 505900, Returns: 14.180, Epsilon: 0.0100
Step: 506000, Returns: 14.180, Epsilon: 0.0100
Step: 506100, Returns: 14.180, Epsilon: 0.0100
Step: 506200, Returns: 14.180, Epsilon: 0.0100
Step: 506300, Returns: 14.180, Epsilon: 0.0100
Step: 506400, Returns: 14.180, Epsilon: 0.0100
Step: 506500, Returns: 14.190, Epsilon: 0.0100
Updating target network...
Step: 506600, Returns: 14.200, Epsilon: 0.0100
Step: 506700, Returns: 14.230, Epsilon: 0.0100
Step: 506800, Returns: 14.270, Epsilon: 0.0100
Step: 506900, Returns: 14.270, Epsilon: 0.0100
Step: 507000, Returns: 14.270, Epsilon: 0.0100
Step: 507100, Returns: 14.240, Epsilon: 0.0100
Step: 507200, Returns: 14.240, Epsilon: 0.0100
Step: 507300, Returns: 14.260, Epsilon: 0.0100
Step: 507400, Returns: 14.260, Epsilon: 0.0100
Step: 507500, Returns: 14.260, Epsilon: 0.0100
Step: 507600, Returns: 14.260, Epsilon: 0.0100
Step: 507700, Returns: 14.260, Epsilon: 0.0100
Step: 507800, Returns: 14.230, Epsilon: 0.0100
Updating target network...
Step: 507900, Returns: 14.230, Epsilon: 0.0100
Step: 508000, Returns: 14.250, Epsilon: 0.0100
Step: 508100, Returns: 14.250, Epsilon: 0.0100
Step: 508200, Returns: 14.190, Epsilon: 0.0100
Step: 508300, Returns: 14.210, Epsilon: 0.0100
Step: 508400, Returns: 14.210, Epsilon: 0.0100
Step: 508500, Returns: 14.210, Epsilon: 0.0100
Step: 508600, Returns: 14.210, Epsilon: 0.0100
Step: 508700, Returns: 14.210, Epsilon: 0.0100
Step: 508800, Returns: 14.210, Epsilon: 0.0100
Step: 508900, Returns: 14.250, Epsilon: 0.0100
Step: 509000, Returns: 14.250, Epsilon: 0.0100
Updating target network...
Step: 509100, Returns: 14.250, Epsilon: 0.0100
Step: 509200, Returns: 14.250, Epsilon: 0.0100
Step: 509300, Returns: 14.250, Epsilon: 0.0100
Step: 509400, Returns: 14.250, Epsilon: 0.0100
Step: 509500, Returns: 14.190, Epsilon: 0.0100
Step: 509600, Returns: 14.190, Epsilon: 0.0100
Step: 509700, Returns: 14.130, Epsilon: 0.0100
Step: 509800, Returns: 14.110, Epsilon: 0.0100
Step: 509900, Returns: 14.120, Epsilon: 0.0100
Step: 510000, Returns: 14.090, Epsilon: 0.0100
Step: 510100, Returns: 14.090, Epsilon: 0.0100
Step: 510200, Returns: 14.080, Epsilon: 0.0100
Step: 510300, Returns: 14.080, Epsilon: 0.0100
Updating target network...
Step: 510400, Returns: 14.080, Epsilon: 0.0100
Step: 510500, Returns: 14.080, Epsilon: 0.0100
Step: 510600, Returns: 14.070, Epsilon: 0.0100
Step: 510700, Returns: 14.030, Epsilon: 0.0100
Step: 510800, Returns: 13.920, Epsilon: 0.0100
Step: 510900, Returns: 13.920, Epsilon: 0.0100
Step: 511000, Returns: 13.900, Epsilon: 0.0100
Step: 511100, Returns: 13.900, Epsilon: 0.0100
Step: 511200, Returns: 13.930, Epsilon: 0.0100
Step: 511300, Returns: 13.930, Epsilon: 0.0100
Step: 511400, Returns: 13.930, Epsilon: 0.0100
Step: 511500, Returns: 13.960, Epsilon: 0.0100
Updating target network...
Step: 511600, Returns: 13.960, Epsilon: 0.0100
Step: 511700, Returns: 13.960, Epsilon: 0.0100
Step: 511800, Returns: 13.960, Epsilon: 0.0100
Step: 511900, Returns: 13.930, Epsilon: 0.0100
Step: 512000, Returns: 13.930, Epsilon: 0.0100
Step: 512100, Returns: 14.040, Epsilon: 0.0100
Step: 512200, Returns: 14.040, Epsilon: 0.0100
Step: 512300, Returns: 14.020, Epsilon: 0.0100
Step: 512400, Returns: 14.020, Epsilon: 0.0100
Step: 512500, Returns: 14.020, Epsilon: 0.0100
Step: 512600, Returns: 14.120, Epsilon: 0.0100
Step: 512700, Returns: 14.070, Epsilon: 0.0100
Step: 512800, Returns: 14.070, Epsilon: 0.0100
Updating target network...
Step: 512900, Returns: 14.070, Epsilon: 0.0100
Step: 513000, Returns: 14.070, Epsilon: 0.0100
Step: 513100, Returns: 14.070, Epsilon: 0.0100
Step: 513200, Returns: 14.120, Epsilon: 0.0100
Step: 513300, Returns: 14.120, Epsilon: 0.0100
Step: 513400, Returns: 14.120, Epsilon: 0.0100
Step: 513500, Returns: 14.120, Epsilon: 0.0100
Step: 513600, Returns: 14.120, Epsilon: 0.0100
Step: 513700, Returns: 14.130, Epsilon: 0.0100
Step: 513800, Returns: 14.130, Epsilon: 0.0100
Step: 513900, Returns: 14.170, Epsilon: 0.0100
Step: 514000, Returns: 14.260, Epsilon: 0.0100
Updating target network...
Step: 514100, Returns: 14.260, Epsilon: 0.0100
Step: 514200, Returns: 14.280, Epsilon: 0.0100
Step: 514300, Returns: 14.330, Epsilon: 0.0100
Step: 514400, Returns: 14.350, Epsilon: 0.0100
Step: 514500, Returns: 14.350, Epsilon: 0.0100
Step: 514600, Returns: 14.320, Epsilon: 0.0100
Step: 514700, Returns: 14.320, Epsilon: 0.0100
Step: 514800, Returns: 14.320, Epsilon: 0.0100
Step: 514900, Returns: 14.330, Epsilon: 0.0100
Step: 515000, Returns: 14.350, Epsilon: 0.0100
Step: 515100, Returns: 14.350, Epsilon: 0.0100
Step: 515200, Returns: 14.350, Epsilon: 0.0100
Step: 515300, Returns: 14.350, Epsilon: 0.0100
Updating target network...
Step: 515400, Returns: 14.350, Epsilon: 0.0100
Step: 515500, Returns: 14.350, Epsilon: 0.0100
Step: 515600, Returns: 14.350, Epsilon: 0.0100
Step: 515700, Returns: 14.380, Epsilon: 0.0100
Step: 515800, Returns: 14.480, Epsilon: 0.0100
Step: 515900, Returns: 14.480, Epsilon: 0.0100
Step: 516000, Returns: 14.480, Epsilon: 0.0100
Step: 516100, Returns: 14.470, Epsilon: 0.0100
Step: 516200, Returns: 14.470, Epsilon: 0.0100
Step: 516300, Returns: 14.510, Epsilon: 0.0100
Step: 516400, Returns: 14.490, Epsilon: 0.0100
Step: 516500, Returns: 14.470, Epsilon: 0.0100
Updating target network...
Step: 516600, Returns: 14.470, Epsilon: 0.0100
Step: 516700, Returns: 14.350, Epsilon: 0.0100
Step: 516800, Returns: 14.350, Epsilon: 0.0100
Step: 516900, Returns: 14.350, Epsilon: 0.0100
Step: 517000, Returns: 14.370, Epsilon: 0.0100
Step: 517100, Returns: 14.390, Epsilon: 0.0100
Step: 517200, Returns: 14.390, Epsilon: 0.0100
Step: 517300, Returns: 14.310, Epsilon: 0.0100
Step: 517400, Returns: 14.340, Epsilon: 0.0100
Step: 517500, Returns: 14.340, Epsilon: 0.0100
Step: 517600, Returns: 14.340, Epsilon: 0.0100
Step: 517700, Returns: 14.350, Epsilon: 0.0100
Step: 517800, Returns: 14.350, Epsilon: 0.0100
Updating target network...
Step: 517900, Returns: 14.350, Epsilon: 0.0100
Step: 518000, Returns: 14.370, Epsilon: 0.0100
Step: 518100, Returns: 14.370, Epsilon: 0.0100
Step: 518200, Returns: 14.370, Epsilon: 0.0100
Step: 518300, Returns: 14.370, Epsilon: 0.0100
Step: 518400, Returns: 14.370, Epsilon: 0.0100
Step: 518500, Returns: 14.370, Epsilon: 0.0100
Step: 518600, Returns: 14.370, Epsilon: 0.0100
Step: 518700, Returns: 14.380, Epsilon: 0.0100
Step: 518800, Returns: 14.380, Epsilon: 0.0100
Step: 518900, Returns: 14.380, Epsilon: 0.0100
Step: 519000, Returns: 14.330, Epsilon: 0.0100
Updating target network...
Step: 519100, Returns: 14.240, Epsilon: 0.0100
Step: 519200, Returns: 14.240, Epsilon: 0.0100
Step: 519300, Returns: 14.240, Epsilon: 0.0100
Step: 519400, Returns: 14.240, Epsilon: 0.0100
Step: 519500, Returns: 14.210, Epsilon: 0.0100
Step: 519600, Returns: 14.200, Epsilon: 0.0100
Step: 519700, Returns: 14.290, Epsilon: 0.0100
Step: 519800, Returns: 14.290, Epsilon: 0.0100
Step: 519900, Returns: 14.260, Epsilon: 0.0100
Step: 520000, Returns: 14.260, Epsilon: 0.0100
Step: 520100, Returns: 14.260, Epsilon: 0.0100
Step: 520200, Returns: 14.210, Epsilon: 0.0100
Step: 520300, Returns: 14.210, Epsilon: 0.0100
Updating target network...
Step: 520400, Returns: 14.210, Epsilon: 0.0100
Step: 520500, Returns: 14.160, Epsilon: 0.0100
Step: 520600, Returns: 14.160, Epsilon: 0.0100
Step: 520700, Returns: 14.160, Epsilon: 0.0100
Step: 520800, Returns: 14.160, Epsilon: 0.0100
Step: 520900, Returns: 14.190, Epsilon: 0.0100
Step: 521000, Returns: 14.160, Epsilon: 0.0100
Step: 521100, Returns: 14.200, Epsilon: 0.0100
Step: 521200, Returns: 14.200, Epsilon: 0.0100
Step: 521300, Returns: 14.220, Epsilon: 0.0100
Step: 521400, Returns: 14.220, Epsilon: 0.0100
Step: 521500, Returns: 14.220, Epsilon: 0.0100
Updating target network...
Step: 521600, Returns: 14.220, Epsilon: 0.0100
Step: 521700, Returns: 14.240, Epsilon: 0.0100
Step: 521800, Returns: 14.240, Epsilon: 0.0100
Step: 521900, Returns: 14.210, Epsilon: 0.0100
Step: 522000, Returns: 14.210, Epsilon: 0.0100
Step: 522100, Returns: 14.210, Epsilon: 0.0100
Step: 522200, Returns: 14.210, Epsilon: 0.0100
Step: 522300, Returns: 14.230, Epsilon: 0.0100
Step: 522400, Returns: 14.220, Epsilon: 0.0100
Step: 522500, Returns: 14.220, Epsilon: 0.0100
Step: 522600, Returns: 14.220, Epsilon: 0.0100
Step: 522700, Returns: 14.220, Epsilon: 0.0100
Step: 522800, Returns: 14.220, Epsilon: 0.0100
Updating target network...
Step: 522900, Returns: 14.180, Epsilon: 0.0100
Step: 523000, Returns: 14.180, Epsilon: 0.0100
Step: 523100, Returns: 14.190, Epsilon: 0.0100
Step: 523200, Returns: 14.190, Epsilon: 0.0100
Step: 523300, Returns: 14.230, Epsilon: 0.0100
Step: 523400, Returns: 14.230, Epsilon: 0.0100
Step: 523500, Returns: 14.230, Epsilon: 0.0100
Step: 523600, Returns: 14.230, Epsilon: 0.0100
Step: 523700, Returns: 14.230, Epsilon: 0.0100
Step: 523800, Returns: 14.210, Epsilon: 0.0100
Step: 523900, Returns: 14.240, Epsilon: 0.0100
Step: 524000, Returns: 14.300, Epsilon: 0.0100
Updating target network...
Step: 524100, Returns: 14.270, Epsilon: 0.0100
Step: 524200, Returns: 14.280, Epsilon: 0.0100
Step: 524300, Returns: 14.230, Epsilon: 0.0100
Step: 524400, Returns: 14.230, Epsilon: 0.0100
Step: 524500, Returns: 14.230, Epsilon: 0.0100
Step: 524600, Returns: 14.240, Epsilon: 0.0100
Step: 524700, Returns: 14.240, Epsilon: 0.0100
Step: 524800, Returns: 14.280, Epsilon: 0.0100
Step: 524900, Returns: 14.280, Epsilon: 0.0100
Step: 525000, Returns: 14.280, Epsilon: 0.0100
Step: 525100, Returns: 14.280, Epsilon: 0.0100
Step: 525200, Returns: 14.250, Epsilon: 0.0100
Step: 525300, Returns: 14.250, Epsilon: 0.0100
Updating target network...
Step: 525400, Returns: 14.250, Epsilon: 0.0100
Step: 525500, Returns: 14.250, Epsilon: 0.0100
Step: 525600, Returns: 14.250, Epsilon: 0.0100
Step: 525700, Returns: 14.310, Epsilon: 0.0100
Step: 525800, Returns: 14.370, Epsilon: 0.0100
Step: 525900, Returns: 14.370, Epsilon: 0.0100
Step: 526000, Returns: 14.420, Epsilon: 0.0100
Step: 526100, Returns: 14.420, Epsilon: 0.0100
Step: 526200, Returns: 14.430, Epsilon: 0.0100
Step: 526300, Returns: 14.590, Epsilon: 0.0100
Step: 526400, Returns: 14.590, Epsilon: 0.0100
Step: 526500, Returns: 14.640, Epsilon: 0.0100
Updating target network...
Step: 526600, Returns: 14.650, Epsilon: 0.0100
Step: 526700, Returns: 14.700, Epsilon: 0.0100
Step: 526800, Returns: 14.700, Epsilon: 0.0100
Step: 526900, Returns: 14.680, Epsilon: 0.0100
Step: 527000, Returns: 14.720, Epsilon: 0.0100
Step: 527100, Returns: 14.720, Epsilon: 0.0100
Step: 527200, Returns: 14.720, Epsilon: 0.0100
Step: 527300, Returns: 14.720, Epsilon: 0.0100
Step: 527400, Returns: 14.720, Epsilon: 0.0100
Step: 527500, Returns: 14.720, Epsilon: 0.0100
Step: 527600, Returns: 14.690, Epsilon: 0.0100
Step: 527700, Returns: 14.600, Epsilon: 0.0100
Step: 527800, Returns: 14.600, Epsilon: 0.0100
Updating target network...
Step: 527900, Returns: 14.600, Epsilon: 0.0100
Step: 528000, Returns: 14.650, Epsilon: 0.0100
Step: 528100, Returns: 14.690, Epsilon: 0.0100
Step: 528200, Returns: 14.780, Epsilon: 0.0100
Step: 528300, Returns: 14.780, Epsilon: 0.0100
Step: 528400, Returns: 14.780, Epsilon: 0.0100
Step: 528500, Returns: 14.770, Epsilon: 0.0100
Step: 528600, Returns: 14.770, Epsilon: 0.0100
Step: 528700, Returns: 14.770, Epsilon: 0.0100
Step: 528800, Returns: 14.830, Epsilon: 0.0100
Step: 528900, Returns: 14.720, Epsilon: 0.0100
Step: 529000, Returns: 14.760, Epsilon: 0.0100
Updating target network...
Step: 529100, Returns: 14.760, Epsilon: 0.0100
Step: 529200, Returns: 14.760, Epsilon: 0.0100
Step: 529300, Returns: 14.680, Epsilon: 0.0100
Step: 529400, Returns: 14.640, Epsilon: 0.0100
Step: 529500, Returns: 14.640, Epsilon: 0.0100
Step: 529600, Returns: 14.640, Epsilon: 0.0100
Step: 529700, Returns: 14.640, Epsilon: 0.0100
Step: 529800, Returns: 14.640, Epsilon: 0.0100
Step: 529900, Returns: 14.640, Epsilon: 0.0100
Step: 530000, Returns: 14.690, Epsilon: 0.0100
Step: 530100, Returns: 14.690, Epsilon: 0.0100
Step: 530200, Returns: 14.690, Epsilon: 0.0100
Step: 530300, Returns: 14.670, Epsilon: 0.0100
Updating target network...
Step: 530400, Returns: 14.660, Epsilon: 0.0100
Step: 530500, Returns: 14.750, Epsilon: 0.0100
Step: 530600, Returns: 14.750, Epsilon: 0.0100
Step: 530700, Returns: 14.750, Epsilon: 0.0100
Step: 530800, Returns: 14.750, Epsilon: 0.0100
Step: 530900, Returns: 14.750, Epsilon: 0.0100
Step: 531000, Returns: 14.720, Epsilon: 0.0100
Step: 531100, Returns: 14.720, Epsilon: 0.0100
Step: 531200, Returns: 14.740, Epsilon: 0.0100
Step: 531300, Returns: 14.730, Epsilon: 0.0100
Step: 531400, Returns: 14.760, Epsilon: 0.0100
Step: 531500, Returns: 14.770, Epsilon: 0.0100
Updating target network...
Step: 531600, Returns: 14.770, Epsilon: 0.0100
Step: 531700, Returns: 14.730, Epsilon: 0.0100
Step: 531800, Returns: 14.730, Epsilon: 0.0100
Step: 531900, Returns: 14.710, Epsilon: 0.0100
Step: 532000, Returns: 14.710, Epsilon: 0.0100
Step: 532100, Returns: 14.710, Epsilon: 0.0100
Step: 532200, Returns: 14.710, Epsilon: 0.0100
Step: 532300, Returns: 14.710, Epsilon: 0.0100
Step: 532400, Returns: 14.710, Epsilon: 0.0100
Step: 532500, Returns: 14.710, Epsilon: 0.0100
Step: 532600, Returns: 14.790, Epsilon: 0.0100
Step: 532700, Returns: 14.790, Epsilon: 0.0100
Step: 532800, Returns: 14.760, Epsilon: 0.0100
Updating target network...
Step: 532900, Returns: 14.760, Epsilon: 0.0100
Step: 533000, Returns: 14.760, Epsilon: 0.0100
Step: 533100, Returns: 14.760, Epsilon: 0.0100
Step: 533200, Returns: 14.760, Epsilon: 0.0100
Step: 533300, Returns: 14.760, Epsilon: 0.0100
Step: 533400, Returns: 14.760, Epsilon: 0.0100
Step: 533500, Returns: 14.790, Epsilon: 0.0100
Step: 533600, Returns: 14.890, Epsilon: 0.0100
Step: 533700, Returns: 14.890, Epsilon: 0.0100
Step: 533800, Returns: 14.850, Epsilon: 0.0100
Step: 533900, Returns: 14.770, Epsilon: 0.0100
Step: 534000, Returns: 14.770, Epsilon: 0.0100
Updating target network...
Step: 534100, Returns: 14.740, Epsilon: 0.0100
Step: 534200, Returns: 14.680, Epsilon: 0.0100
Step: 534300, Returns: 14.760, Epsilon: 0.0100
Step: 534400, Returns: 14.760, Epsilon: 0.0100
Step: 534500, Returns: 14.760, Epsilon: 0.0100
Step: 534600, Returns: 14.740, Epsilon: 0.0100
Step: 534700, Returns: 14.740, Epsilon: 0.0100
Step: 534800, Returns: 14.740, Epsilon: 0.0100
Step: 534900, Returns: 14.820, Epsilon: 0.0100
Step: 535000, Returns: 14.820, Epsilon: 0.0100
Step: 535100, Returns: 14.820, Epsilon: 0.0100
Step: 535200, Returns: 14.840, Epsilon: 0.0100
Step: 535300, Returns: 14.840, Epsilon: 0.0100
Updating target network...
Step: 535400, Returns: 14.840, Epsilon: 0.0100
Step: 535500, Returns: 14.860, Epsilon: 0.0100
Step: 535600, Returns: 14.850, Epsilon: 0.0100
Step: 535700, Returns: 14.760, Epsilon: 0.0100
Step: 535800, Returns: 14.760, Epsilon: 0.0100
Step: 535900, Returns: 14.760, Epsilon: 0.0100
Step: 536000, Returns: 14.760, Epsilon: 0.0100
Step: 536100, Returns: 14.810, Epsilon: 0.0100
Step: 536200, Returns: 14.810, Epsilon: 0.0100
Step: 536300, Returns: 14.810, Epsilon: 0.0100
Step: 536400, Returns: 14.740, Epsilon: 0.0100
Step: 536500, Returns: 14.740, Epsilon: 0.0100
Updating target network...
Step: 536600, Returns: 14.740, Epsilon: 0.0100
Step: 536700, Returns: 14.770, Epsilon: 0.0100
Step: 536800, Returns: 14.770, Epsilon: 0.0100
Step: 536900, Returns: 14.770, Epsilon: 0.0100
Step: 537000, Returns: 14.730, Epsilon: 0.0100
Step: 537100, Returns: 14.730, Epsilon: 0.0100
Step: 537200, Returns: 14.730, Epsilon: 0.0100
Step: 537300, Returns: 14.730, Epsilon: 0.0100
Step: 537400, Returns: 14.730, Epsilon: 0.0100
Step: 537500, Returns: 14.720, Epsilon: 0.0100
Step: 537600, Returns: 14.720, Epsilon: 0.0100
Step: 537700, Returns: 14.720, Epsilon: 0.0100
Step: 537800, Returns: 14.720, Epsilon: 0.0100
Updating target network...
Step: 537900, Returns: 14.750, Epsilon: 0.0100
Step: 538000, Returns: 14.750, Epsilon: 0.0100
Step: 538100, Returns: 14.750, Epsilon: 0.0100
Step: 538200, Returns: 14.810, Epsilon: 0.0100
Step: 538300, Returns: 14.810, Epsilon: 0.0100
Step: 538400, Returns: 14.750, Epsilon: 0.0100
Step: 538500, Returns: 14.750, Epsilon: 0.0100
Step: 538600, Returns: 14.770, Epsilon: 0.0100
Step: 538700, Returns: 14.750, Epsilon: 0.0100
Step: 538800, Returns: 14.750, Epsilon: 0.0100
Step: 538900, Returns: 14.750, Epsilon: 0.0100
Step: 539000, Returns: 14.840, Epsilon: 0.0100
Updating target network...
Step: 539100, Returns: 14.840, Epsilon: 0.0100
Step: 539200, Returns: 14.840, Epsilon: 0.0100
Step: 539300, Returns: 14.790, Epsilon: 0.0100
Step: 539400, Returns: 14.800, Epsilon: 0.0100
Step: 539500, Returns: 14.800, Epsilon: 0.0100
Step: 539600, Returns: 14.790, Epsilon: 0.0100
Step: 539700, Returns: 14.790, Epsilon: 0.0100
Step: 539800, Returns: 14.790, Epsilon: 0.0100
Step: 539900, Returns: 14.770, Epsilon: 0.0100
Step: 540000, Returns: 14.800, Epsilon: 0.0100
Step: 540100, Returns: 14.800, Epsilon: 0.0100
Step: 540200, Returns: 14.760, Epsilon: 0.0100
Step: 540300, Returns: 14.760, Epsilon: 0.0100
Updating target network...
Step: 540400, Returns: 14.790, Epsilon: 0.0100
Step: 540500, Returns: 14.810, Epsilon: 0.0100
Step: 540600, Returns: 14.810, Epsilon: 0.0100
Step: 540700, Returns: 14.810, Epsilon: 0.0100
Step: 540800, Returns: 14.800, Epsilon: 0.0100
Step: 540900, Returns: 14.780, Epsilon: 0.0100
Step: 541000, Returns: 14.780, Epsilon: 0.0100
Step: 541100, Returns: 14.780, Epsilon: 0.0100
Step: 541200, Returns: 14.740, Epsilon: 0.0100
Step: 541300, Returns: 14.740, Epsilon: 0.0100
Step: 541400, Returns: 14.740, Epsilon: 0.0100
Step: 541500, Returns: 14.740, Epsilon: 0.0100
Updating target network...
Step: 541600, Returns: 14.820, Epsilon: 0.0100
Step: 541700, Returns: 14.850, Epsilon: 0.0100
Step: 541800, Returns: 14.850, Epsilon: 0.0100
Step: 541900, Returns: 14.850, Epsilon: 0.0100
Step: 542000, Returns: 14.840, Epsilon: 0.0100
Step: 542100, Returns: 14.800, Epsilon: 0.0100
Step: 542200, Returns: 14.800, Epsilon: 0.0100
Step: 542300, Returns: 14.800, Epsilon: 0.0100
Step: 542400, Returns: 14.800, Epsilon: 0.0100
Step: 542500, Returns: 14.800, Epsilon: 0.0100
Step: 542600, Returns: 14.820, Epsilon: 0.0100
Step: 542700, Returns: 14.820, Epsilon: 0.0100
Step: 542800, Returns: 14.820, Epsilon: 0.0100
Updating target network...
Step: 542900, Returns: 14.820, Epsilon: 0.0100
Step: 543000, Returns: 14.700, Epsilon: 0.0100
Step: 543100, Returns: 14.680, Epsilon: 0.0100
Step: 543200, Returns: 14.670, Epsilon: 0.0100
Step: 543300, Returns: 14.670, Epsilon: 0.0100
Step: 543400, Returns: 14.670, Epsilon: 0.0100
Step: 543500, Returns: 14.670, Epsilon: 0.0100
Step: 543600, Returns: 14.650, Epsilon: 0.0100
Step: 543700, Returns: 14.570, Epsilon: 0.0100
Step: 543800, Returns: 14.570, Epsilon: 0.0100
Step: 543900, Returns: 14.570, Epsilon: 0.0100
Step: 544000, Returns: 14.570, Epsilon: 0.0100
Updating target network...
Step: 544100, Returns: 14.570, Epsilon: 0.0100
Step: 544200, Returns: 14.570, Epsilon: 0.0100
Step: 544300, Returns: 14.470, Epsilon: 0.0100
Step: 544400, Returns: 14.470, Epsilon: 0.0100
Step: 544500, Returns: 14.380, Epsilon: 0.0100
Step: 544600, Returns: 14.380, Epsilon: 0.0100
Step: 544700, Returns: 14.420, Epsilon: 0.0100
Step: 544800, Returns: 14.420, Epsilon: 0.0100
Step: 544900, Returns: 14.450, Epsilon: 0.0100
Step: 545000, Returns: 14.370, Epsilon: 0.0100
Step: 545100, Returns: 14.390, Epsilon: 0.0100
Step: 545200, Returns: 14.390, Epsilon: 0.0100
Step: 545300, Returns: 14.390, Epsilon: 0.0100
Updating target network...
Step: 545400, Returns: 14.510, Epsilon: 0.0100
Step: 545500, Returns: 14.510, Epsilon: 0.0100
Step: 545600, Returns: 14.510, Epsilon: 0.0100
Step: 545700, Returns: 14.480, Epsilon: 0.0100
Step: 545800, Returns: 14.480, Epsilon: 0.0100
Step: 545900, Returns: 14.440, Epsilon: 0.0100
Step: 546000, Returns: 14.460, Epsilon: 0.0100
Step: 546100, Returns: 14.460, Epsilon: 0.0100
Step: 546200, Returns: 14.430, Epsilon: 0.0100
Step: 546300, Returns: 14.430, Epsilon: 0.0100
Step: 546400, Returns: 14.460, Epsilon: 0.0100
Step: 546500, Returns: 14.460, Epsilon: 0.0100
Updating target network...
Step: 546600, Returns: 14.460, Epsilon: 0.0100
Step: 546700, Returns: 14.430, Epsilon: 0.0100
Step: 546800, Returns: 14.470, Epsilon: 0.0100
Step: 546900, Returns: 14.550, Epsilon: 0.0100
Step: 547000, Returns: 14.550, Epsilon: 0.0100
Step: 547100, Returns: 14.550, Epsilon: 0.0100
Step: 547200, Returns: 14.550, Epsilon: 0.0100
Step: 547300, Returns: 14.550, Epsilon: 0.0100
Step: 547400, Returns: 14.540, Epsilon: 0.0100
Step: 547500, Returns: 14.540, Epsilon: 0.0100
Step: 547600, Returns: 14.540, Epsilon: 0.0100
Step: 547700, Returns: 14.520, Epsilon: 0.0100
Step: 547800, Returns: 14.480, Epsilon: 0.0100
Updating target network...
Step: 547900, Returns: 14.500, Epsilon: 0.0100
Step: 548000, Returns: 14.500, Epsilon: 0.0100
Step: 548100, Returns: 14.520, Epsilon: 0.0100
Step: 548200, Returns: 14.520, Epsilon: 0.0100
Step: 548300, Returns: 14.540, Epsilon: 0.0100
Step: 548400, Returns: 14.550, Epsilon: 0.0100
Step: 548500, Returns: 14.590, Epsilon: 0.0100
Step: 548600, Returns: 14.590, Epsilon: 0.0100
Step: 548700, Returns: 14.590, Epsilon: 0.0100
Step: 548800, Returns: 14.590, Epsilon: 0.0100
Step: 548900, Returns: 14.600, Epsilon: 0.0100
Step: 549000, Returns: 14.600, Epsilon: 0.0100
Updating target network...
Step: 549100, Returns: 14.550, Epsilon: 0.0100
Step: 549200, Returns: 14.540, Epsilon: 0.0100
Step: 549300, Returns: 14.580, Epsilon: 0.0100
Step: 549400, Returns: 14.580, Epsilon: 0.0100
Step: 549500, Returns: 14.610, Epsilon: 0.0100
Step: 549600, Returns: 14.610, Epsilon: 0.0100
Step: 549700, Returns: 14.660, Epsilon: 0.0100
Step: 549800, Returns: 14.660, Epsilon: 0.0100
Step: 549900, Returns: 14.660, Epsilon: 0.0100
Step: 550000, Returns: 14.660, Epsilon: 0.0100
Step: 550100, Returns: 14.680, Epsilon: 0.0100
Step: 550200, Returns: 14.700, Epsilon: 0.0100
Step: 550300, Returns: 14.700, Epsilon: 0.0100
Updating target network...
Step: 550400, Returns: 14.700, Epsilon: 0.0100
Step: 550500, Returns: 14.700, Epsilon: 0.0100
Step: 550600, Returns: 14.700, Epsilon: 0.0100
Step: 550700, Returns: 14.740, Epsilon: 0.0100
Step: 550800, Returns: 14.650, Epsilon: 0.0100
Step: 550900, Returns: 14.650, Epsilon: 0.0100
Step: 551000, Returns: 14.610, Epsilon: 0.0100
Step: 551100, Returns: 14.650, Epsilon: 0.0100
Step: 551200, Returns: 14.590, Epsilon: 0.0100
Step: 551300, Returns: 14.590, Epsilon: 0.0100
Step: 551400, Returns: 14.610, Epsilon: 0.0100
Step: 551500, Returns: 14.620, Epsilon: 0.0100
Updating target network...
Step: 551600, Returns: 14.620, Epsilon: 0.0100
Step: 551700, Returns: 14.620, Epsilon: 0.0100
Step: 551800, Returns: 14.610, Epsilon: 0.0100
Step: 551900, Returns: 14.610, Epsilon: 0.0100
Step: 552000, Returns: 14.640, Epsilon: 0.0100
Step: 552100, Returns: 14.640, Epsilon: 0.0100
Step: 552200, Returns: 14.670, Epsilon: 0.0100
Step: 552300, Returns: 14.700, Epsilon: 0.0100
Step: 552400, Returns: 14.700, Epsilon: 0.0100
Step: 552500, Returns: 14.700, Epsilon: 0.0100
Step: 552600, Returns: 14.700, Epsilon: 0.0100
Step: 552700, Returns: 14.760, Epsilon: 0.0100
Step: 552800, Returns: 14.790, Epsilon: 0.0100
Updating target network...
Step: 552900, Returns: 14.790, Epsilon: 0.0100
Step: 553000, Returns: 14.790, Epsilon: 0.0100
Step: 553100, Returns: 14.820, Epsilon: 0.0100
Step: 553200, Returns: 14.820, Epsilon: 0.0100
Step: 553300, Returns: 14.810, Epsilon: 0.0100
Step: 553400, Returns: 14.830, Epsilon: 0.0100
Step: 553500, Returns: 14.830, Epsilon: 0.0100
Step: 553600, Returns: 14.830, Epsilon: 0.0100
Step: 553700, Returns: 14.720, Epsilon: 0.0100
Step: 553800, Returns: 14.720, Epsilon: 0.0100
Step: 553900, Returns: 14.720, Epsilon: 0.0100
Step: 554000, Returns: 14.710, Epsilon: 0.0100
Updating target network...
Step: 554100, Returns: 14.710, Epsilon: 0.0100
Step: 554200, Returns: 14.710, Epsilon: 0.0100
Step: 554300, Returns: 14.800, Epsilon: 0.0100
Step: 554400, Returns: 14.750, Epsilon: 0.0100
Step: 554500, Returns: 14.750, Epsilon: 0.0100
Step: 554600, Returns: 14.750, Epsilon: 0.0100
Step: 554700, Returns: 14.750, Epsilon: 0.0100
Step: 554800, Returns: 14.750, Epsilon: 0.0100
Step: 554900, Returns: 14.750, Epsilon: 0.0100
Step: 555000, Returns: 14.770, Epsilon: 0.0100
Step: 555100, Returns: 14.760, Epsilon: 0.0100
Step: 555200, Returns: 14.760, Epsilon: 0.0100
Step: 555300, Returns: 14.760, Epsilon: 0.0100
Updating target network...
Step: 555400, Returns: 14.840, Epsilon: 0.0100
Step: 555500, Returns: 14.840, Epsilon: 0.0100
Step: 555600, Returns: 14.830, Epsilon: 0.0100
Step: 555700, Returns: 14.860, Epsilon: 0.0100
Step: 555800, Returns: 14.820, Epsilon: 0.0100
Step: 555900, Returns: 14.820, Epsilon: 0.0100
Step: 556000, Returns: 14.830, Epsilon: 0.0100
Step: 556100, Returns: 14.830, Epsilon: 0.0100
Step: 556200, Returns: 14.830, Epsilon: 0.0100
Step: 556300, Returns: 14.830, Epsilon: 0.0100
Step: 556400, Returns: 14.770, Epsilon: 0.0100
Step: 556500, Returns: 14.770, Epsilon: 0.0100
Updating target network...
Step: 556600, Returns: 14.710, Epsilon: 0.0100
Step: 556700, Returns: 14.730, Epsilon: 0.0100
Step: 556800, Returns: 14.730, Epsilon: 0.0100
Step: 556900, Returns: 14.720, Epsilon: 0.0100
Step: 557000, Returns: 14.650, Epsilon: 0.0100
Step: 557100, Returns: 14.650, Epsilon: 0.0100
Step: 557200, Returns: 14.650, Epsilon: 0.0100
Step: 557300, Returns: 14.660, Epsilon: 0.0100
Step: 557400, Returns: 14.620, Epsilon: 0.0100
Step: 557500, Returns: 14.660, Epsilon: 0.0100
Step: 557600, Returns: 14.660, Epsilon: 0.0100
Step: 557700, Returns: 14.660, Epsilon: 0.0100
Step: 557800, Returns: 14.660, Epsilon: 0.0100
Updating target network...
Step: 557900, Returns: 14.630, Epsilon: 0.0100
Step: 558000, Returns: 14.630, Epsilon: 0.0100
Step: 558100, Returns: 14.630, Epsilon: 0.0100
Step: 558200, Returns: 14.630, Epsilon: 0.0100
Step: 558300, Returns: 14.670, Epsilon: 0.0100
Step: 558400, Returns: 14.730, Epsilon: 0.0100
Step: 558500, Returns: 14.770, Epsilon: 0.0100
Step: 558600, Returns: 14.830, Epsilon: 0.0100
Step: 558700, Returns: 14.830, Epsilon: 0.0100
Step: 558800, Returns: 14.830, Epsilon: 0.0100
Step: 558900, Returns: 14.830, Epsilon: 0.0100
Step: 559000, Returns: 14.980, Epsilon: 0.0100
Updating target network...
Step: 559100, Returns: 14.980, Epsilon: 0.0100
Step: 559200, Returns: 14.980, Epsilon: 0.0100
Step: 559300, Returns: 14.980, Epsilon: 0.0100
Step: 559400, Returns: 14.980, Epsilon: 0.0100
Step: 559500, Returns: 15.030, Epsilon: 0.0100
Step: 559600, Returns: 15.070, Epsilon: 0.0100
Step: 559700, Returns: 15.040, Epsilon: 0.0100
Step: 559800, Returns: 15.040, Epsilon: 0.0100
Step: 559900, Returns: 15.040, Epsilon: 0.0100
Step: 560000, Returns: 15.160, Epsilon: 0.0100
Step: 560100, Returns: 15.160, Epsilon: 0.0100
Step: 560200, Returns: 15.160, Epsilon: 0.0100
Step: 560300, Returns: 15.160, Epsilon: 0.0100
Updating target network...
Step: 560400, Returns: 15.160, Epsilon: 0.0100
Step: 560500, Returns: 15.120, Epsilon: 0.0100
Step: 560600, Returns: 15.120, Epsilon: 0.0100
Step: 560700, Returns: 15.130, Epsilon: 0.0100
Step: 560800, Returns: 15.130, Epsilon: 0.0100
Step: 560900, Returns: 15.130, Epsilon: 0.0100
Step: 561000, Returns: 15.090, Epsilon: 0.0100
Step: 561100, Returns: 15.080, Epsilon: 0.0100
Step: 561200, Returns: 15.100, Epsilon: 0.0100
Step: 561300, Returns: 15.100, Epsilon: 0.0100
Step: 561400, Returns: 15.100, Epsilon: 0.0100
Step: 561500, Returns: 15.150, Epsilon: 0.0100
Updating target network...
Step: 561600, Returns: 15.070, Epsilon: 0.0100
Step: 561700, Returns: 15.090, Epsilon: 0.0100
Step: 561800, Returns: 15.050, Epsilon: 0.0100
Step: 561900, Returns: 15.090, Epsilon: 0.0100
Step: 562000, Returns: 15.080, Epsilon: 0.0100
Step: 562100, Returns: 15.080, Epsilon: 0.0100
Step: 562200, Returns: 15.080, Epsilon: 0.0100
Step: 562300, Returns: 15.080, Epsilon: 0.0100
Step: 562400, Returns: 15.030, Epsilon: 0.0100
Step: 562500, Returns: 15.030, Epsilon: 0.0100
Step: 562600, Returns: 15.030, Epsilon: 0.0100
Step: 562700, Returns: 15.030, Epsilon: 0.0100
Step: 562800, Returns: 14.980, Epsilon: 0.0100
Updating target network...
Step: 562900, Returns: 15.020, Epsilon: 0.0100
Step: 563000, Returns: 15.100, Epsilon: 0.0100
Step: 563100, Returns: 15.100, Epsilon: 0.0100
Step: 563200, Returns: 15.100, Epsilon: 0.0100
Step: 563300, Returns: 15.100, Epsilon: 0.0100
Step: 563400, Returns: 15.100, Epsilon: 0.0100
Step: 563500, Returns: 15.100, Epsilon: 0.0100
Step: 563600, Returns: 15.070, Epsilon: 0.0100
Step: 563700, Returns: 15.070, Epsilon: 0.0100
Step: 563800, Returns: 15.070, Epsilon: 0.0100
Step: 563900, Returns: 15.020, Epsilon: 0.0100
Step: 564000, Returns: 15.020, Epsilon: 0.0100
Updating target network...
Step: 564100, Returns: 15.020, Epsilon: 0.0100
Step: 564200, Returns: 15.020, Epsilon: 0.0100
Step: 564300, Returns: 15.000, Epsilon: 0.0100
Step: 564400, Returns: 15.000, Epsilon: 0.0100
Step: 564500, Returns: 14.940, Epsilon: 0.0100
Step: 564600, Returns: 14.920, Epsilon: 0.0100
Step: 564700, Returns: 14.920, Epsilon: 0.0100
Step: 564800, Returns: 14.920, Epsilon: 0.0100
Step: 564900, Returns: 14.980, Epsilon: 0.0100
Step: 565000, Returns: 14.980, Epsilon: 0.0100
Step: 565100, Returns: 14.980, Epsilon: 0.0100
Step: 565200, Returns: 14.980, Epsilon: 0.0100
Step: 565300, Returns: 14.980, Epsilon: 0.0100
Updating target network...
Step: 565400, Returns: 14.980, Epsilon: 0.0100
Step: 565500, Returns: 14.980, Epsilon: 0.0100
Step: 565600, Returns: 14.980, Epsilon: 0.0100
Step: 565700, Returns: 15.060, Epsilon: 0.0100
Step: 565800, Returns: 15.060, Epsilon: 0.0100
Step: 565900, Returns: 15.060, Epsilon: 0.0100
Step: 566000, Returns: 15.110, Epsilon: 0.0100
Step: 566100, Returns: 15.110, Epsilon: 0.0100
Step: 566200, Returns: 15.110, Epsilon: 0.0100
Step: 566300, Returns: 15.150, Epsilon: 0.0100
Step: 566400, Returns: 15.210, Epsilon: 0.0100
Step: 566500, Returns: 15.210, Epsilon: 0.0100
Updating target network...
Step: 566600, Returns: 15.260, Epsilon: 0.0100
Step: 566700, Returns: 15.260, Epsilon: 0.0100
Step: 566800, Returns: 15.240, Epsilon: 0.0100
Step: 566900, Returns: 15.330, Epsilon: 0.0100
Step: 567000, Returns: 15.330, Epsilon: 0.0100
Step: 567100, Returns: 15.330, Epsilon: 0.0100
Step: 567200, Returns: 15.350, Epsilon: 0.0100
Step: 567300, Returns: 15.340, Epsilon: 0.0100
Step: 567400, Returns: 15.350, Epsilon: 0.0100
Step: 567500, Returns: 15.350, Epsilon: 0.0100
Step: 567600, Returns: 15.360, Epsilon: 0.0100
Step: 567700, Returns: 15.280, Epsilon: 0.0100
Step: 567800, Returns: 15.280, Epsilon: 0.0100
Updating target network...
Step: 567900, Returns: 15.280, Epsilon: 0.0100
Step: 568000, Returns: 15.280, Epsilon: 0.0100
Step: 568100, Returns: 15.280, Epsilon: 0.0100
Step: 568200, Returns: 15.280, Epsilon: 0.0100
Step: 568300, Returns: 15.240, Epsilon: 0.0100
Step: 568400, Returns: 15.240, Epsilon: 0.0100
Step: 568500, Returns: 15.250, Epsilon: 0.0100
Step: 568600, Returns: 15.250, Epsilon: 0.0100
Step: 568700, Returns: 15.230, Epsilon: 0.0100
Step: 568800, Returns: 15.200, Epsilon: 0.0100
Step: 568900, Returns: 15.200, Epsilon: 0.0100
Step: 569000, Returns: 15.200, Epsilon: 0.0100
Updating target network...
Step: 569100, Returns: 15.230, Epsilon: 0.0100
Step: 569200, Returns: 15.280, Epsilon: 0.0100
Step: 569300, Returns: 15.210, Epsilon: 0.0100
Step: 569400, Returns: 15.210, Epsilon: 0.0100
Step: 569500, Returns: 15.260, Epsilon: 0.0100
Step: 569600, Returns: 15.260, Epsilon: 0.0100
Step: 569700, Returns: 15.280, Epsilon: 0.0100
Step: 569800, Returns: 15.280, Epsilon: 0.0100
Step: 569900, Returns: 15.250, Epsilon: 0.0100
Step: 570000, Returns: 15.220, Epsilon: 0.0100
Step: 570100, Returns: 15.220, Epsilon: 0.0100
Step: 570200, Returns: 15.220, Epsilon: 0.0100
Step: 570300, Returns: 15.160, Epsilon: 0.0100
Updating target network...
Step: 570400, Returns: 15.160, Epsilon: 0.0100
Step: 570500, Returns: 15.160, Epsilon: 0.0100
Step: 570600, Returns: 15.160, Epsilon: 0.0100
Step: 570700, Returns: 15.160, Epsilon: 0.0100
Step: 570800, Returns: 15.160, Epsilon: 0.0100
Step: 570900, Returns: 15.160, Epsilon: 0.0100
Step: 571000, Returns: 15.170, Epsilon: 0.0100
Step: 571100, Returns: 15.170, Epsilon: 0.0100
Step: 571200, Returns: 15.220, Epsilon: 0.0100
Step: 571300, Returns: 15.220, Epsilon: 0.0100
Step: 571400, Returns: 15.220, Epsilon: 0.0100
Step: 571500, Returns: 15.200, Epsilon: 0.0100
Updating target network...
Step: 571600, Returns: 15.320, Epsilon: 0.0100
Step: 571700, Returns: 15.320, Epsilon: 0.0100
Step: 571800, Returns: 15.320, Epsilon: 0.0100
Step: 571900, Returns: 15.330, Epsilon: 0.0100
Step: 572000, Returns: 15.330, Epsilon: 0.0100
Step: 572100, Returns: 15.370, Epsilon: 0.0100
Step: 572200, Returns: 15.370, Epsilon: 0.0100
Step: 572300, Returns: 15.370, Epsilon: 0.0100
Step: 572400, Returns: 15.380, Epsilon: 0.0100
Step: 572500, Returns: 15.330, Epsilon: 0.0100
Step: 572600, Returns: 15.330, Epsilon: 0.0100
Step: 572700, Returns: 15.330, Epsilon: 0.0100
Step: 572800, Returns: 15.330, Epsilon: 0.0100
Updating target network...
Step: 572900, Returns: 15.360, Epsilon: 0.0100
Step: 573000, Returns: 15.390, Epsilon: 0.0100
Step: 573100, Returns: 15.430, Epsilon: 0.0100
Step: 573200, Returns: 15.490, Epsilon: 0.0100
Step: 573300, Returns: 15.490, Epsilon: 0.0100
Step: 573400, Returns: 15.490, Epsilon: 0.0100
Step: 573500, Returns: 15.490, Epsilon: 0.0100
Step: 573600, Returns: 15.490, Epsilon: 0.0100
Step: 573700, Returns: 15.560, Epsilon: 0.0100
Step: 573800, Returns: 15.540, Epsilon: 0.0100
Step: 573900, Returns: 15.540, Epsilon: 0.0100
Step: 574000, Returns: 15.540, Epsilon: 0.0100
Updating target network...
Step: 574100, Returns: 15.460, Epsilon: 0.0100
Step: 574200, Returns: 15.460, Epsilon: 0.0100
Step: 574300, Returns: 15.460, Epsilon: 0.0100
Step: 574400, Returns: 15.440, Epsilon: 0.0100
Step: 574500, Returns: 15.440, Epsilon: 0.0100
Step: 574600, Returns: 15.480, Epsilon: 0.0100
Step: 574700, Returns: 15.480, Epsilon: 0.0100
Step: 574800, Returns: 15.500, Epsilon: 0.0100
Step: 574900, Returns: 15.440, Epsilon: 0.0100
Step: 575000, Returns: 15.440, Epsilon: 0.0100
Step: 575100, Returns: 15.440, Epsilon: 0.0100
Step: 575200, Returns: 15.540, Epsilon: 0.0100
Step: 575300, Returns: 15.540, Epsilon: 0.0100
Updating target network...
Step: 575400, Returns: 15.540, Epsilon: 0.0100
Step: 575500, Returns: 15.540, Epsilon: 0.0100
Step: 575600, Returns: 15.540, Epsilon: 0.0100
Step: 575700, Returns: 15.520, Epsilon: 0.0100
Step: 575800, Returns: 15.520, Epsilon: 0.0100
Step: 575900, Returns: 15.530, Epsilon: 0.0100
Step: 576000, Returns: 15.500, Epsilon: 0.0100
Step: 576100, Returns: 15.500, Epsilon: 0.0100
Step: 576200, Returns: 15.500, Epsilon: 0.0100
Step: 576300, Returns: 15.500, Epsilon: 0.0100
Step: 576400, Returns: 15.500, Epsilon: 0.0100
Step: 576500, Returns: 15.480, Epsilon: 0.0100
Updating target network...
Step: 576600, Returns: 15.560, Epsilon: 0.0100
Step: 576700, Returns: 15.560, Epsilon: 0.0100
Step: 576800, Returns: 15.570, Epsilon: 0.0100
Step: 576900, Returns: 15.570, Epsilon: 0.0100
Step: 577000, Returns: 15.610, Epsilon: 0.0100
Step: 577100, Returns: 15.530, Epsilon: 0.0100
Step: 577200, Returns: 15.500, Epsilon: 0.0100
Step: 577300, Returns: 15.500, Epsilon: 0.0100
Step: 577400, Returns: 15.500, Epsilon: 0.0100
Step: 577500, Returns: 15.570, Epsilon: 0.0100
Step: 577600, Returns: 15.570, Epsilon: 0.0100
Step: 577700, Returns: 15.540, Epsilon: 0.0100
Step: 577800, Returns: 15.570, Epsilon: 0.0100
Updating target network...
Step: 577900, Returns: 15.570, Epsilon: 0.0100
Step: 578000, Returns: 15.610, Epsilon: 0.0100
Step: 578100, Returns: 15.630, Epsilon: 0.0100
Step: 578200, Returns: 15.630, Epsilon: 0.0100
Step: 578300, Returns: 15.630, Epsilon: 0.0100
Step: 578400, Returns: 15.630, Epsilon: 0.0100
Step: 578500, Returns: 15.630, Epsilon: 0.0100
Step: 578600, Returns: 15.640, Epsilon: 0.0100
Step: 578700, Returns: 15.640, Epsilon: 0.0100
Step: 578800, Returns: 15.640, Epsilon: 0.0100
Step: 578900, Returns: 15.640, Epsilon: 0.0100
Step: 579000, Returns: 15.690, Epsilon: 0.0100
Updating target network...
Step: 579100, Returns: 15.710, Epsilon: 0.0100
Step: 579200, Returns: 15.730, Epsilon: 0.0100
Step: 579300, Returns: 15.750, Epsilon: 0.0100
Step: 579400, Returns: 15.750, Epsilon: 0.0100
Step: 579500, Returns: 15.750, Epsilon: 0.0100
Step: 579600, Returns: 15.760, Epsilon: 0.0100
Step: 579700, Returns: 15.790, Epsilon: 0.0100
Step: 579800, Returns: 15.790, Epsilon: 0.0100
Step: 579900, Returns: 15.790, Epsilon: 0.0100
Step: 580000, Returns: 15.790, Epsilon: 0.0100
Step: 580100, Returns: 15.790, Epsilon: 0.0100
Step: 580200, Returns: 15.790, Epsilon: 0.0100
Step: 580300, Returns: 15.800, Epsilon: 0.0100
Updating target network...
Step: 580400, Returns: 15.770, Epsilon: 0.0100
Step: 580500, Returns: 15.770, Epsilon: 0.0100
Step: 580600, Returns: 15.760, Epsilon: 0.0100
Step: 580700, Returns: 15.790, Epsilon: 0.0100
Step: 580800, Returns: 15.810, Epsilon: 0.0100
Step: 580900, Returns: 15.810, Epsilon: 0.0100
Step: 581000, Returns: 15.880, Epsilon: 0.0100
Step: 581100, Returns: 15.940, Epsilon: 0.0100
Step: 581200, Returns: 15.940, Epsilon: 0.0100
Step: 581300, Returns: 15.940, Epsilon: 0.0100
Step: 581400, Returns: 15.940, Epsilon: 0.0100
Step: 581500, Returns: 15.890, Epsilon: 0.0100
Updating target network...
Step: 581600, Returns: 15.890, Epsilon: 0.0100
Step: 581700, Returns: 15.890, Epsilon: 0.0100
Step: 581800, Returns: 15.890, Epsilon: 0.0100
Step: 581900, Returns: 15.890, Epsilon: 0.0100
Step: 582000, Returns: 15.840, Epsilon: 0.0100
Step: 582100, Returns: 15.860, Epsilon: 0.0100
Step: 582200, Returns: 15.830, Epsilon: 0.0100
Step: 582300, Returns: 15.830, Epsilon: 0.0100
Step: 582400, Returns: 15.830, Epsilon: 0.0100
Step: 582500, Returns: 15.830, Epsilon: 0.0100
Step: 582600, Returns: 15.870, Epsilon: 0.0100
Step: 582700, Returns: 15.870, Epsilon: 0.0100
Step: 582800, Returns: 15.900, Epsilon: 0.0100
Updating target network...
Step: 582900, Returns: 15.930, Epsilon: 0.0100
Step: 583000, Returns: 15.930, Epsilon: 0.0100
Step: 583100, Returns: 15.950, Epsilon: 0.0100
Target score reached! Saving model and exiting.
